class,fn_name,address,reversed,locked,type
cTransmission,CalculateDriveAcceleration,0x006D05E0,1,0,S
cTransmission,CalculateGearForSimpleCar,0x006D0530,1,0,S
cTransmission,DisplayGearRatios,0x006D0590,1,0,S
cTransmission,InitGearRatios,0x006D0460,1,0,S
cHandlingDataMgr,ConvertBikeDataToGameUnits,0x006F5290,1,0,S
cHandlingDataMgr,ConvertBikeDataToWorldUnits,0x006F5240,1,0,S
cHandlingDataMgr,ConvertDataToGameUnits,0x006F5080,1,0,S
cHandlingDataMgr,ConvertDataToWorldUnits,0x006F5010,1,0,S
cHandlingDataMgr,FindExactWord,0x006F4F30,1,0,S
cHandlingDataMgr,GetBoatPointer,0x006F5300,1,0,S
cHandlingDataMgr,GetFlyingPointer,0x006F52D0,1,0,S
cHandlingDataMgr,GetHandlingId,0x006F4FD0,1,0,S
cHandlingDataMgr,HasFrontWheelDrive,0x006A0480,1,0,S
cHandlingDataMgr,HasRearWheelDrive,0x006A04B0,1,0,S
cHandlingDataMgr,LoadHandlingData,0x005BD830,1,0,S
cBuoyancy,AddSplashParticles,0x006C34E0,1,0,S
cBuoyancy,CalcBuoyancyForce,0x006C2750,1,0,S
cBuoyancy,FindWaterLevel,0x006C2810,1,0,S
cBuoyancy,FindWaterLevelNorm,0x006C28C0,1,0,S
cBuoyancy,PreCalcSetup,0x006C2B90,1,0,S
cBuoyancy,ProcessBuoyancy,0x006C3EF0,1,0,S
cBuoyancy,ProcessBuoyancyBoat,0x006C3030,1,0,S
cBuoyancy,SimpleCalcBuoyancy,0x006C3B00,1,0,S
cBuoyancy,SimpleSumBuoyancyData,0x006C2970,1,0,S
WaterCreature_c,Exit,0x006E3E60,1,0,S
WaterCreature_c,Init,0x006E4160,1,0,S
WaterCreature_c,Update,0x006E4670,1,0,S
WaterCreatureManager_c,CanAddWaterCreatureAtPos,0x006E4510,1,0,S
WaterCreatureManager_c,Exit,0x006E3FD0,1,0,S
WaterCreatureManager_c,GetRandomWaterCreatureId,0x006E4040,1,0,S
WaterCreatureManager_c,Init,0x006E3F90,1,0,S
WaterCreatureManager_c,TryToExitGroup,0x006E45B0,1,0,S
WaterCreatureManager_c,TryToFreeUpWaterCreatures,0x006E40E0,1,0,S
WaterCreatureManager_c,Update,0x006E4F10,1,0,S
VideoMode,FreeVideoModeList,0x00745A80,1,0,S
VideoMode,GetVideoModeList,0x00745AF0,1,0,S
VideoMode,IsVideoModeExclusive,0x00745CA0,1,0,S
VideoMode,SetVideoMode,0x00745C70,1,0,S
SurfaceInfos_c,CanClimb,0x0055EA10,1,0,S
SurfaceInfos_c,CantSprintOn,0x0055E870,1,0,S
SurfaceInfos_c,CreatesObjects,0x0055E9F0,1,0,S
SurfaceInfos_c,CreatesPlants,0x0055E9D0,1,0,S
SurfaceInfos_c,CreatesSparks,0x0055E850,1,0,S
SurfaceInfos_c,CreatesWheelDust,0x0055E970,1,0,S
SurfaceInfos_c,CreatesWheelGrass,0x0055E910,1,0,S
SurfaceInfos_c,CreatesWheelGravel,0x0055E930,1,0,S
SurfaceInfos_c,CreatesWheelMud,0x0055E950,1,0,S
SurfaceInfos_c,CreatesWheelSand,0x0055E990,1,0,S
SurfaceInfos_c,CreatesWheelSpray,0x0055E9B0,1,0,S
SurfaceInfos_c,GetAdhesionGroup,0x0055E5C0,1,0,S
SurfaceInfos_c,GetAdhesiveLimit,0x0055EB50,1,0,S
SurfaceInfos_c,GetBulletFx,0x0055E670,1,0,S
SurfaceInfos_c,GetFlammability,0x0055E830,1,0,S
SurfaceInfos_c,GetFrictionEffect,0x0055E650,1,0,S
SurfaceInfos_c,GetRoughness,0x0055E810,1,0,S
SurfaceInfos_c,GetSkidmarkType,0x0055E630,1,0,S
SurfaceInfos_c,GetSurfaceIdFromName,0x0055D220,1,0,S
SurfaceInfos_c,GetTyreGrip,0x0055E5E0,1,0,S
SurfaceInfos_c,GetWetMultiplier,0x0055E600,1,0,S
SurfaceInfos_c,Init,0x0055F420,1,0,S
SurfaceInfos_c,IsAudioConcrete,0x0055EA30,1,0,S
SurfaceInfos_c,IsAudioGrass,0x0055EA50,1,0,S
SurfaceInfos_c,IsAudioGravel,0x0055EA90,1,0,S
SurfaceInfos_c,IsAudioLongGrass,0x0055EB10,1,0,S
SurfaceInfos_c,IsAudioMetal,0x0055EAF0,1,0,S
SurfaceInfos_c,IsAudioSand,0x0055EA70,1,0,S
SurfaceInfos_c,IsAudioTile,0x0055EB30,1,0,S
SurfaceInfos_c,IsAudioWater,0x0055EAD0,1,0,S
SurfaceInfos_c,IsAudioWood,0x0055EAB0,1,0,S
SurfaceInfos_c,IsBeach,0x0055E750,1,0,S
SurfaceInfos_c,IsGlass,0x0055E790,1,0,S
SurfaceInfos_c,IsPavement,0x0055E7F0,1,0,S
SurfaceInfos_c,IsSand,0x0055E6F0,1,0,S
SurfaceInfos_c,IsSeeThrough,0x0055E6B0,1,0,S
SurfaceInfos_c,IsShallowWater,0x0055E730,1,0,S
SurfaceInfos_c,IsShootThrough,0x0055E6D0,1,0,S
SurfaceInfos_c,IsSkateable,0x0055E7D0,1,0,S
SurfaceInfos_c,IsSoftLanding,0x0055E690,1,0,S
SurfaceInfos_c,IsStairs,0x0055E7B0,1,0,S
SurfaceInfos_c,IsSteepSlope,0x0055E770,1,0,S
SurfaceInfos_c,IsWater,0x0055E710,1,0,S
SurfaceInfos_c,LeavesFootsteps,0x0055E890,1,0,S
SurfaceInfos_c,MakesCarClean,0x0055E8F0,1,0,S
SurfaceInfos_c,MakesCarDirty,0x0055E8D0,1,0,S
SurfaceInfos_c,ProducesFootDust,0x0055E8B0,1,0,S
Securom,SecuromDisplayInit,0x00744A70,1,0,S
Securom,SecuromStateDisplay,0x00744AE0,1,0,S
RwHelper,AtomicRemoveAnimFromSkinCB,0x00734B90,1,0,S
RwHelper,Get2DEffectAtomic,0x00734880,1,0,S
RwHelper,GetAnimHierarchyFromClump,0x00734B10,1,0,S
RwHelper,GetAnimHierarchyFromSkinClump,0x00734A40,1,0,S
RwHelper,GetEventGlobalGroup,0x004ABA50,1,0,S
RwHelper,GetFirstAtomic,0x00734820,1,0,S
RwHelper,GetFirstAtomicCallback,0x00734810,1,0,S
RwHelper,GetFirstChild,0x00734900,1,0,S
RwHelper,GetFirstFrameCallback,0x007348F0,1,0,S
RwHelper,GetFirstObject,0x007348C0,1,0,S
RwHelper,GetFirstObjectCallback,0x007348B0,1,0,S
RwHelper,GetNameAndDamage,0x005370A0,1,0,S
RwHelper,RemoveRefsCB,0x007226D0,1,0,S
RwHelper,RpAtomicConvertGeometryToTL,0x00734BE0,1,0,S
RwHelper,RpAtomicConvertGeometryToTS,0x00734C20,1,0,S
RwHelper,RpClumpConvertGeometryToTL,0x00734CB0,1,0,S
RwHelper,RpClumpConvertGeometryToTS,0x00734D30,1,0,S
RwHelper,SetFilterModeOnAtomicsTextures,0x00734D80,1,0,S
RwHelper,SetFilterModeOnClumpsTextures,0x00734DC0,1,0,S
RwHelper,SkinAtomicGetHAnimHierarchCB,0x00734A20,1,0,S
RwHelper,atomicConvertGeometryToTL,0x00734C60,1,0,S
RwHelper,atomicConvertGeometryToTS,0x00734CE0,1,0,S
RwHelper,forceLinearFilteringAtomicsCB,0x00734DA0,1,0,S
RwHelper,forceLinearFilteringMatTexturesCB,0x00734D60,1,0,S
Rs,RsAlwaysOnTop,0x00619460,1,0,S
Rs,RsCameraBeginUpdate,0x00619450,1,0,S
Rs,RsErrorMessage,0x00619B00,1,0,S
Rs,RsEventHandler,0x00619B60,1,0,S
Rs,RsGrabScreen,0x00619AF0,1,0,S
Rs,RsInitialize,0x00619600,1,0,S
Rs,RsInputDeviceAttach,0x006194C0,1,0,S
Rs,RsKeyFromScanCode,0x006193F0,1,0,S
Rs,RsKeyboardEventHandler,0x00619560,1,0,S
Rs,RsMouseEventHandler,0x00619580,1,0,S
Rs,RsMouseSetPos,0x006194A0,1,0,S
Rs,RsMouseSetVisibility,0x00619490,1,0,S
Rs,RsPadEventHandler,0x006195A0,1,0,S
Rs,RsPathGetSeparator,0x00619430,1,0,S
Rs,RsPathnameCreate,0x006195D0,1,0,S
Rs,RsPathnameDestroy,0x006195C0,1,0,S
Rs,RsRegisterImageLoader,0x00619470,1,0,S
Rs,RsRwInitialize,0x00619C90,1,0,S
Rs,RsRwTerminate,0x006195E0,1,0,S
Rs,RsSelectDevice,0x006194B0,1,0,S
Rs,RsSetDebug,0x00619480,1,0,S
Rs,RsTerminate,0x006195F0,1,0,S
Rs,RsTimer,0x00619410,1,0,S
Rs,RsWarningMessage,0x00619B30,1,0,S
Rs,RsWindowSetText,0x00619420,1,0,S
Rs,rsCommandLine,0x00619510,1,0,S
Rs,rsPreInitCommandLine,0x00619530,1,0,S
RenderBuffer,ClearRenderBuffer,0x00707790,1,0,S
RenderBuffer,RenderStuffInBuffer,0x00707800,1,0,S
RenderBuffer,StartStoring,0x00708290,1,0,S
RenderBuffer,StopStoring,0x007077A0,1,0,S
ModelIndices,InitModelIndices,0x005BCA10,1,0,S
ModelIndices,MatchAllModelStrings,0x005B57C0,1,0,S
IKChain_c,ClampLimits,0x00618520,1,0,S
IKChain_c,Exit,0x00617870,1,0,S
IKChain_c,GetBoneNodeFromTag,0x00617C60,1,0,S
IKChain_c,GetBoneSpeed,0x00618630,1,0,S
IKChain_c,GetLimits,0x00618590,1,0,S
IKChain_c,GetPriority,0x00617C50,1,0,S
IKChain_c,Init,0x00618370,1,0,S
IKChain_c,IsAtTarget,0x00617F30,1,0,S
IKChain_c,IsFacingTarget,0x00617E60,1,0,S
IKChain_c,MoveBonesToTarget,0x006178B0,1,0,S
IKChain_c,SetBlend,0x00617C10,1,0,S
IKChain_c,SetBoneSpeed,0x00618680,1,0,S
IKChain_c,SetLimits,0x006185E0,1,0,S
IKChain_c,SetOffsetBoneTag,0x00617C20,1,0,S
IKChain_c,SetOffsetPos,0x00617C30,1,0,S
IKChain_c,SetupBones,0x00617CA0,1,0,S
IKChain_c,Update,0x006184B0,1,0,S
IKChain_c,UpdateEntity,0x00617E00,1,0,S
IKChain_c,UpdateOffset,0x00617E20,1,0,S
IKChain_c,UpdateTarget,0x00617E50,1,0,S
IKChainManager_c,AbortLookAt,0x00618280,1,0,S
IKChainManager_c,AbortPointArm,0x006182F0,1,0,S
IKChainManager_c,AddIKChain,0x00618750,1,0,S
IKChainManager_c,CanAccept,0x00618800,1,0,S
IKChainManager_c,CanAcceptLookAt,0x006188B0,1,0,S
IKChainManager_c,Exit,0x006180D0,1,0,S
IKChainManager_c,GetLookAtEntity,0x006181D0,1,0,S
IKChainManager_c,GetLookAtOffset,0x00618210,1,0,S
IKChainManager_c,Init,0x006180A0,1,0,S
IKChainManager_c,IsArmPointing,0x006182B0,1,0,S
IKChainManager_c,IsFacingTarget,0x00618330,1,0,S
IKChainManager_c,IsLooking,0x006181A0,1,0,S
IKChainManager_c,LookAt,0x00618970,1,0,S
IKChainManager_c,PointArm,0x00618B60,1,0,S
IKChainManager_c,RemoveIKChain,0x00618170,1,0,S
IKChainManager_c,Reset,0x00618140,1,0,S
IKChainManager_c,Update,0x006186D0,1,0,S
CdStream,CdStreamGetStatus,0x004063E0,1,0,S
CdStream,CdStreamInit,0x00406B70,1,0,S
CdStream,CdStreamInitThread,0x004068F0,1,0,S
CdStream,CdStreamOpen,0x004067B0,1,0,S
CdStream,CdStreamRead,0x00406A20,1,0,S
CdStream,CdStreamRemoveImages,0x00406690,1,0,S
CdStream,CdStreamShutdown,0x00406370,1,0,S
CdStream,CdStreamSync,0x00406460,1,0,S
CdStream,CdStreamThread,0x00406560,1,0,S
C_PcSave,DeleteSlot,0x006190D0,1,0,S
C_PcSave,GenerateGameFilename,0x006190A0,0,1,S
C_PcSave,PopulateSlotInfo,0x00619140,1,0,S
C_PcSave,SaveSlot,0x00619060,1,0,S
C_PcSave,SetSaveDirectory,0x00619040,1,0,S
CWorld,Add,0x00563220,1,0,S
CWorld,CallOffChaseForArea,0x00566A60,1,0,S
CWorld,CallOffChaseForAreaSectorListPeds,0x00563D00,1,0,S
CWorld,CallOffChaseForAreaSectorListVehicles,0x00563A80,1,0,S
CWorld,CameraToIgnoreThisObject,0x00563F40,1,0,S
CWorld,CastShadowSectorList<CPtrListDoubleLink<CPhysical*>>,0x00563390,1,0,S
CWorld,ClearCarsFromArea,0x00566610,1,0,S
CWorld,ClearExcitingStuffFromArea,0x0056A0D0,1,0,S
CWorld,ClearForRestart,0x00564360,1,0,S
CWorld,ClearPedsFromArea,0x005667F0,1,0,S
CWorld,ClearScanCodes,0x00563470,1,0,S
CWorld,ExtinguishAllCarFiresInArea,0x00566950,1,0,S
CWorld,FindGroundZFor3DCoord,0x005696C0,1,0,S
CWorld,FindGroundZForCoord,0x00569660,1,0,S
CWorld,FindLodOfTypeInRange,0x00564ED0,1,0,S
CWorld,FindLowestZForCoord,0x005697F0,1,0,S
CWorld,FindMissionEntitiesIntersectingCube,0x00569240,1,0,S
CWorld,FindMissionEntitiesIntersectingCubeSectorList<CPtrListDoubleLink<CPhysical*>>,0x00565300,1,0,S
CWorld,FindNearestObjectOfType,0x005693F0,1,0,S
CWorld,FindNearestObjectOfTypeSectorList<CPtrListDoubleLink<CPhysical*>>,0x00565450,1,0,S
CWorld,FindObjectsInRange,0x00564A20,1,0,S
CWorld,FindObjectsInRangeSectorList<CPtrListDoubleLink<CPhysical*>>,0x00563500,1,0,S
CWorld,FindObjectsIntersectingAngledCollisionBox,0x00568FF0,1,0,S
CWorld,FindObjectsIntersectingAngledCollisionBoxSectorList<CPtrListDoubleLink<CPhysical*>>,0x00565200,1,0,S
CWorld,FindObjectsIntersectingCube,0x00568DD0,1,0,S
CWorld,FindObjectsIntersectingCubeSectorList<CPtrListDoubleLink<CPhysical*>>,0x005650E0,1,0,S
CWorld,FindObjectsKindaColliding,0x00568B80,1,0,S
CWorld,FindObjectsKindaCollidingSectorList<CPtrListDoubleLink<CPhysical*>>,0x00565000,1,0,S
CWorld,FindObjectsOfTypeInRange,0x00564C70,1,0,S
CWorld,FindObjectsOfTypeInRangeSectorList<CPtrListDoubleLink<CPhysical*>>,0x005635C0,1,0,S
CWorld,FindPlayerCentreOfWorld,0x0056E250,1,0,S
CWorld,FindPlayerCentreOfWorldForMap,0x0056E400,1,0,S
CWorld,FindPlayerCentreOfWorld_NoSniperShift,0x0056E320,1,0,S
CWorld,FindPlayerCoors,0x0056E010,1,0,S
CWorld,FindPlayerEntity,0x0056E120,1,0,S
CWorld,FindPlayerHeading,0x0056E450,1,0,S
CWorld,FindPlayerPed,0x0056E210,1,0,S
CWorld,FindPlayerSlotWithPedPointer,0x00563FA0,1,0,S
CWorld,FindPlayerSlotWithVehiclePointer,0x00563FD0,1,0,S
CWorld,FindPlayerSpeed,0x0056E090,1,0,S
CWorld,FindPlayerTrain,0x0056E160,1,0,S
CWorld,FindPlayerVehicle,0x0056E0D0,1,0,S
CWorld,FindPlayerWanted,0x0056E230,1,0,S
CWorld,FindRoofZFor3DCoord,0x00569750,1,0,S
CWorld,FindUnsuspectingTargetCar,0x00566C90,1,0,S
CWorld,FindUnsuspectingTargetPed,0x00566DA0,1,0,S
CWorld,GetCurrentScanCode,0x00407250,1,0,S
CWorld,GetIsLineOfSightClear,0x0056A490,1,0,S
CWorld,GetIsLineOfSightSectorClear,0x00568AD0,1,0,S
CWorld,GetIsLineOfSightSectorListClear<CPtrListDoubleLink<CPhysical*>>,0x00564970,1,0,S
CWorld,GetLodPtrList,0x004072C0,1,0,S
CWorld,GetRepeatSector,0x004072A0,1,0,S
CWorld,GetSector,0x00407260,1,0,S
CWorld,Initialise,0x005631E0,1,0,S
CWorld,PrintCarChanges,0x00566420,1,0,S
CWorld,Process,0x005684A0,1,0,S
CWorld,ProcessAttachedEntities,0x005647F0,1,0,S
CWorld,ProcessForAnimViewer,0x005633D0,1,0,S
CWorld,ProcessLineOfSight,0x0056BA00,1,0,S
CWorld,ProcessLineOfSightSector,0x0056B5E0,1,0,S
CWorld,ProcessLineOfSightSectorList<CPtrListDoubleLink<CPhysical*>>,0x00566EE0,1,0,S
CWorld,ProcessPedsAfterPreRender,0x00563430,1,0,S
CWorld,ProcessVerticalLine,0x005674E0,1,0,S
CWorld,ProcessVerticalLineSector,0x00564500,1,0,S
CWorld,ProcessVerticalLineSectorList<CPtrListDoubleLink<CPhysical*>>,0x005632B0,1,0,S
CWorld,ProcessVerticalLineSectorList_FillGlobeColPoints<CPtrListDoubleLink<CPhysical*>>,0x005636A0,1,0,S
CWorld,ProcessVerticalLineSector_FillGlobeColPoints,0x00564420,1,0,S
CWorld,ProcessVerticalLine_FillGlobeColPoints,0x00567620,1,0,S
CWorld,Remove,0x00563280,1,0,S
CWorld,RemoveEntityInsteadOfProcessingIt,0x00563A10,1,0,S
CWorld,RemoveFallenCars,0x00565E80,1,0,S
CWorld,RemoveFallenPeds,0x00565CB0,1,0,S
CWorld,RemoveReferencesToDeletedObject,0x00565510,1,0,S
CWorld,RemoveStaticObjects,0x00563840,1,0,S
CWorld,RepositionCertainDynamicObjects,0x0056B9C0,1,0,S
CWorld,RepositionOneObject,0x00569850,1,0,S
CWorld,ResetLineTestOptions,0x005631C0,1,0,S
CWorld,SetAllCarsCanBeDamaged,0x005668F0,1,0,S
CWorld,SetCarsOnFire,0x005659F0,1,0,S
CWorld,SetPedsChoking,0x00565800,1,0,S
CWorld,SetPedsOnFire,0x00565610,1,0,S
CWorld,SetWorldOnFire,0x0056B910,1,0,S
CWorld,ShutDown,0x00564050,1,0,S
CWorld,SprayPaintWorld,0x00565B70,1,0,S
CWorld,StopAllLawEnforcersInTheirTracks,0x00566C10,1,0,S
CWorld,TestForBuildingsOnTopOfEachOther-Void,0x005664A0,1,0,S
CWorld,TestForBuildingsOnTopOfEachOther<CPtrListDoubleLink<CPhysical*>>-,0x00563950,1,0,S
CWorld,TestForUnusedModels-,0x00566510,1,0,S
CWorld,TestForUnusedModels<CPtrListDoubleLink<CPhysical*>>-InputArray,0x005639D0,1,0,S
CWorld,TestSphereAgainstSectorList<CPtrListDoubleLink<CPhysical*>>,0x00566140,1,0,S
CWorld,TestSphereAgainstWorld,0x00569E20,1,0,S
CWorld,TriggerExplosion,0x0056B790,1,0,S
CWorld,TriggerExplosionSectorList<CPtrListDoubleLink<CPhysical*>>,0x00567750,1,0,S
CWorld,UseDetonator,0x005660B0,1,0,S
CWindModifiers,FindWindModifier,0x0072C950,1,0,S
CWindModifiers,RegisterOne,0x0072C8B0,1,0,S
CWeather,AddRain,0x0072A9A0,0,1,S
CWeather,AddSandStormParticles,0x0072A820,1,0,S
CWeather,FindWeatherTypesList,0x0072A520,1,0,S
CWeather,ForceWeather,0x0072A4E0,1,0,S
CWeather,ForceWeatherNow,0x0072A4F0,1,0,S
CWeather,ForecastWeather,0x0072A590,0,1,S
CWeather,Init,0x0072A480,1,0,S
CWeather,IsRainy,0x004ABF50,1,0,S
CWeather,ReleaseWeather,0x0072A510,1,0,S
CWeather,RenderRainStreaks,0x0072AF70,1,0,S
CWeather,SetWeatherToAppropriateTypeNow,0x0072A790,1,0,S
CWeather,Update,0x0072B850,0,1,S
CWeather,UpdateInTunnelness,0x0072B630,1,0,S
CWeaponInfo,FindWeaponFireType,0x005BCF30,1,0,S
CWeaponInfo,FindWeaponType,0x00743D10,1,0,S
CWeaponInfo,GetCrouchReloadAnimationID,0x00685700,1,0,S
CWeaponInfo,GetSkillStatIndex,0x00743CD0,1,0,S
CWeaponInfo,GetTargetHeadRange,0x00743D50,1,0,S
CWeaponInfo,GetWeaponInfo-original,0x00743C60,1,0,S
CWeaponInfo,GetWeaponReloadTime,0x00743D70,1,0,S
CWeaponInfo,Initialise,0x005BF750,1,0,S
CWeaponInfo,LoadWeaponData,0x005BE670,1,0,S
CWeaponInfo,Shutdown,0x00743C50,1,0,S
CWeaponEffects,ClearCrossHair,0x00742C60,1,0,S
CWeaponEffects,ClearCrossHairImmediately,0x00742CA0,1,0,S
CWeaponEffects,ClearCrossHairs,0x00742C80,1,0,S
CWeaponEffects,ClearCrossHairsImmediately,0x00742CC0,1,0,S
CWeaponEffects,Init,0x00742AB0,1,0,S
CWeaponEffects,IsLockedOn,0x00742BD0,1,0,S
CWeaponEffects,MarkTarget,0x00742BF0,1,0,S
CWeaponEffects,Render,0x00742CF0,0,1,S
CWeaponEffects,Shutdown,0x00742B80,1,0,S
CWeapon,AddGunshell,0x0073A3E0,1,0,S
CWeapon,CanBeUsedFor2Player-Method,0x0073DEF0,1,0,S
CWeapon,CanBeUsedFor2Player-Static,0x0073B240,1,0,S
CWeapon,CheckForShootingVehicleOccupant,0x0073F480,0,1,S
CWeapon,Constructor,0x0073B430,1,0,S
CWeapon,DoBulletImpact,0x0073B550,1,0,S
CWeapon,DoDoomAiming,0x0073CDC0,1,0,S
CWeapon,DoDriveByAutoAiming,0x0073D720,0,1,S
CWeapon,DoTankDoomAiming,0x0073D1E0,0,1,S
CWeapon,DoWeaponEffect,0x0073E690,1,0,S
CWeapon,EvaluateTargetForHeatSeekingMissile,0x0073E560,1,0,S
CWeapon,FindNearestTargetEntityWithScreenCoors,0x0073E240,0,1,S
CWeapon,Fire,0x00742300,1,0,S
CWeapon,FireAreaEffect,0x0073E800,1,0,S
CWeapon,FireFromCar,0x0073FA20,1,0,S
CWeapon,FireInstantHit,0x0073FB10,0,1,S
CWeapon,FireInstantHitFromCar,0x0073EC40,0,1,S
CWeapon,FireInstantHitFromCar2,0x0073CBA0,1,0,S
CWeapon,FireM16_1stPerson,0x00741C00,1,0,S
CWeapon,FireOneInstantHitRound,0x0073AF00,1,0,S
CWeapon,FireProjectile,0x00741360,1,0,S
CWeapon,FireSniper,0x0073AAC0,1,0,S
CWeapon,GenerateDamageEvent,0x0073A530,1,0,S
CWeapon,HasWeaponAmmoToBeUsed,0x0073B2A0,1,0,S
CWeapon,Initialise,0x0073B4A0,1,0,S
CWeapon,InitialiseWeapons,0x0073A300,1,0,S
CWeapon,IsType2Handed,0x0073B1E0,1,0,S
CWeapon,IsTypeMelee,0x0073B1C0,1,0,S
CWeapon,IsTypeProjectile,0x0073B210,1,0,S
CWeapon,LaserScopeDot,0x0073A8D0,1,0,S
CWeapon,PickTargetForHeatSeekingMissile,0x0073F910,1,0,S
CWeapon,ProcessLineOfSight,0x0073B300,1,0,S
CWeapon,Reload,0x0073AEB0,1,0,S
CWeapon,SetUpPelletCol,0x0073C710,1,0,S
CWeapon,Shutdown,0x0073A380,1,0,S
CWeapon,ShutdownWeapons,0x0073A330,1,0,S
CWeapon,StopWeaponEffect,0x0073B360,1,0,S
CWeapon,TakePhotograph,0x0073C1F0,1,0,S
CWeapon,TargetWeaponRangeMultiplier,0x0073B380,1,0,S
CWeapon,Update,0x0073DB40,1,0,S
CWeapon,UpdateWeapons,0x0073A360,1,0,S
CWaterLevel,AddWaterLevelQuad,0x006E7EF0,1,0,S
CWaterLevel,AddWaterLevelTriangle,0x006E7D40,1,0,S
CWaterLevel,AddWaterLevelVertex,0x006E5A40,1,0,S
CWaterLevel,AddWaveToResult,0x006E81E0,0,1,S
CWaterLevel,BlockHit,0x006E6CA0,1,0,S
CWaterLevel,CalculateWavesOnlyForCoordinate,0x006E6EF0,1,0,S
CWaterLevel,FindNearestWaterAndItsFlow,0x006E9D70,0,1,S
CWaterLevel,GetWaterLevel-,0x006EB690,1,0,S
CWaterLevel,GetWaterLevelNoWaves,0x006E8580,0,1,S
CWaterLevel,MarkQuadsAndPolysToBeRendered,0x006E5810,1,0,S
CWaterLevel,PreRenderWater,0x006EB710,1,0,S
CWaterLevel,RenderBoatWakes,0x006ED9A0,1,0,S
CWaterLevel,RenderFlatWaterRectangle,0x006EBEC0,1,0,S
CWaterLevel,RenderFlatWaterRectangle_OneLayer,0x006E9940,1,0,S
CWaterLevel,RenderFlatWaterTriangle,0x006EE080,1,0,S
CWaterLevel,RenderFlatWaterTriangle_OneLayer,0x006E8ED0,1,0,S
CWaterLevel,RenderWakeSegment,0x006EA260,1,0,S
CWaterLevel,RenderWater,0x006EF650,0,1,S
CWaterLevel,RenderWaterFog,0x006E7760,0,1,S
CWaterLevel,RenderWaterRectangle,0x006EC5D0,1,0,S
CWaterLevel,RenderWaterTriangle,0x006EE240,1,0,S
CWaterLevel,ScanThroughBlocks,0x006E6D10,1,0,S
CWaterLevel,SetCameraRange,0x006E9C80,1,0,S
CWaterLevel,SetUpWaterFog,0x006EA9F0,1,0,S
CWaterLevel,Shutdown,0x006E59E0,1,0,S
CWaterLevel,SplitWaterRectangleAlongXLine,0x006E73A0,1,0,S
CWaterLevel,SplitWaterRectangleAlongYLine,0x006ED6D0,1,0,S
CWaterLevel,SplitWaterTriangleAlongXLine,0x006ECF00,1,0,S
CWaterLevel,SplitWaterTriangleAlongYLine,0x006EE5A0,1,0,S
CWaterLevel,WaterLevelInitialise,0x006EAE80,1,0,S
CWaterCannons,Init,0x00728C80,1,0,S
CWaterCannons,Render,0x00729B30,1,0,S
CWaterCannons,Update,0x0072A3C0,1,0,S
CWaterCannons,UpdateOne,0x00728CB0,1,0,S
CWaterCannon,Init,0x00728B40,1,0,S
CWaterCannon,PushPeds,0x007295E0,1,0,S
CWaterCannon,Render,0x00728DA0,1,0,S
CWaterCannon,Update_NewInput,0x00728C20,1,0,S
CWaterCannon,Update_OncePerFrame,0x0072A280,1,0,S
CWanted,AddCrimeToQ,0x00562000,1,0,S
CWanted,AreArmyRequired,0x00561F80,1,0,S
CWanted,AreFbiRequired,0x00561F60,1,0,S
CWanted,AreMiamiViceRequired,0x00561F30,1,0,S
CWanted,AreSwatRequired,0x00561F40,1,0,S
CWanted,CanCopJoinPursuit-func,0x00562F60,1,0,S
CWanted,CanCopJoinPursuit-method,0x00562FB0,1,0,S
CWanted,CheatWantedLevel,0x00562540,1,0,S
CWanted,ClearQdCrimes,0x00561FE0,1,0,S
CWanted,ClearWantedLevelAndGoOnParole,0x005625A0,1,0,S
CWanted,ComputePursuitCopToDisplace,0x00562B00,1,0,S
CWanted,Initialise,0x00562390,1,0,S
CWanted,InitialiseStaticVariables,0x00561C70,1,0,S
CWanted,IsClosestCop,0x005627D0,1,0,S
CWanted,IsInPursuit,0x00562330,1,0,S
CWanted,NumOfHelisRequired,0x00561FA0,1,0,S
CWanted,RegisterCrime,0x00562410,1,0,S
CWanted,RegisterCrime_Immediately,0x00562430,1,0,S
CWanted,RemoveExcessPursuitCops,0x00562C40,1,0,S
CWanted,RemovePursuitCop-func,0x00562300,1,0,S
CWanted,RemovePursuitCop-method,0x00562C10,1,0,S
CWanted,ReportCrimeNow,0x00562120,1,0,S
CWanted,Reset,0x00562400,1,0,S
CWanted,ResetPolicePursuit,0x00561FD0,1,0,S
CWanted,SetMaximumWantedLevel,0x00561E70,1,0,S
CWanted,SetPursuitCop,0x00563060,1,0,S
CWanted,SetWantedLevel,0x00562470,1,0,S
CWanted,SetWantedLevelNoDrop,0x00562570,1,0,S
CWanted,Update,0x00562C90,1,0,S
CWanted,UpdateCrimesQ,0x00562760,1,0,S
CWanted,UpdateEachFrame,0x00562360,1,0,S
CWanted,UpdateWantedLevel,0x00561C90,1,0,S
CWanted,WorkOutPolicePresence,0x005625F0,1,0,S
CVisibilityPlugins,AddWeaponPedForPC,0x005E46D0,1,0,S
CVisibilityPlugins,AtomicCopyConstructor,0x00732170,1,0,S
CVisibilityPlugins,AtomicDestructor,0x007321A0,1,0,S
CVisibilityPlugins,CalculateFadingAtomicAlpha,0x00732500,1,0,S
CVisibilityPlugins,ClearAtomicFlag,0x00732310,1,0,S
CVisibilityPlugins,ClearClumpForAllAtomicsFlag,0x00732350,1,0,S
CVisibilityPlugins,ClumpConstructor,0x00732E10,1,0,S
CVisibilityPlugins,ClumpCopyConstructor,0x00732200,1,0,S
CVisibilityPlugins,ClumpDestructor,0x00732220,1,0,S
CVisibilityPlugins,DefaultVisibilityCB,0x00732A30,1,0,S
CVisibilityPlugins,FrameConstructor,0x007321B0,1,0,S
CVisibilityPlugins,FrameCopyConstructor,0x007321D0,1,0,S
CVisibilityPlugins,FrameDestructor,0x007321F0,1,0,S
CVisibilityPlugins,FrustumSphereCB,0x00732A40,1,0,S
CVisibilityPlugins,GetAtomicId,0x00732370,1,0,S
CVisibilityPlugins,GetClumpAlpha,0x00732B20,1,0,S
CVisibilityPlugins,GetClumpModelInfo,0x00732AC0,1,0,S
CVisibilityPlugins,GetDistanceSquaredFromCamera-Frame,0x00732C80,1,0,S
CVisibilityPlugins,GetDistanceSquaredFromCamera-RwV3d,0x00732CC0,1,0,S
CVisibilityPlugins,GetDotProductWithCameraVector,0x007326D0,1,0,S
CVisibilityPlugins,GetFrameHierarchyId,0x00732A20,1,0,S
CVisibilityPlugins,GetModelInfo,0x00732260,1,0,S
CVisibilityPlugins,GetModelInfoIndex,0x00732250,1,0,S
CVisibilityPlugins,GetUserValue,0x007323A0,1,0,S
CVisibilityPlugins,InitAlphaAtomicList,0x00734530,1,0,S
CVisibilityPlugins,InitAlphaEntityList,0x00734540,1,0,S
CVisibilityPlugins,Initialise,0x00733A20,1,0,S
CVisibilityPlugins,InsertAtomicIntoReallyDrawLastList,0x00733E10,1,0,S
CVisibilityPlugins,InsertEntityIntoReallyDrawLastList,0x00733E50,1,0,S
CVisibilityPlugins,InsertEntityIntoSortedList,0x00734570,1,0,S
CVisibilityPlugins,InsertEntityIntoUnderwaterList,0x00733D90,1,0,S
CVisibilityPlugins,InsertObjectIntoSortedList,0x00733DD0,1,0,S
CVisibilityPlugins,IsAtomicVisible,0x00732990,1,0,S
CVisibilityPlugins,IsClumpVisible,0x00732AE0,1,0,S
CVisibilityPlugins,PluginAttach,0x00732E30,1,0,S
CVisibilityPlugins,RenderAlphaAtomics,0x00733E90,1,0,S
CVisibilityPlugins,RenderAtomicWithAlpha,0x00732480,1,0,S
CVisibilityPlugins,RenderAtomicWithAlphaCB,0x00732660,1,0,S
CVisibilityPlugins,RenderBoatAlphaAtomics,0x00733EC0,1,0,S
CVisibilityPlugins,RenderEntity,0x00732B40,1,0,S
CVisibilityPlugins,RenderFadingAtomic,0x00732610,1,0,S
CVisibilityPlugins,RenderFadingClump,0x00732680,1,0,S
CVisibilityPlugins,RenderFadingClumpCB,0x00733630,1,0,S
CVisibilityPlugins,RenderFadingEntities,0x00733F10,1,0,S
CVisibilityPlugins,RenderFadingUnderwaterEntities,0x007337D0,1,0,S
CVisibilityPlugins,RenderHeliRotorAlphaCB,0x007340B0,1,0,S
CVisibilityPlugins,RenderHeliTailRotorAlphaCB,0x00734170,1,0,S
CVisibilityPlugins,RenderObjNormalAtomic,0x007323E0,1,0,S
CVisibilityPlugins,RenderOrderedList,0x007337A0,1,0,S
CVisibilityPlugins,RenderPedCB,0x007335B0,1,0,S
CVisibilityPlugins,RenderPlayerCB,0x00732870,1,0,S
CVisibilityPlugins,RenderReallyDrawLastObjects,0x00733800,1,0,S
CVisibilityPlugins,RenderTrainHiDetailAlphaCB,0x00734240,1,0,S
CVisibilityPlugins,RenderTrainHiDetailCB,0x00733330,1,0,S
CVisibilityPlugins,RenderVehicleHiDetailAlphaCB,0x00733F80,1,0,S
CVisibilityPlugins,RenderVehicleHiDetailAlphaCB_BigVehicle,0x00734370,1,0,S
CVisibilityPlugins,RenderVehicleHiDetailAlphaCB_Boat,0x007344A0,1,0,S
CVisibilityPlugins,RenderVehicleHiDetailCB,0x00733240,1,0,S
CVisibilityPlugins,RenderVehicleHiDetailCB_BigVehicle,0x00733420,1,0,S
CVisibilityPlugins,RenderVehicleHiDetailCB_Boat,0x00733550,1,0,S
CVisibilityPlugins,RenderVehicleLoDetailCB_Boat,0x007334F0,1,0,S
CVisibilityPlugins,RenderVehicleReallyLowDetailCB,0x007331E0,1,0,S
CVisibilityPlugins,RenderVehicleReallyLowDetailCB_BigVehicle,0x00732820,1,0,S
CVisibilityPlugins,RenderWeaponCB,0x00733670,1,0,S
CVisibilityPlugins,RenderWeaponPedsForPC,0x00732F30,1,0,S
CVisibilityPlugins,RenderWheelAtomicCB,0x007323C0,1,0,S
CVisibilityPlugins,SetAlphaCB,0x007323B0,1,0,S
CVisibilityPlugins,SetAtomicFlag,0x007322B0,1,0,S
CVisibilityPlugins,SetAtomicId,0x00732290,1,0,S
CVisibilityPlugins,SetAtomicRenderCallback,0x007328A0,1,0,S
CVisibilityPlugins,SetClumpAlpha,0x00732B00,1,0,S
CVisibilityPlugins,SetClumpForAllAtomicsFlag,0x00732307,1,0,S
CVisibilityPlugins,SetClumpModelInfo,0x00733750,1,0,S
CVisibilityPlugins,SetFrameHierarchyId,0x00732A00,1,0,S
CVisibilityPlugins,SetModelInfoIndex,0x00732230,1,0,S
CVisibilityPlugins,SetRenderWareCamera,0x007328C0,1,0,S
CVisibilityPlugins,SetTextureCB,0x00732850,1,0,S
CVisibilityPlugins,SetUserValue,0x00732380,1,0,S
CVisibilityPlugins,SetupVehicleVariables,0x00733160,1,0,S
CVisibilityPlugins,Shutdown,0x00732EB0,1,0,S
CVisibilityPlugins,VehicleVisibilityCB,0x007336F0,1,0,S
CVisibilityPlugins,VehicleVisibilityCB_BigVehicle,0x00732AB0,1,0,S
CVisibilityPlugins,clearClumpForAllAtomicsFlagCB,0x00732330,1,0,S
CVisibilityPlugins,setClumpForAllAtomicsFlagCB,0x007322D0,1,0,S
CVehicleRecording,ChangeCarPlaybackToUseAI,0x0045A360,1,0,S
CVehicleRecording,FindIndexWithFileNameNumber,0x00459FF0,1,0,S
CVehicleRecording,HasRecordingFileBeenLoaded,0x0045A060,1,0,S
CVehicleRecording,Init,0x00459390,1,0,S
CVehicleRecording,InitAtStartOfGame,0x0045A1B0,1,0,S
CVehicleRecording,InterpolateInfoForCar,0x00459B30,1,0,S
CVehicleRecording,IsPlaybackGoingOnForCar,0x004594C0,1,0,S
CVehicleRecording,IsPlaybackPausedForCar,0x004595A0,1,0,S
CVehicleRecording,Load,0x0045A8F0,1,0,S
CVehicleRecording,PausePlaybackRecordedCar,0x00459740,1,0,S
CVehicleRecording,RegisterRecordingFile,0x00459F80,1,0,S
CVehicleRecording,RemoveAllRecordingsThatArentUsed,0x0045A160,1,0,S
CVehicleRecording,RemoveRecordingFile,0x0045A0A0,1,0,S
CVehicleRecording,Render,0x00459F70,1,1,S
CVehicleRecording,RenderLineSegment,0x00459F00,1,0,S
CVehicleRecording,RequestRecordingFile,0x0045A020,1,0,S
CVehicleRecording,RestoreInfoForCar,0x00459A30,1,0,S
CVehicleRecording,RestoreInfoForMatrix,0x00459960,1,0,S
CVehicleRecording,SaveOrRetrieveDataForThisFrame,0x0045A610,1,0,S
CVehicleRecording,SetPlaybackSpeed,0x00459660,1,0,S
CVehicleRecording,SetRecordingToPointClosestToCoors,0x0045A1E0,1,0,S
CVehicleRecording,ShutDown,0x00459400,1,0,S
CVehicleRecording,SkipForwardInRecording,0x00459D10,1,0,S
CVehicleRecording,SkipToEndAndStopPlaybackRecordedCar,0x0045A4A0,1,0,S
CVehicleRecording,SmoothRecording,0x0045A0F0,1,0,S
CVehicleRecording,StartPlaybackRecordedCar,0x0045A980,1,0,S
CVehicleRecording,StopPlaybackRecordedCar,0x0045A280,1,0,S
CVehicleRecording,StopPlaybackWithIndex,0x00459440,1,0,S
CVehicleRecording,UnpausePlaybackRecordedCar,0x00459850,1,0,S
CVehicleAnimGroupData,GetAnimDoorOffset,0x00645600,1,0,S
CVehicleAnimGroupData,GetGroupForAnim,0x00639FC0,1,0,S
CVehicleAnimGroupData,GetInOutTimings,0x00645630,1,0,S
CVehicleAnimGroupData,UsesKartDrivingAnims,0x006D09E0,1,0,S
CVehicleAnimGroupData,UsesTruckDrivingAnims,0x00639FE0,1,0,S
CVehicleAnimGroup,ComputeAnimDoorOffsets,0x006E3D10,1,0,S
CVehicleAnimGroup,ComputeCriticalBlendTime,0x006E3C80,1,0,S
CVehicleAnimGroup,CopyAnimGroup,0x005B9E40,1,0,S
CVehicleAnimGroup,GetGroup,0x006E3B00,1,0,S
CVehicleAnimGroup,InitAnimGroup,0x005B9EB0,1,0,S
CUserDisplay,Init,0x00571EE0,1,0,S
CUserDisplay,Process,0x005720A0,1,0,S
CUpsideDownCarCheck,AddCarToCheck,0x004638D0,1,0,S
CUpsideDownCarCheck,HasCarBeenUpsideDownForAWhile,0x00463940,1,0,S
CUpsideDownCarCheck,IsCarUpsideDown-vehicle,0x00463830,1,0,S
CUpsideDownCarCheck,RemoveCarFromCheck,0x00463910,1,0,S
CUpsideDownCarCheck,UpdateTimers,0x004655E0,1,0,S
CTxdStore,AddRef,0x00731A00,1,0,S
CTxdStore,AddTxdSlot,0x00731C80,1,0,S
CTxdStore,Create,0x00731990,1,0,S
CTxdStore,FindTxdSlot-hash,0x007318E0,1,0,S
CTxdStore,FindTxdSlot-name,0x00731850,1,0,S
CTxdStore,FinishLoadTxd,0x00731E40,1,0,S
CTxdStore,GameShutdown,0x00732060,1,0,S
CTxdStore,GetNumRefs,0x00731AA0,1,0,S
CTxdStore,GetParentTxdSlot,0x00408370,1,0,S
CTxdStore,GetTxd,0x00408340,1,0,S
CTxdStore,Initialise,0x00731F20,1,0,S
CTxdStore,LoadTxd-filename,0x007320B0,1,0,S
CTxdStore,LoadTxd-stream,0x00731DD0,1,0,S
CTxdStore,PopCurrentTxd,0x007316B0,1,0,S
CTxdStore,PushCurrentTxd,0x007316A0,1,0,S
CTxdStore,RemoveIfRefCountIsGreaterThanOne,0x00731680,1,0,S
CTxdStore,RemoveRef,0x00731A30,1,0,S
CTxdStore,RemoveRefWithoutDelete,0x00731A70,1,0,S
CTxdStore,RemoveTxd,0x00731E90,1,0,S
CTxdStore,RemoveTxdSlot,0x00731CD0,1,0,S
CTxdStore,SetCurrentTxd,0x007319C0,1,0,S
CTxdStore,SetupTxdParent,0x00731D50,1,0,S
CTxdStore,Shutdown,0x00732000,1,0,S
CTxdStore,StartLoadTxd,0x00731930,1,0,S
CTxdStore,TxdStoreFindCB,0x00731720,1,0,S
CTxdStore,TxdStoreLoadCB,0x00731710,1,0,S
CTrafficLights,DisplayActualLight,0x0049DAB0,1,0,S
CTrafficLights,FindOrientationForTrafficLightType,0x0049D520,1,0,S
CTrafficLights,FindTrafficLightType,0x0049D580,1,0,S
CTrafficLights,FindTrafficLightTypeFromOrientation,0x0049D4D0,1,0,S
CTrafficLights,IsMITrafficLight,0x0049D5A0,1,0,S
CTrafficLights,LightForCars1,0x0049D2D0,1,0,S
CTrafficLights,LightForCars1_Visual,0x0049D350,1,0,S
CTrafficLights,LightForCars2,0x0049D310,1,0,S
CTrafficLights,LightForCars2_Visual,0x0049D3A0,1,0,S
CTrafficLights,LightForPeds,0x0049D400,1,0,S
CTrafficLights,ShouldCarStopForBridge,0x0049D420,1,0,S
CTrafficLights,ShouldCarStopForLight,0x0049D610,1,0,S
CTimer,EndUserPause,0x00561B00,1,0,S
CTimer,GetCurrentTimeInCycles,0x00561A80,1,0,S
CTimer,GetCyclesPerFrame,0x00561A50,1,0,S
CTimer,GetCyclesPerMillisecond,0x00561A40,1,0,S
CTimer,GetIsSlowMotionActive,0x00561AD0,1,0,S
CTimer,Initialise,0x005617E0,1,0,S
CTimer,Resume,0x00561A00,1,0,S
CTimer,Shutdown,0x005618C0,1,0,S
CTimer,StartUserPause,0x00561AF0,1,0,S
CTimer,Stop,0x00561AA0,1,0,S
CTimer,Suspend,0x005619D0,1,0,S
CTimer,Update,0x00561B10,1,0,S
CTimer,UpdateVariables,0x005618D0,1,0,S
CTimeCycle,AddOne,0x0055FF40,1,0,S
CTimeCycle,CalcColoursForPoint,0x005603D0,1,0,S
CTimeCycle,FindFarClipForCoors,0x005616E0,1,0,S
CTimeCycle,FindTimeCycleBox,0x0055FFD0,1,0,S
CTimeCycle,GetAmbientBlue,0x00560350,1,0,S
CTimeCycle,GetAmbientBlue_BeforeBrightness,0x005603B0,1,0,S
CTimeCycle,GetAmbientBlue_Obj,0x00560380,1,0,S
CTimeCycle,GetAmbientGreen,0x00560340,1,0,S
CTimeCycle,GetAmbientGreen_BeforeBrightness,0x005603A0,1,0,S
CTimeCycle,GetAmbientGreen_Obj,0x00560370,1,0,S
CTimeCycle,GetAmbientRed,0x00560330,1,0,S
CTimeCycle,GetAmbientRed_BeforeBrightness,0x00560390,1,0,S
CTimeCycle,GetAmbientRed_Obj,0x00560360,1,0,S
CTimeCycle,InitForRestart,0x005601F0,1,0,S
CTimeCycle,Initialise,0x005BBAC0,1,0,S
CTimeCycle,SetConstantParametersForPostFX,0x00560210,1,0,S
CTimeCycle,Shutdown,0x005601E0,1,0,S
CTimeCycle,StartExtraColour,0x0055FEC0,1,0,S
CTimeCycle,StopExtraColour,0x0055FF20,1,0,S
CTimeCycle,Update,0x00561760,1,0,S
CTheZones,AssignZoneInfoForThisZone,0x00572180,1,0,S
CTheZones,Calc2DDistanceBetween2Zones,0x005725B0,1,0,S
CTheZones,CreateZone,0x005728A0,1,0,S
CTheZones,FillZonesWithGangColours,0x00572440,1,0,S
CTheZones,FindSmallestZoneForPosition,0x00572360,1,0,S
CTheZones,FindZone-,0x00572B80,1,0,S
CTheZones,FindZoneByLabel,0x00572C40,1,0,S
CTheZones,GetLevelFromPosition,0x00572300,1,0,S
CTheZones,GetMapZone,0x005725A0,1,0,S
CTheZones,GetNavigationZone,0x00572590,1,0,S
CTheZones,GetZoneInfo-,0x00572400,1,0,S
CTheZones,Init,0x00572670,1,0,S
CTheZones,InitZonesPopulationSettings,0x005720D0,1,0,S
CTheZones,Load,0x005D2F40,1,0,S
CTheZones,PointLiesWithinZone,0x00572270,1,0,S
CTheZones,PostZoneCreation,0x00572B70,1,0,S
CTheZones,ResetZonesRevealed,0x00572110,1,0,S
CTheZones,Save,0x005D2E60,1,0,S
CTheZones,SetZoneRadarColours,0x00572CC0,1,0,S
CTheZones,Update,0x00572D10,1,0,S
CTheZones,ZoneIsEntirelyContainedWithinOtherZone,0x00572220,1,0,S
CTheCarGenerators,CreateCarGenerator,0x006F31A0,1,0,S
CTheCarGenerators,Get,0x00479D60,1,0,S
CTheCarGenerators,Init,0x006F3270,1,0,S
CTheCarGenerators,Load,0x005D39B0,1,0,S
CTheCarGenerators,Process,0x006F3F40,1,0,S
CTheCarGenerators,RemoveCarGenerators,0x006F3240,1,0,S
CTheCarGenerators,Save,0x005D38C0,1,0,S
CTagManager,AddTag,0x0049CC90,1,0,S
CTagManager,FindTagDesc,0x0049CCB0,1,0,S
CTagManager,GetAlpha-Entity,0x0049CF90,1,0,S
CTagManager,GetAlpha-RpAtomic,0x0049CD40,1,0,S
CTagManager,GetNearestTag,0x0049D160,1,0,S
CTagManager,GetPercentageTagged,0x0049CDA0,1,0,S
CTagManager,GetPercentageTaggedInArea,0x0049D0B0,1,0,S
CTagManager,GetTagPos,0x0049CEA0,1,0,S
CTagManager,Init,0x0049CC50,1,0,S
CTagManager,IsTag,0x0049CCE0,1,0,S
CTagManager,Load,0x005D3DA0,1,0,S
CTagManager,RenderTagForPC,0x0049CE40,1,0,S
CTagManager,Save,0x005D3D60,1,0,S
CTagManager,SetAlpha-Entity,0x0049CEC0,1,0,S
CTagManager,SetAlpha-RpAtomic,0x0049CD30,1,0,S
CTagManager,SetAlphaInArea,0x0049CFE0,1,0,S
CTagManager,SetupAtomic,0x0049CE10,1,0,S
CTagManager,ShutdownForRestart,0x0049CC60,1,0,S
CTagManager,UpdateNumTagged,0x0049CDE0,1,0,S
CStuntJumpManager,AddOne,0x0049CB40,1,0,S
CStuntJumpManager,Init,0x0049CA50,1,0,S
CStuntJumpManager,Load,0x005D5920,1,0,S
CStuntJumpManager,Save,0x005D5570,1,0,S
CStuntJumpManager,Shutdown,0x0049CBC0,1,0,S
CStuntJumpManager,ShutdownForRestart,0x0049CB10,1,0,S
CStuntJumpManager,Update,0x0049C490,1,0,S
CStuckCarCheck,AddCarToCheck,0x00465970,1,0,S
CStuckCarCheck,AttemptToWarpVehicle,0x00463A60,1,0,S
CStuckCarCheck,ClearStuckFlagForCar,0x00463C40,1,0,S
CStuckCarCheck,HasCarBeenStuckForAWhile,0x00463C00,1,0,S
CStuckCarCheck,Init,0x004639E0,1,0,S
CStuckCarCheck,IsCarInStuckCarArray,0x00463C70,1,0,S
CStuckCarCheck,Process,0x00465680,1,0,S
CStuckCarCheck,RemoveCarFromCheck,0x00463B80,1,0,S
CStreamingInfo,AddToList,0x00407480,1,0,S
CStreamingInfo,GetCdPosn,0x00407570,1,0,S
CStreamingInfo,GetCdPosnAndSize,0x004075A0,1,0,S
CStreamingInfo,InList,0x00407560,1,0,S
CStreamingInfo,Init,0x00407460,1,0,S
CStreamingInfo,RemoveFromList,0x004074E0,1,0,S
CStreamingInfo,SetCdPosnAndSize,0x004075E0,1,0,S
CStreaming,AddEntity,0x00409650,1,0,S
CStreaming,AddImageToList,0x00407610,1,0,S
CStreaming,AddLodsToRequestList,0x0040C520,1,0,S
CStreaming,AddModelsToRequestList,0x0040D3F0,1,0,S
CStreaming,AddToLoadedVehiclesList,0x00408000,1,0,S
CStreaming,AreAnimsUsedByRequestedModels,0x00407AD0,1,0,S
CStreaming,AreTexturesUsedByRequestedModels,0x00409A90,1,0,S
CStreaming,ClearFlagForAll,0x00407A40,1,0,S
CStreaming,ClearSlots,0x0040BAA0,1,0,S
CStreaming,ConvertBufferToObject,0x0040C6B0,1,0,S
CStreaming,DeleteAllRwObjects,0x004090A0,1,0,S
CStreaming,DeleteLeastUsedEntityRwObject,0x00409760,1,0,S
CStreaming,DeleteRwObjectsAfterDeath,0x00409210,1,0,S
CStreaming,DeleteRwObjectsBehindCamera,0x0040D7C0,1,0,S
CStreaming,DeleteRwObjectsBehindCameraInSectorList<CPtrListSingleLink<CEntity*>>,0x00409940,1,0,S
CStreaming,DeleteRwObjectsInSectorList<CPtrListSingleLink<CEntity*>>,0x00407A70,1,0,S
CStreaming,DeleteRwObjectsNotInFrustumInSectorList<CPtrListSingleLink<CEntity*>>,0x004099E0,1,0,S
CStreaming,DisableCopBikes,0x00407D10,1,0,S
CStreaming,FindMIPedSlotForInterior,0x00407FB0,1,0,S
CStreaming,FinishLoadingLargeFile,0x00408CB0,1,0,S
CStreaming,FlushChannels,0x0040E460,1,0,S
CStreaming,FlushRequestList,0x0040E4E0,1,0,S
CStreaming,GetDefaultCabDriverModel,0x00407D50,1,0,S
CStreaming,GetDefaultCopCarModel,0x00407C50,1,0,S
CStreaming,GetDefaultCopModel,0x00407C00,1,0,S
CStreaming,GetDefaultFiremanModel,0x00407D40,1,0,S
CStreaming,GetDefaultMedicModel,0x00407D20,1,0,S
CStreaming,GetNextFileOnCd,0x00408E20,1,0,S
CStreaming,HasSpecialCharLoaded,0x00407F00,1,0,S
CStreaming,HasVehicleUpgradeLoaded,0x00407820,1,0,S
CStreaming,Init2,0x005B8AD0,1,0,S
CStreaming,InitImageList,0x004083C0,1,0,S
CStreaming,InstanceLoadedModels,0x004084F0,1,0,S
CStreaming,IsCarModelNeededInCurrentZone,0x00407DD0,1,0,S
CStreaming,IsVeryBusy,0x004076A0,1,0,S
CStreaming,Load,0x005D29E0,1,0,S
CStreaming,LoadAllRequestedModels,0x0040EA10,1,0,S
CStreaming,LoadCdDirectory-char,0x005B6170,1,0,S
CStreaming,LoadCdDirectory-void,0x005B82C0,1,0,S
CStreaming,LoadInitialPeds,0x0040D3D0,1,0,S
CStreaming,LoadInitialWeapons,0x0040A120,1,0,S
CStreaming,LoadRequestedModels,0x0040E3A0,1,0,S
CStreaming,LoadScene,0x0040EB70,1,0,S
CStreaming,LoadSceneCollision,0x0040ED80,1,0,S
CStreaming,LoadZoneVehicle,0x0040B4B0,1,0,S
CStreaming,MakeSpaceFor,0x0040E120,1,0,S
CStreaming,PossiblyStreamCarOutAfterCreation,0x0040BA70,1,0,S
CStreaming,ProcessEntitiesInSectorList<CPtrListSingleLink<CEntity*>>-,0x0040C270,1,0,S
CStreaming,ProcessLoadingChannel,0x0040E170,1,0,S
CStreaming,PurgeRequestList,0x0040C1E0,1,0,S
CStreaming,ReInit,0x0040E560,1,0,S
CStreaming,ReadIniFile,0x005BCCD0,1,0,S
CStreaming,ReclassifyLoadedCars,0x0040AFA0,1,0,S
CStreaming,RemoveAllUnusedModels,0x0040CF80,1,0,S
CStreaming,RemoveBigBuildings,0x004093B0,1,0,S
CStreaming,RemoveBuildingsNotInArea,0x004094B0,1,0,S
CStreaming,RemoveCarModel,0x004080F0,1,0,S
CStreaming,RemoveCurrentZonesModels,0x0040B080,1,0,S
CStreaming,RemoveDodgyPedsFromRandomSlots,0x0040BE60,1,0,S
CStreaming,RemoveEntity,0x00409710,1,0,S
CStreaming,RemoveInappropriatePedModels,0x0040B3A0,1,0,S
CStreaming,RemoveLeastUsedModel,0x0040CFD0,1,0,S
CStreaming,RemoveLoadedVehicle,0x0040C020,1,0,S
CStreaming,RemoveLoadedZoneModel,0x0040B340,1,0,S
CStreaming,RemoveModel,0x004089A0,1,0,S
CStreaming,RemoveReferencedTxds,0x0040D2F0,1,0,S
CStreaming,RemoveTxdModel,0x0040C180,1,0,S
CStreaming,RenderEntity,0x004096D0,1,0,S
CStreaming,RequestBigBuildings,0x00409430,1,0,S
CStreaming,RequestFile,0x0040A080,1,0,S
CStreaming,RequestFilesInChannel,0x00409050,1,0,S
CStreaming,RequestModel,0x004087E0,1,0,S
CStreaming,RequestModelStream,0x0040CBA0,1,0,S
CStreaming,RequestSpecialChar,0x0040B450,1,0,S
CStreaming,RequestSpecialModel,0x00409D10,1,0,S
CStreaming,RequestTxdModel,0x00407100,1,0,S
CStreaming,RequestVehicleUpgrade,0x00408C70,1,0,S
CStreaming,RetryLoadFile,0x004076C0,1,0,S
CStreaming,Save,0x005D29A0,1,0,S
CStreaming,SetMissionDoesntRequireModel,0x00409C90,1,0,S
CStreaming,SetModelIsDeletable,0x00409C10,1,0,S
CStreaming,Shutdown,0x004084B0,1,0,S
CStreaming,StreamAmbulanceAndMedic,0x0040A2A0,1,0,S
CStreaming,StreamCopModels,0x0040A150,1,0,S
CStreaming,StreamFireEngineAndFireman,0x0040A400,1,0,S
CStreaming,StreamOneNewCar,0x0040B4F0,1,0,S
CStreaming,StreamPedsForInterior,0x0040BBB0,1,0,S
CStreaming,StreamPedsIntoRandomSlots,0x0040BDA0,1,0,S
CStreaming,StreamVehiclesAndPeds,0x0040B700,1,0,S
CStreaming,StreamVehiclesAndPeds_Always,0x0040B650,1,0,S
CStreaming,StreamZoneModels,0x0040A560,1,0,S
CStreaming,StreamZoneModels_Gangs,0x0040AA10,1,0,S
CStreaming,Update,0x0040E670,1,0,S
CStreaming,WeAreTryingToPhaseVehicleOut,0x00407F80,1,0,S
CStencilShadows,GraphicsHighQuality,0x0070F9B0,1,0,S
CStencilShadows,Init,0x0070F9E0,1,0,S
CStencilShadows,Process,0x00711D90,1,0,S
CStencilShadows,RegisterStencilShadows,0x00711760,0,1,S
CStencilShadows,Render,0x00710D50,0,1,S
CStencilShadows,RenderBuffer,0x00710B50,1,0,S
CStencilShadows,RenderForObject,0x00710310,0,1,S
CStencilShadows,RenderForVehicle,0x0070FAE0,0,1,S
CStencilShadows,RenderStencilShadows,0x007113B0,1,0,S
CStencilShadows,Shutdown,0x00711390,1,0,S
CStencilShadows,SunSetPositionFromEntity,0x00710AF0,1,0,S
CStencilShadows,UpdateHierarchy,0x00710BC0,1,0,S
CStencilShadows,sub_710CC0,0x00710CC0,1,0,S
CStencilShadowObject,Constructor,0x0070F8D0,1,0,S
CStencilShadowObject,Destroy,0x00711310,1,0,S
CStencilShadowObject,Destructor,0x0070F8E0,1,0,S
CStats,CheckForThreshold,0x005595F0,1,0,S
CStats,ConvertToMins,0x00559540,1,0,S
CStats,ConvertToSecs,0x00559560,1,0,S
CStats,DecrementStat,0x00559FA0,1,0,S
CStats,DisplayScriptStatUpdateMessage,0x0055B980,1,0,S
CStats,FindCriminalRatingNumber,0x00559080,1,0,S
CStats,FindMaxNumberOfGroupMembers,0x00559A50,1,0,S
CStats,GetPercentageProgress,0x005591E0,1,0,S
CStats,GetStatID,0x00558DE0,1,0,S
CStats,GetStatValue--OG,0x00558E40,1,0,S
CStats,GetTimesMissionAttempted,0x00558E70,1,0,S
CStats,IncrementStat,0x0055C180,1,0,S
CStats,Init,0x0055C0C0,1,0,S
CStats,IsStatCapped,0x00559630,1,0,S
CStats,IsStatFloat,0x00558E30,1,0,S
CStats,Load,0x005D3BF0,1,0,S
CStats,LoadActionReactionStats,0x005599B0,1,0,S
CStats,ModifyStat,0x0055D090,1,0,S
CStats,ProcessReactionStatsOnDecrement,0x00559730,1,0,S
CStats,ProcessReactionStatsOnIncrement,0x0055B900,1,0,S
CStats,RegisterBestPosition,0x0055A160,1,0,S
CStats,RegisterFastestTime,0x0055A0B0,1,0,S
CStats,RegisterMissionAttempted,0x00558E80,1,0,S
CStats,RegisterMissionPassed,0x00558EA0,1,0,S
CStats,SafeToShowThisStat,0x00559590,1,0,S
CStats,Save,0x005D3B40,1,0,S
CStats,SetNewRecordStat,0x0055C410,1,0,S
CStats,SetStatValue,0x0055A070,1,0,S
CStats,UpdateStatsWhenFighting,0x0055CFA0,1,0,S
CStats,UpdateStatsWhenOnMotorBike,0x0055CD60,1,0,S
CStats,UpdateStatsWhenRunning,0x0055C6F0,1,0,S
CStats,UpdateStatsWhenSprinting,0x0055C660,1,0,S
CSprite2d,Constructor,0x00727230,1,0,S
CSprite2d,Delete,0x00727240,1,0,S
CSprite2d,Destructor,0x007281E0,1,0,S
CSprite2d,Draw-CRectCRGBA,0x00728350,1,0,S
CSprite2d,Draw-CRectCRGBA4,0x007284B0,1,0,S
CSprite2d,Draw-ffffCRGBA,0x007282C0,1,0,S
CSprite2d,Draw-ffffffffCRGBA,0x00728520,1,0,S
CSprite2d,Draw2DPolygon,0x007285B0,1,0,S
CSprite2d,DrawAnyRect,0x00727CC0,1,0,S
CSprite2d,DrawBarChart,0x00728640,1,0,S
CSprite2d,DrawCircleAtNearClip,0x00727D60,1,0,S
CSprite2d,DrawRect-CRGBA,0x00727B60,1,0,S
CSprite2d,DrawRect-CRGBA4,0x00727C10,1,0,S
CSprite2d,DrawRectXLU,0x00727C50,1,0,S
CSprite2d,DrawTxRect,0x00727BE0,1,0,S
CSprite2d,DrawWithBilinearOffset,0x007283B0,1,0,S
CSprite2d,InitPerFrame,0x00727350,1,0,S
CSprite2d,IsVertexBufferEmpty,0x00727390,1,0,S
CSprite2d,IsVertexBufferFull,0x007273A0,1,0,S
CSprite2d,RenderVertexBuffer,0x007273D0,1,0,S
CSprite2d,SetAddressing,0x00727320,1,0,S
CSprite2d,SetAddressingUV,0x007272E0,1,0,S
CSprite2d,SetMaskVertices,0x007279B0,1,0,S
CSprite2d,SetRecipNearClip,0x00727260,1,0,S
CSprite2d,SetRenderState,0x00727B30,1,0,S
CSprite2d,SetTexture-,0x00727270,1,0,S
CSprite2d,SetTexture-mask,0x007272B0,1,0,S
CSprite2d,SetVertices-CRectCRGBA4,0x00727420,1,0,S
CSprite2d,SetVertices-CRectCRGBA4ffffffff,0x00727710,1,0,S
CSprite2d,SetVertices-RwD3D9Vertex,0x00727A00,1,0,S
CSprite2d,SetVertices-ffffffffCRGBA,0x00727590,1,0,S
CSprite2d,SetVertices-ifCRGBA,0x00727920,1,0,S
CSprite2d,SetVertices-iffCRGBA,0x00727890,1,0,S
CSprite,CalcHorizonCoors,0x0070E3E0,1,0,S
CSprite,CalcScreenCoors,0x0070CE30,1,0,S
CSprite,FlushSpriteBuffer,0x0070CF20,1,0,S
CSprite,InitSpriteBuffer,0x0070CFB0,1,0,S
CSprite,Initialise,0x0070CE10,1,0,S
CSprite,RenderBufferedOneXLUSprite,0x0070E4A0,1,0,S
CSprite,RenderBufferedOneXLUSprite2D,0x0070F440,1,0,S
CSprite,RenderBufferedOneXLUSprite_Rotate_2Colours,0x0070EDE0,1,0,S
CSprite,RenderBufferedOneXLUSprite_Rotate_Aspect,0x0070E780,1,0,S
CSprite,RenderBufferedOneXLUSprite_Rotate_Dimension,0x0070EAB0,1,0,S
CSprite,RenderOneXLUSprite,0x0070D000,1,0,S
CSprite,RenderOneXLUSprite2D,0x0070F540,1,0,S
CSprite,RenderOneXLUSprite_Rotate_Aspect,0x0070D490,1,0,S
CSprite,RenderOneXLUSprite_Triangle,0x0070D320,1,0,S
CSprite,Set4Vertices2D-CRect,0x0070E1C0,1,0,S
CSpecialPlateHandler,Add,0x006F2D90,1,0,S
CSpecialPlateHandler,Find,0x006F2D30,1,0,S
CSpecialPlateHandler,Init,0x006F2D10,1,0,S
CSpecialPlateHandler,Remove,0x006F2DD0,1,0,S
CSpecialFX,AddWeaponStreak,0x007233F0,1,0,S
CSpecialFX,Init,0x007268F0,1,0,S
CSpecialFX,Render,0x00726AD0,1,0,S
CSpecialFX,Render2DFXs,0x00721660,1,0,S
CSpecialFX,ReplayStarted,0x00721D30,1,0,S
CSpecialFX,Shutdown,0x00723390,1,0,S
CSpecialFX,Update,0x00726AA0,1,0,S
CSkidmarks,Clear,0x00720590,1,0,S
CSkidmarks,Init,0x007204E0,1,0,S
CSkidmarks,RegisterOne-,0x00720930,1,0,S
CSkidmarks,RegisterOne-EC0,0x00720EC0,1,0,S
CSkidmarks,Render,0x00720640,1,0,S
CSkidmarks,Shutdown,0x00720570,1,0,S
CSkidmarks,Update,0x007205C0,1,0,S
CSimpleVariablesSaveStructure,Construct,0x005D1B80,1,0,S
CSimpleVariablesSaveStructure,Extract,0x005D1EA0,1,0,S
CShotInfo,AddShot,0x00739C30,1,0,S
CShotInfo,GetFlameThrowerShotPosn,0x00739DE0,1,0,S
CShotInfo,Initialise,0x00739B60,1,0,S
CShotInfo,Shutdown,0x00739C20,1,0,S
CShotInfo,Update,0x00739E60,1,0,S
CShopping,Buy,0x0049BF70,1,0,S
CShopping,FindItem,0x0049AD20,1,0,S
CShopping,FindSection,0x0049AE70,1,0,S
CShopping,FindSectionInSection,0x0049AF90,1,0,S
CShopping,GetExtraInfo,0x0049ADE0,1,0,S
CShopping,GetItemIndex,0x0049AB10,1,0,S
CShopping,GetKey,0x0049AB30,1,0,S
CShopping,GetNameTag,0x0049ADA0,1,0,S
CShopping,GetNextSection,0x0049AF10,1,0,S
CShopping,GetPrice,0x0049AD50,1,0,S
CShopping,GetPriceSectionFromName,0x0049AAD0,1,0,S
CShopping,HasPlayerBought,0x0049B5E0,1,0,S
CShopping,IncrementStat,0x0049BE70,1,0,S
CShopping,IncrementStat2,0x0049AFD0,1,0,S
CShopping,Init,0x0049C290,1,0,S
CShopping,Load,0x005D3E40,1,0,S
CShopping,LoadPrices,0x0049B8D0,1,0,S
CShopping,LoadShop,0x0049BBE0,1,0,S
CShopping,LoadStats,0x0049B6A0,1,0,S
CShopping,RemoveLoadedPrices,0x0049AC90,1,0,S
CShopping,RemoveLoadedShop,0x0049AE30,1,0,S
CShopping,RestoreClothesState,0x0049B240,1,0,S
CShopping,RestoreVehicleMods,0x0049B3C0,1,0,S
CShopping,Save,0x005D3DE0,1,0,S
CShopping,SetCurrentProperty,0x0049B1F0,1,0,S
CShopping,SetPlayerHasBought,0x0049B610,1,0,S
CShopping,ShutdownForRestart,0x0049B640,1,0,S
CShopping,StoreClothesState,0x0049B200,1,0,S
CShopping,StoreVehicleMods,0x0049B280,1,0,S
CShopping,UpdateStats,0x0049BEF0,1,0,S
CShinyTexts,Init,0x007221B0,1,0,S
CShinyTexts,RegisterOne,0x00724B60,1,0,S
CShinyTexts,Render,0x00724890,1,0,S
CShinyTexts,RenderOutGeometryBuffer,0x007221C0,1,0,S
CSetPieces,AddOne,0x00499500,1,0,S
CSetPieces,Init,0x004994F0,1,0,S
CSetPieces,Load,0x005D3CA0,1,0,S
CSetPieces,Save,0x005D3C70,1,0,S
CSetPieces,Update,0x0049AA00,1,0,S
CSetPiece,TryToGenerateCopCar,0x004998A0,1,0,S
CSetPiece,TryToGenerateCopPed,0x00499690,1,0,S
CSetPiece,Update,0x00499A80,1,0,S
CRopes,CreateRopeForSwatPed,0x00558D10,1,0,S
CRopes,FindCoorsAlongRope,0x00555E40,0,1,S
CRopes,FindPickupHeight,0x00556760,1,0,S
CRopes,FindRope,0x00556000,1,0,S
CRopes,Init,0x00555DC0,1,0,S
CRopes,IsCarriedByRope,0x00555F80,1,0,S
CRopes,RegisterRope,0x00556B40,0,1,S
CRopes,Render,0x00556AE0,1,0,S
CRopes,SetSpeedOfTopNode,0x00555DF0,1,0,S
CRopes,Shutdown,0x00556B10,1,0,S
CRopes,Update,0x00558D70,1,0,S
CRope,CreateHookObjectForRope,0x00556070,1,0,S
CRope,PickUpObject,0x005569C0,1,0,S
CRope,ReleasePickedUpObject,0x00556030,1,0,S
CRope,Remove,0x00556780,1,0,S
CRope,Render,0x00556800,1,0,S
CRope,Update,0x00557530,0,1,S
CRope,UpdateWeightInRope,0x005561B0,0,1,S
CRoadBlocks,ClearScriptRoadBlocks,0x00460EC0,1,0,S
CRoadBlocks,ClearSpaceForRoadBlockObject,0x00461020,1,0,S
CRoadBlocks,CreateRoadBlockBetween2Points,0x004619C0,0,1,S
CRoadBlocks,GenerateRoadBlockPedsForCar,0x00461170,1,0,S
CRoadBlocks,GenerateRoadBlocks,0x004629E0,1,0,S
CRoadBlocks,GetRoadBlockNodeInfo,0x00460EE0,1,0,S
CRoadBlocks,Init,0x00461100,1,0,S
CRoadBlocks,RegisterScriptRoadBlock,0x00460DF0,1,0,S
CRestart,AddHospitalRestartPoint,0x00460730,1,0,S
CRestart,AddPoliceRestartPoint,0x00460780,1,0,S
CRestart,CancelOverrideRestart,0x00460800,1,0,S
CRestart,ClearRespawnPointForDurationOfMission,0x00460840,1,0,S
CRestart,FindClosestHospitalRestartPoint,0x00460850,1,0,S
CRestart,FindClosestPoliceRestartPoint,0x00460A50,1,0,S
CRestart,Initialise,0x00460630,1,0,S
CRestart,Load,0x005D3770,1,0,S
CRestart,OverrideNextRestart,0x004607D0,1,0,S
CRestart,Save,0x005D3620,1,0,S
CRestart,SetRespawnPointForDurationOfMission,0x00460810,1,0,S
CReplay,CanWeFindPoolIndexForPed,0x0045C470,1,0,S
CReplay,CanWeFindPoolIndexForVehicle,0x0045C490,1,0,S
CReplay,CreatePlayerPed,0x0045D540,1,0,S
CReplay,DealWithNewPedPacket,0x0045CEA0,1,0,S
CReplay,DisableReplays,0x0045B150,1,0,S
CReplay,Display,0x0045C210,1,0,S
CReplay,EmptyPedsAndVehiclePools_NoDestructors,0x0045D390,1,0,S
CReplay,EmptyReplayBuffer,0x0045EC90,1,0,S
CReplay,EnableReplays,0x0045B160,1,0,S
CReplay,FastForwardToTime,0x00460350,1,0,S
CReplay,FindFirstFocusCoordinate,0x0045D6C0,1,0,S
CReplay,FindPoolIndexForPed,0x0045C450,1,0,S
CReplay,FindPoolIndexForVehicle,0x0045C460,1,0,S
CReplay,FindSizeOfPacket,0x0045C850,1,0,S
CReplay,FinishPlayback,0x0045F050,1,0,S
CReplay,GoToNextBlock,0x0045E2A0,1,0,S
CReplay,Init,0x0045E220,1,0,S
CReplay,InitialisePedPoolConversionTable,0x0045EF20,1,0,S
CReplay,InitialisePoolConversionTables,0x0045F370,1,0,S
CReplay,InitialiseVehiclePoolConversionTable,0x0045EFA0,1,0,S
CReplay,IsThisPedUsedInRecording,0x0045DDE0,1,0,S
CReplay,IsThisVehicleUsedInRecording,0x0045DE40,1,0,S
CReplay,MarkEverythingAsNew,0x0045D430,1,0,S
CReplay,NumberFramesAvailableToPlay,0x0045D670,1,0,S
CReplay,PlayBackThisFrame,0x004604A0,1,0,S
CReplay,PlayBackThisFrameInterpolation,0x0045F380,1,0,S
CReplay,PlayReplayFromHD,0x00460390,1,0,S
CReplay,ProcessLookAroundCam,0x0045D760,1,0,S
CReplay,ProcessPedUpdate,0x0045CA70,1,0,S
CReplay,ProcessReplayCamera,0x0045D060,1,0,S
CReplay,RecordPedDeleted,0x0045EC20,1,0,S
CReplay,RecordThisFrame,0x0045E300,1,0,S
CReplay,RecordVehicleDeleted,0x0045EBB0,1,0,S
CReplay,RestoreClothesDesc,0x0045C7D0,1,0,S
CReplay,RestorePlayerInfoVariables,0x0045E1F0,1,0,S
CReplay,RestoreStuffFromMem,0x0045ECD0,1,0,S
CReplay,RetrievePedAnimation,0x0045B4D0,1,0,S
CReplay,SaveReplayToHD,0x0045C340,1,0,S
CReplay,ShouldStandardCameraBeProcessed,0x0045C440,1,0,S
CReplay,StoreClothesDesc,0x0045C750,1,0,S
CReplay,StorePedAnimation,0x0045B170,1,0,S
CReplay,StorePedUpdate,0x0045C940,1,0,S
CReplay,StorePlayerInfoVariables,0x0045F020,1,0,S
CReplay,StoreStuffInMem,0x0045F180,1,0,S
CReplay,StreamAllNecessaryCarsAndPeds,0x0045D4B0,1,0,S
CReplay,TriggerPlayback,0x004600F0,1,0,S
CReplay,Update,0x00460500,1,0,S
CRenderer,AddEntityToRenderList,0x005534B0,1,0,S
CRenderer,AddToLodDontRenderList,0x00553740,1,0,S
CRenderer,AddToLodRenderList,0x00553710,1,0,S
CRenderer,ConstructRenderList,0x005556E0,1,0,S
CRenderer,GetLodDontRenderListBase,0x005536E0,1,0,S
CRenderer,GetLodRenderListBase,0x005536D0,1,0,S
CRenderer,GetObjectsInFrustum,0x00554C60,1,0,S
CRenderer,PreRender,0x00553910,1,0,S
CRenderer,ProcessLodRenderLists,0x00553770,1,0,S
CRenderer,RemoveVehiclePedLights,0x00553390,1,0,S
CRenderer,RenderEverythingBarRoads,0x00553AA0,1,0,S
CRenderer,RenderFadingInEntities,0x005531E0,1,0,S
CRenderer,RenderFadingInUnderwaterEntities,0x00553220,1,0,S
CRenderer,RenderFirstPersonVehicle,0x00553D00,1,0,S
CRenderer,RenderOneNonRoad,0x00553260,1,0,S
CRenderer,RenderOneRoad,0x00553230,1,0,S
CRenderer,RenderRoads,0x00553A10,1,0,S
CRenderer,RequestObjectsInDirection,0x00555CB0,1,0,S
CRenderer,RequestObjectsInFrustum,0x00555960,1,0,S
CRenderer,ResetLodRenderLists,0x005536F0,1,0,S
CRenderer,ScanBigBuildingList,0x00554B10,1,0,S
CRenderer,ScanPtrList_RequestModels<CPtrListSingleLink<CPhysical*>>,0x00555680,1,0,S
CRenderer,ScanSectorList,0x00554840,1,0,S
CRenderer,ScanSectorList_ListModels,0x005535D0,1,0,S
CRenderer,ScanSectorList_ListModelsVisible,0x00553650,1,0,S
CRenderer,ScanSectorList_RequestModels,0x00555900,1,0,S
CRenderer,ScanWorld,0x00554FE0,1,0,S
CRenderer,SetupBigBuildingVisibility,0x00554650,1,0,S
CRenderer,SetupEntityVisibility,0x00554230,1,0,S
CRenderer,SetupLightingForEntity,0x00553E40,1,0,S
CRenderer,SetupMapEntityVisibility,0x00553F60,1,0,S
CRenderer,SetupScanLists,0x00553540,1,0,S
CRenderer,ShouldModelBeStreamed,0x00554EB0,1,0,S
CRegisteredMotionBlurStreak,Render,0x00721F70,1,0,S
CRegisteredMotionBlurStreak,Update,0x00721EE0,1,0,S
CRegisteredCorona,Update,0x006FABF0,1,0,S
CReferences,Init,0x005719B0,1,0,S
CReferences,ListSize,0x005719E0,1,0,S
CReferences,PruneAllReferencesInWorld,0x00571CC0,1,0,S
CReferences,RemoveReferencesToPlayer,0x00571AD0,1,0,S
CRadar,AddBlipToLegendList,0x005859F0,1,0,S
CRadar,CalculateBlipAlpha,0x00583420,1,0,S
CRadar,CalculateCachedSinCos,0x00583670,1,0,S
CRadar,ChangeBlipBrightness,0x00583C70,1,0,S
CRadar,ChangeBlipColour,0x00583AB0,1,0,S
CRadar,ChangeBlipDisplay,0x00583D20,1,0,S
CRadar,ChangeBlipScale,0x00583CC0,1,0,S
CRadar,ClearActualBlip-OG,0x00587C10,1,0,S
CRadar,ClearBlip,0x00587CE0,1,0,S
CRadar,ClearBlipForEntity-OG,0x00587C60,1,0,S
CRadar,ClipRadarTileCoords,0x00584B00,1,0,S
CRadar,DisplayThisBlip,0x00583B40,1,0,S
CRadar,Draw3dMarkers,0x00585BF0,1,0,S
CRadar,DrawAreaOnRadar,0x005853D0,1,0,S
CRadar,DrawBlips,0x00588050,1,0,S
CRadar,DrawCoordBlip,0x00586D60,1,0,S
CRadar,DrawLegend,0x005828A0,1,0,S
CRadar,DrawMap,0x00586B00,1,0,S
CRadar,DrawRadarGangOverlay,0x00586650,1,0,S
CRadar,DrawRadarMap,0x00586880,1,0,S
CRadar,DrawRadarMask,0x00585700,1,0,S
CRadar,DrawRadarSection,0x00586110,1,0,S
CRadar,DrawRadarSectionMap,0x00586520,1,0,S
CRadar,DrawRadarSprite,0x00585FF0,1,0,S
CRadar,DrawRotatingRadarSprite,0x00584850,1,0,S
CRadar,DrawYouAreHereSprite,0x00584960,1,0,S
CRadar,GetActualBlipArrayIndex,0x00582870,1,0,S
CRadar,GetNewUniqueBlipIndex,0x00582820,1,0,S
CRadar,GetRadarTraceColour,0x00584770,1,0,S
CRadar,GetTextureCorners,0x00584D90,1,0,S
CRadar,InitFrontEndMap,0x00585960,1,0,S
CRadar,Initialise,0x00587FB0,1,0,S
CRadar,IsPointInsideRadar,0x00584D40,1,0,S
CRadar,LimitRadarPoint,0x005832F0,1,0,S
CRadar,LimitToMap,0x00583350,1,0,S
CRadar,LineRadarBoxCollision,0x00584E00,1,0,S
CRadar,Load,0x005D53C0,1,0,S
CRadar,LoadTextures,0x005827D0,1,0,S
CRadar,RemoveMapSection,0x00584BB0,1,0,S
CRadar,RemoveRadarSections,0x00584BF0,1,0,S
CRadar,RequestMapSection,0x00584B50,1,0,S
CRadar,Save,0x005D5860,1,0,S
CRadar,SetBlipAlwaysDisplayInZoom,0x00583DB0,1,0,S
CRadar,SetBlipEntryExit,0x00583F00,1,0,S
CRadar,SetBlipFade,0x00583E00,1,0,S
CRadar,SetBlipFriendly,0x00583EB0,1,0,S
CRadar,SetBlipSprite,0x00583D70,1,0,S
CRadar,SetCoordBlip,0x00583820,1,0,S
CRadar,SetCoordBlipAppearance,0x00583E50,1,0,S
CRadar,SetEntityBlip,0x005839A0,1,0,S
CRadar,SetMapCentreToPlayerCoords,0x00585B20,1,0,S
CRadar,SetShortRangeCoordBlip,0x00583920,1,0,S
CRadar,SetupAirstripBlips,0x00587D20,1,0,S
CRadar,SetupRadarRect,0x00584A80,1,0,S
CRadar,ShowRadarMarker,0x00584480,1,0,S
CRadar,ShowRadarTrace,0x00583F40,1,0,S
CRadar,ShowRadarTraceWithHeight,0x00584070,1,0,S
CRadar,Shutdown,0x00585940,1,0,S
CRadar,StreamRadarSections-vec,0x005858D0,1,0,S
CRadar,StreamRadarSections-xy,0x00584C50,1,0,S
CRadar,TransformRadarPointToRealWorldSpace,0x005835A0,1,0,S
CRadar,TransformRadarPointToScreenSpace,0x00583480,1,0,S
CRadar,TransformRealWorldPointToRadarSpace,0x00583530,1,0,S
CProjectileInfo,AddProjectile,0x00737C80,0,1,S
CProjectileInfo,GetProjectileInfo,0x00737BF0,0,1,S
CProjectileInfo,Initialise,0x00737B40,0,1,S
CProjectileInfo,IsProjectileInRange,0x00739860,1,0,S
CProjectileInfo,RemoveAllProjectiles,0x007399B0,0,1,S
CProjectileInfo,RemoveDetonatorProjectiles,0x00738860,0,1,S
CProjectileInfo,RemoveFXSystem,0x00737B80,0,1,S
CProjectileInfo,RemoveIfThisIsAProjectile,0x00739A40,0,1,S
CProjectileInfo,RemoveNotAdd,0x00737C00,0,1,S
CProjectileInfo,RemoveProjectile,0x007388F0,0,1,S
CProjectileInfo,Shutdown,0x00737BC0,0,1,S
CProjectileInfo,Update,0x00738B20,0,1,S
CPostEffects,CCTV,0x00702F40,1,0,S
CPostEffects,Close,0x007010C0,1,0,S
CPostEffects,ColourFilter,0x00703650,1,0,S
CPostEffects,DarknessFilter,0x00702F00,1,0,S
CPostEffects,DoScreenModeDependentInitializations,0x007046D0,1,0,S
CPostEffects,DrawQuad,0x00700EC0,1,0,S
CPostEffects,FilterFX_RestoreDayNightBalance,0x007034D0,1,0,S
CPostEffects,FilterFX_StoreAndSetDayNightBalance,0x007034B0,1,0,S
CPostEffects,Fog,0x00704150,1,0,S
CPostEffects,Grain,0x007037C0,1,0,S
CPostEffects,HeatHazeFX,0x00701780,0,1,S
CPostEffects,HeatHazeFXInit,0x00701450,1,0,S
CPostEffects,ImmediateModeFilterStuffInitialize,0x00703CC0,1,0,S
CPostEffects,ImmediateModeRenderStatesReStore,0x00700E00,1,0,S
CPostEffects,ImmediateModeRenderStatesSet,0x00700D70,1,0,S
CPostEffects,ImmediateModeRenderStatesStore,0x00700CC0,1,1,S
CPostEffects,InfraredVision,0x00703F80,1,0,S
CPostEffects,InfraredVisionRestoreLightsForHeatObjects,0x00701410,1,0,S
CPostEffects,InfraredVisionSetLightsForDefaultObjects,0x00701430,1,0,S
CPostEffects,InfraredVisionStoreAndSetLightsForHeatObjects,0x00701320,1,0,S
CPostEffects,Initialise,0x00704630,1,0,S
CPostEffects,IsVisionFXActive,0x007034F0,1,0,S
CPostEffects,NightVision,0x007011C0,1,0,S
CPostEffects,NightVisionSetLights,0x007012E0,1,0,S
CPostEffects,Radiosity,0x00702080,0,1,S
CPostEffects,Render,0x007046E0,1,0,S
CPostEffects,ScriptCCTVSwitch,0x007011B0,1,0,S
CPostEffects,ScriptDarknessFilterSwitch,0x00701170,1,0,S
CPostEffects,ScriptHeatHazeFXSwitch,0x00701160,1,0,S
CPostEffects,ScriptInfraredVisionSwitch,0x00701140,1,0,S
CPostEffects,ScriptNightVisionSwitch,0x00701120,1,0,S
CPostEffects,ScriptResetForEffects,0x007010F0,1,0,S
CPostEffects,SetFilterMainColour,0x00703520,1,0,S
CPostEffects,SetSpeedFXManualSpeedCurrentFrame,0x00700BE0,1,0,S
CPostEffects,SetupBackBufferVertex,0x007043D0,1,0,S
CPostEffects,SpeedFX,0x007030A0,0,1,S
CPostEffects,UnderWaterRipple,0x007039C0,1,0,S
CPostEffects,Update,0x007046A0,1,0,S
CPopulation,AddDeadPedInFrontOfCar,0x00612CD0,1,0,S
CPopulation,AddExistingPedInCar,0x00611560,1,0,S
CPopulation,AddPed,0x00612710,1,0,S
CPopulation,AddPedAtAttractor,0x00614210,1,0,S
CPopulation,AddPedInCar,0x00613A00,1,0,S
CPopulation,AddToPopulation,0x00614720,0,1,S
CPopulation,ArePedStatsCompatible,0x00610F50,1,0,S
CPopulation,CanJeerAtStripper,0x006117B0,1,0,S
CPopulation,CanSolicitPlayerInCar,0x00611790,1,0,S
CPopulation,CanSolicitPlayerOnFoot,0x00611780,1,0,S
CPopulation,ChooseCivilianCoupleOccupations,0x00613180,1,0,S
CPopulation,ChooseCivilianOccupation,0x00612F90,1,0,S
CPopulation,ChooseCivilianOccupationForVehicle,0x00613260,1,0,S
CPopulation,ChooseGangOccupation,0x00611550,1,0,S
CPopulation,ChoosePolicePedOccupation,0x00610F40,1,0,S
CPopulation,ConvertAllObjectsToDummyObjects,0x00616420,1,0,S
CPopulation,ConvertToDummyObject,0x00614670,1,0,S
CPopulation,ConvertToRealObject,0x00614580,1,0,S
CPopulation,CreateWaitingCoppers,0x006133F0,1,0,S
CPopulation,DealWithZoneChange,0x006116B0,1,0,S
CPopulation,DoesCarGroupHaveModelId,0x00406F50,1,0,S
CPopulation,FindCarMultiplierMotorway,0x00611B60,1,0,S
CPopulation,FindDistanceToNearestPedOfType,0x006143E0,1,0,S
CPopulation,FindDummyDistForModel,0x00610ED0,1,0,S
CPopulation,FindNumberOfPedsWeCanPlaceOnBenches,0x00612240,1,0,S
CPopulation,FindPedDensityMultiplierCullZone,0x00610F00,1,0,S
CPopulation,FindPedMultiplierMotorway,0x00611B80,1,0,S
CPopulation,FindPedRaceFromName,0x005B6D40,1,0,S
CPopulation,FindSpecificDriverModelForCar_ToUse,0x00611900,1,0,S
CPopulation,GeneratePedsAtAttractors,0x00615970,1,0,S
CPopulation,GeneratePedsAtStartOfGame,0x00615C90,1,0,S
CPopulation,Initialise,0x00610E10,1,0,S
CPopulation,IsCorrectTimeOfDayForEffect,0x00611B20,1,0,S
CPopulation,IsFemale,0x00611490,1,0,S
CPopulation,IsMale,0x00611470,1,0,S
CPopulation,IsSecurityGuard,0x006114B0,1,0,S
CPopulation,IsSkateable,0x006114C0,1,0,S
CPopulation,IsSunbather-ModelID,0x00611760,1,0,S
CPopulation,LoadCarGroups,0x005BD1A0,1,0,S
CPopulation,LoadPedGroups,0x005BCFE0,1,0,S
CPopulation,LoadSpecificDriverModelsForCar,0x006117F0,1,0,S
CPopulation,ManageAllPopulation,0x006160A0,1,0,S
CPopulation,ManageDummy,0x00616000,1,0,S
CPopulation,ManageObject,0x00615DC0,0,1,S
CPopulation,ManagePed,0x00611FC0,1,0,S
CPopulation,ManagePopulation,0x00616190,1,0,S
CPopulation,MoveCarsAndPedsOutOfAbandonedZones,0x006116A0,1,0,S
CPopulation,PedCreationDistMultiplier,0x006116C0,1,0,S
CPopulation,PedMICanBeCreatedAtAttractor,0x006110C0,1,0,S
CPopulation,PedMICanBeCreatedAtThisAttractor,0x006110E0,1,0,S
CPopulation,PedMICanBeCreatedInInterior,0x00611450,1,0,S
CPopulation,PickGangCar,0x00614490,1,0,S
CPopulation,PickRiotRoadBlockCar,0x006144B0,1,0,S
CPopulation,PlaceCouple,0x00613D60,1,0,S
CPopulation,PlaceGangMembers,0x006117D0,1,0,S
CPopulation,PlaceMallPedsAsStationaryGroup,0x00613CD0,1,0,S
CPopulation,PopulateInterior,0x00616470,1,0,S
CPopulation,RemoveAllRandomPeds,0x006122C0,1,0,S
CPopulation,RemovePed,0x00610F20,1,0,S
CPopulation,RemovePedsIfThePoolGetsFull,0x00616300,1,0,S
CPopulation,RemoveSpecificDriverModelsForCar,0x006119D0,1,0,S
CPopulation,Shutdown,0x00610EC0,1,0,S
CPopulation,TestRoomForDummyObject,0x00612320,1,0,S
CPopulation,TestSafeForRealObject,0x006123A0,1,0,S
CPopulation,Update,0x00616650,1,0,S
CPopulation,UpdatePedCount,0x00611570,1,0,S
CPopCycle,FindNewPedType,0x0060FBD0,1,0,S
CPopCycle,GetCurrentPercOther_Peds,0x00610310,1,0,S
CPopCycle,Initialise,0x005BC090,1,0,S
CPopCycle,IsPedAppropriateForCurrentZone,0x00610150,1,0,S
CPopCycle,IsPedInGroup,0x00610210,1,0,S
CPopCycle,PedIsAcceptableInCurrentZone,0x00610720,1,0,S
CPopCycle,PickARandomGroupOfOtherPeds,0x00610420,1,0,S
CPopCycle,PickGangToCreateMembersOf,0x0060F8D0,1,0,S
CPopCycle,PickPedMIToStreamInForCurrentZone,0x0060FFD0,0,1,S
CPopCycle,PlayerKilledADealer,0x00610490,1,0,S
CPopCycle,Update,0x00610BF0,1,0,S
CPopCycle,UpdateAreaDodgyness,0x00610560,1,0,S
CPopCycle,UpdateDealerStrengths,0x006104B0,1,0,S
CPopCycle,UpdateIsGangArea,0x006106D0,1,0,S
CPopCycle,UpdatePercentages,0x00610770,1,0,S
CPools,CheckBuildingAtomics,0x00550170,1,0,S
CPools,CheckPoolsEmpty,0x00551950,1,0,S
CPools,GetObject,0x00550050,1,0,S
CPools,GetObjectRef,0x00550020,1,0,S
CPools,GetPed,0x0054FF90,1,0,S
CPools,GetPedRef,0x0054FF60,1,0,S
CPools,GetVehicle,0x0054FFF0,1,0,S
CPools,GetVehicleRef,0x0054FFC0,1,0,S
CPools,Initialise,0x00550F10,1,0,S
CPools,Load,0x005D0890,1,0,S
CPools,LoadObjectPool,0x005D4A40,1,0,S
CPools,LoadPedPool,0x005D2D70,1,0,S
CPools,LoadVehiclePool,0x005D2A20,1,0,S
CPools,MakeSureSlotInObjectPoolIsEmpty,0x00550080,1,0,S
CPools,Save,0x005D0880,1,0,S
CPools,SaveObjectPool,0x005D4940,0,1,S
CPools,SavePedPool,0x005D4B40,0,1,S
CPools,SaveVehiclePool,0x005D4800,0,1,S
CPools,ShutDown,0x005519F0,1,0,S
CPlayerPedData,AllocateData,0x00571880,1,0,S
CPlayerPedData,Constructor,0x0056F810,1,0,S
CPlayerPedData,DeAllocateData,0x0056F890,1,0,S
CPlayerPedData,Destructor,0x00571840,1,0,S
CPlayerPedData,SetInitialState,0x0056F210,1,0,S
CPlayerInfo,AddHealth,0x0056EAB0,1,0,S
CPlayerInfo,ArrestPlayer,0x0056E5D0,1,0,S
CPlayerInfo,BlowUpRCBuggy,0x0056EA30,1,0,S
CPlayerInfo,CancelPlayerEnteringCars,0x0056E860,1,0,S
CPlayerInfo,Clear,0x0056F330,1,0,S
CPlayerInfo,Constructor,0x00571920,1,1,S
CPlayerInfo,DeletePlayerSkin,0x0056EA80,1,0,S
CPlayerInfo,EvaluateCarPosition,0x0056DAD0,1,0,S
CPlayerInfo,FindClosestCarSectorList,0x0056F4E0,0,1,S
CPlayerInfo,FindObjectToSteal,0x0056DBD0,0,1,S
CPlayerInfo,GetPos_Hook,0x0056DFB0,1,0,S
CPlayerInfo,GetSpeed_Hook,0x0056DF50,1,0,S
CPlayerInfo,GivePlayerParachute,0x0056EC40,1,0,S
CPlayerInfo,IsPlayerInRemoteMode,0x0056DAB0,1,0,S
CPlayerInfo,IsRestartingAfterArrest,0x0056E560,1,0,S
CPlayerInfo,IsRestartingAfterDeath,0x0056E550,1,0,S
CPlayerInfo,IsRestartingAfterMissionFailed,0x0056E570,1,0,S
CPlayerInfo,KillPlayer,0x0056E580,1,0,S
CPlayerInfo,Load,0x005D3B00,1,0,S
CPlayerInfo,LoadPlayerSkin,0x0056F7D0,1,0,S
CPlayerInfo,MakePlayerSafe,0x0056E870,1,0,S
CPlayerInfo,PlayerFailedCriticalMission,0x0056E830,1,0,S
CPlayerInfo,Process,0x0056F8D0,0,1,S
CPlayerInfo,Save,0x005D3AC0,1,0,S
CPlayerInfo,SetLastTargetVehicle,0x0056DA80,1,0,S
CPlayerInfo,SetPlayerSkin,0x005717F0,1,0,S
CPlayerInfo,StreamParachuteWeapon,0x0056EB30,1,0,S
CPlayerInfo,WorkOutEnergyFromHunger,0x0056E610,1,0,S
CPlaneTrails,Init,0x00717370,1,0,S
CPlaneTrails,RegisterPoint,0x007174C0,1,0,S
CPlaneTrails,Render,0x007173A0,1,0,S
CPlaneTrails,Update,0x007174F0,1,0,S
CPlaneTrail,Init,0x00717160,1,0,S
CPlaneTrail,RegisterPoint,0x007172D0,1,0,S
CPlaneTrail,Render,0x00717180,1,0,S
CPlaceName,GetForMap,0x00571D90,1,0,S
CPlaceName,Process,0x00571F20,1,0,S
CPickups,AddToCollectedPickupsArray,0x00455240,1,0,S
CPickups,CreatePickupCoorsCloseToCoors-,0x00458A80,0,1,S
CPickups,CreateSomeMoney,0x00458970,1,0,S
CPickups,DetonateMinesHitByGunShot,0x004590C0,1,0,S
CPickups,DoCollectableEffects,0x00455E20,1,0,S
CPickups,DoMineEffects,0x004560E0,1,0,S
CPickups,DoMoneyEffects,0x00454E80,1,0,S
CPickups,DoPickUpEffects,0x00455720,0,1,S
CPickups,FindPickUpForThisObject,0x004551C0,1,0,S
CPickups,GenerateNewOne_WeaponType,0x00457380,1,0,S
CPickups,GetActualPickupIndex,0x004552A0,1,0,S
CPickups,GetNewUniquePickupIndex,0x00456A30,1,0,S
CPickups,GetUniquePickupIndex,0x00455280,1,0,S
CPickups,GivePlayerGoodiesWithPickUpMI,0x004564F0,1,0,S
CPickups,Init,0x00454A70,1,0,S
CPickups,IsPickUpPickedUp,0x00454B40,1,0,S
CPickups,Load,0x005D35A0,1,0,S
CPickups,ModelForWeapon,0x00454AC0,1,0,S
CPickups,ModifyStringLabelForControlSetting,0x00454B70,1,0,S
CPickups,PassTime,0x00455200,1,0,S
CPickups,PickedUpHorseShoe,0x00455390,1,0,S
CPickups,PickedUpOyster,0x004552D0,1,0,S
CPickups,PictureTaken,0x00456A70,1,0,S
CPickups,PlayerCanPickUpThisWeaponTypeAtThisMoment,0x004554C0,1,0,S
CPickups,ReInit,0x00456E60,1,0,S
CPickups,RemoveMissionPickUps,0x00456DE0,1,0,S
CPickups,RemovePickUp,0x004573D0,1,0,S
CPickups,RemovePickUpsInArea,0x00456D30,1,0,S
CPickups,RemovePickupObjects,0x00455470,1,0,S
CPickups,RemoveUnnecessaryPickups,0x004563A0,1,0,S
CPickups,RenderPickUpText,0x00455000,1,0,S
CPickups,Save,0x005D3540,1,0,S
CPickups,TestForPickupsInBubble,0x00456450,1,0,S
CPickups,TryToMerge_WeaponType,0x004555A0,1,0,S
CPickups,Update,0x00458DE0,1,0,S
CPickups,UpdateMoneyPerDay,0x00455680,1,0,S
CPickups,WeaponForModel,0x00454AE0,1,0,S
CPickup,ExtractAmmoFromPickup,0x00454BE0,1,0,S
CPickup,FindStringForTextIndex,0x00455540,1,0,S
CPickup,FindTextIndexForString,0x00455500,1,0,S
CPickup,GetPosn,0x004549A0,1,0,S
CPickup,GetRidOfObjects,0x00454CF0,1,0,S
CPickup,GiveUsAPickUpObject,0x004567E0,1,0,S
CPickup,IsVisible,0x00454C70,1,0,S
CPickup,PickUpShouldBeInvisible,0x00454D20,1,0,S
CPickup,ProcessGunShot,0x004588B0,1,0,S
CPickup,Remove,0x004556C0,1,0,S
CPickup,SetPosn,0x00454960,1,0,S
CPickup,Update,0x00457410,1,0,S
CPedType,ClearPedTypeAcquaintances,0x00608A20,1,0,S
CPedType,ClearPedTypeAsAcquaintance,0x006089F0,1,0,S
CPedType,FindPedType,0x00608790,1,0,S
CPedType,GetPedFlag,0x00608830,1,0,S
CPedType,GetPedTypeAcquaintances-CAcquaintance,0x006089B0,1,0,S
CPedType,GetPedTypeAcquaintances-uint32,0x006089D0,1,0,S
CPedType,Initialise,0x00608E40,1,0,S
CPedType,Load,0x005D3D10,1,0,S
CPedType,LoadPedData,0x00608B30,1,0,S
CPedType,PoliceDontCareAboutCrimesAgainstPedType,0x00608A40,1,0,S
CPedType,Save,0x005D3CD0,1,0,S
CPedType,SetPedTypeAsAcquaintance,0x00608E20,1,0,S
CPedType,Shutdown,0x00608B00,1,0,S
CPedTaskPair,Flush,0x005E95B0,1,0,S
CPedStats,GetPedStatType,0x006088D0,1,0,S
CPedStats,Initialise,0x005BF9D0,1,0,S
CPedStats,LoadPedStats,0x005BB890,1,0,S
CPedStats,Shutdown,0x00608850,1,0,S
CPedPlacement,IsPositionClearForPed-OG,0x00616860,1,0,S
CPedPlacement,IsPositionClearOfCars-Ped,0x00616A40,1,0,S
CPedPlacement,IsPositionClearOfCars-Pos,0x006168E0,1,0,S
CPedList,BuildListFromGroup_NoLeader,0x00699DD0,1,0,S
CPedList,BuildListFromGroup_NotInCar_NoLeader,0x0069A340,0,1,S
CPedList,BuildListOfPedsOfPedType,0x0069A3B0,0,1,S
CPedList,Empty,0x00699DB0,1,0,S
CPedList,ExtractPedsWithGuns,0x0069A4C0,1,0,S
CPedList,RemovePedsAttackingPedType,0x0069A450,0,1,S
CPedList,RemovePedsThatDontListenToPlayer,0x0069A420,0,1,S
CPedIntelligence,AddTaskEventResponseNonTemp,0x00600E00,1,0,S
CPedIntelligence,AddTaskEventResponseTemp,0x00600DE0,1,0,S
CPedIntelligence,AddTaskPhysResponse,0x00600DC0,1,0,S
CPedIntelligence,AddTaskPrimaryMaybeInGroup,0x00600E20,1,0,S
CPedIntelligence,AreFriends,0x00601D10,1,0,S
CPedIntelligence,CanSeeEntityWithLights,0x00605550,1,0,S
CPedIntelligence,ClearTaskDuckSecondary,0x00601390,1,0,S
CPedIntelligence,ClearTasks,0x00601420,1,0,S
CPedIntelligence,Constructor,0x00607140,1,0,S
CPedIntelligence,Destructor,0x00607300,1,0,S
CPedIntelligence,FindRespectedFriendInInformRange,0x00600CF0,1,0,S
CPedIntelligence,FindTaskByType,0x00600EE0,1,0,S
CPedIntelligence,FlushImmediately,0x00601640,1,0,S
CPedIntelligence,FlushIntelligence,0x00601DA0,1,0,S
CPedIntelligence,GetActivePrimaryTask,0x004B85B0,1,0,S
CPedIntelligence,GetEffectInUse,0x006018D0,1,0,S
CPedIntelligence,GetMoveStateFromGoToTask,0x00601D70,1,0,S
CPedIntelligence,GetPedEntities,0x004893E0,1,0,S
CPedIntelligence,GetTaskClimb,0x00601180,1,0,S
CPedIntelligence,GetTaskDuck,0x006010A0,1,0,S
CPedIntelligence,GetTaskFighting,0x00600F30,1,0,S
CPedIntelligence,GetTaskHold,0x00600FF0,1,0,S
CPedIntelligence,GetTaskInAir,0x00601150,1,0,S
CPedIntelligence,GetTaskJetPack,0x00601110,1,0,S
CPedIntelligence,GetTaskSwim,0x00601070,1,0,S
CPedIntelligence,GetTaskThrow,0x00600FB0,1,0,S
CPedIntelligence,GetTaskUseGun,0x00600F70,1,0,S
CPedIntelligence,GetUsingParachute,0x006011B0,1,0,S
CPedIntelligence,IsFriendlyWith,0x00601BC0,1,0,S
CPedIntelligence,IsInACarOrEnteringOne,0x00601CC0,1,0,S
CPedIntelligence,IsInSeeingRange,0x00600C60,1,0,S
CPedIntelligence,IsInterestingEntity,0x006020A0,1,0,S
CPedIntelligence,IsPedGoingForCarDoor,0x00602350,1,0,S
CPedIntelligence,IsRespondingToEvent,0x00600DB0,1,0,S
CPedIntelligence,IsThreatenedBy,0x00601C30,1,0,S
CPedIntelligence,LookAtInterestingEntities,0x006020D0,1,0,S
CPedIntelligence,Process,0x00608260,1,0,S
CPedIntelligence,ProcessAfterPreRender,0x006019B0,1,0,S
CPedIntelligence,ProcessAfterProcCol,0x006018F0,1,0,S
CPedIntelligence,ProcessEventHandler,0x00601BB0,1,0,S
CPedIntelligence,ProcessFirst,0x006073A0,1,0,S
CPedIntelligence,ProcessStaticCounter,0x00605650,1,0,S
CPedIntelligence,RecordEventForScript,0x00602050,1,0,S
CPedIntelligence,Respects,0x00601C90,1,0,S
CPedIntelligence,RestorePedDecisionMakerType,0x00600BC0,1,0,S
CPedIntelligence,SetEffectInUse,0x006018E0,1,0,S
CPedIntelligence,SetHearingRange,0x00600BE0,1,0,S
CPedIntelligence,SetPedDecisionMakerType,0x00600B50,1,0,S
CPedIntelligence,SetPedDecisionMakerTypeInGroup,0x00600BB0,1,0,S
CPedIntelligence,SetSeeingRange,0x00600BF0,1,0,S
CPedIntelligence,SetTaskDuckSecondary,0x00601230,1,0,S
CPedIntelligence,TestForStealthKill,0x00601E00,1,0,S
CPedIK,Constructor,0x005FD8C0,1,0,S
CPedIK,GetWorldMatrix,0x005FD8F0,1,0,S
CPedIK,MoveLimb-non-normalized,0x005FDA60,1,0,S
CPedIK,MoveLimb-normalized,0x005FDB60,1,0,S
CPedIK,PitchForSlope,0x005FE0E0,1,0,S
CPedIK,PointGunAtPosition,0x005FDE20,1,0,S
CPedIK,PointGunInDirection,0x005FDC00,1,0,S
CPedIK,RotateTorso,0x005FDDB0,1,0,S
CPedIK,RotateTorsoForArm,0x005FDF90,1,0,S
CPedGroups,Process,0x005FC800,1,0,S
CPedGroups,RemoveGroup,0x005FB870,1,0,S
CPedGroupPlacer,PlaceChatGroup,0x005FCE80,0,1,S
CPedGroupPlacer,PlaceFormationGroup,0x005FC9B0,0,1,S
CPedGroupPlacer,PlaceGroup,0x005FD810,1,0,S
CPedGroupPlacer,PlaceRandomGroup,0x005FD330,0,1,S
CPedGroupMembership,AddFollower,0x005F8020,1,0,S
CPedGroupMembership,AddMember,0x005F6AE0,1,0,S
CPedGroupMembership,AppointNewLeader,0x005FB240,1,0,S
CPedGroupMembership,CountMembers,0x005F6A50,1,0,S
CPedGroupMembership,CountMembersExcludingLeader,0x005F6AA0,1,0,S
CPedGroupMembership,From,0x005F7FE0,1,0,S
CPedGroupMembership,GetLeader,0x005F69A0,1,0,S
CPedGroupMembership,GetMember,0x005F69B0,1,0,S
CPedGroupMembership,GetObjectForPedToHold,0x005F6950,1,0,S
CPedGroupMembership,IsFollower,0x005F69E0,1,0,S
CPedGroupMembership,IsLeader,0x005F69C0,1,0,S
CPedGroupMembership,IsMember,0x005F6A10,1,0,S
CPedGroupMembership,Process,0x005FBA60,1,0,S
CPedGroupMembership,RemoveAllFollowers,0x005FB190,1,0,S
CPedGroupMembership,RemoveMember-ByMemIdx,0x005F80D0,1,0,S
CPedGroupMembership,RemoveMember-ByPed,0x005FB210,1,0,S
CPedGroupMembership,RemoveNFollowers,0x005FB1D0,1,0,S
CPedGroupMembership,SetLeader,0x005FB9C0,1,0,S
CPedGroupIntelligence,AddEvent-,0x005F7470,1,0,S
CPedGroupIntelligence,ComputeDefaultTasks,0x005F88D0,1,0,S
CPedGroupIntelligence,ComputeEventResponseTasks,0x005FC440,1,0,S
CPedGroupIntelligence,Constructor,0x005F7250,1,0,S
CPedGroupIntelligence,Flush,0x005F7350,1,0,S
CPedGroupIntelligence,FlushTasks,0x005F79C0,1,0,S
CPedGroupIntelligence,GetTaskDefault,0x005F86C0,1,0,S
CPedGroupIntelligence,GetTaskMain,0x005F85A0,1,0,S
CPedGroupIntelligence,GetTaskScriptCommand,0x005F8690,1,0,S
CPedGroupIntelligence,GetTaskSecondary,0x005F8620,1,0,S
CPedGroupIntelligence,GetTaskSecondarySlot,0x005F8650,1,0,S
CPedGroupIntelligence,IsCurrentEventValid,0x005F77A0,1,0,S
CPedGroupIntelligence,IsGroupResponding,0x005F7760,1,0,S
CPedGroupIntelligence,Process,0x005FC4A0,1,0,S
CPedGroupIntelligence,ProcessIgnorePlayerGroup,0x005F87A0,1,0,S
CPedGroupIntelligence,ReportAllBarScriptTasksFinished,0x005F8780,1,0,S
CPedGroupIntelligence,ReportAllTasksFinished,0x005F7730,1,0,S
CPedGroupIntelligence,ReportFinishedTask-Impl,0x005F76C0,1,0,S
CPedGroupIntelligence,ReportFinishedTask-Wrapper,0x005F86F0,1,0,S
CPedGroupIntelligence,SetDefaultTaskAllocator,0x005FB280,1,0,S
CPedGroupIntelligence,SetDefaultTaskAllocatorType,0x005FBB70,1,0,S
CPedGroupIntelligence,SetEventResponseTaskAllocator,0x005F7440,1,0,S
CPedGroupIntelligence,SetGroupDecisionMakerType,0x005F7340,1,0,S
CPedGroupIntelligence,SetPrimaryTaskAllocator,0x005F7410,1,0,S
CPedGroupIntelligence,SetScriptCommandTask,0x005F8560,1,0,S
CPedGroupIntelligence,SetTask,0x005F7540,1,0,S
CPedGroup,Constructor,0x005FC150,1,0,S
CPedGroup,Destructor,0x005FC190,1,0,S
CPedGroup,FindDistanceToFurthestMember,0x005FB010,0,1,S
CPedGroup,FindDistanceToNearestMember,0x005FB0A0,1,0,S
CPedGroup,Flush,0x005FB790,1,0,S
CPedGroup,GetClosestGroupPed,0x005FACD0,1,0,S
CPedGroup,IsAnyoneUsingCar,0x005F7DB0,1,0,S
CPedGroup,PlayerGaveCommand_Attack,0x005F7CC0,1,0,S
CPedGroup,PlayerGaveCommand_Gather,0x005FAB60,0,1,S
CPedGroup,Process,0x005FC7E0,1,0,S
CPedGroup,RemoveAllFollowers,0x005FB7D0,1,0,S
CPedGroup,Teleport,0x005F7AD0,1,0,S
CPedGeometryAnalyser,CanPedJumpObstacle-,0x005F1B00,0,1,S
CPedGeometryAnalyser,CanPedJumpObstacle-contacted,0x005F32D0,0,1,S
CPedGeometryAnalyser,CanPedTargetPed,0x005F1C40,1,0,S
CPedGeometryAnalyser,CanPedTargetPoint,0x005F1B70,0,1,S
CPedGeometryAnalyser,ComputeBuildingHitPoints,0x005F1E30,0,1,S
CPedGeometryAnalyser,ComputeClearTarget,0x005F5D80,0,1,S
CPedGeometryAnalyser,ComputeClosestSurfacePoint-ped,0x005F3B70,1,0,S
CPedGeometryAnalyser,ComputeClosestSurfacePoint-posn,0x005F36F0,0,1,S
CPedGeometryAnalyser,ComputeClosestSurfacePoint-rect,0x005F2C10,0,1,S
CPedGeometryAnalyser,ComputeEntityBoundingBoxCentreUncached,0x005F1600,1,0,S
CPedGeometryAnalyser,ComputeEntityBoundingBoxCentreUncachedAll,0x005F3B40,1,0,S
CPedGeometryAnalyser,ComputeEntityBoundingBoxCorners,0x005F3650,1,0,S
CPedGeometryAnalyser,ComputeEntityBoundingBoxCornersUncached,0x005F1FA0,0,1,S
CPedGeometryAnalyser,ComputeEntityBoundingBoxPlanes,0x005F3660,0,1,S
CPedGeometryAnalyser,ComputeEntityBoundingBoxPlanesUncached,0x005F1670,1,0,S
CPedGeometryAnalyser,ComputeEntityBoundingBoxPlanesUncachedAll,0x005F2B80,1,0,S
CPedGeometryAnalyser,ComputeEntityBoundingBoxSegmentPlanes,0x005F36A0,1,0,S
CPedGeometryAnalyser,ComputeEntityBoundingBoxSegmentPlanesUncached,0x005F1750,0,1,S
CPedGeometryAnalyser,ComputeEntityBoundingBoxSegmentPlanesUncachedAll,0x005F2BC0,1,0,S
CPedGeometryAnalyser,ComputeEntityBoundingSphere,0x005F3C20,0,1,S
CPedGeometryAnalyser,ComputeEntityDirs,0x005F1500,0,1,S
CPedGeometryAnalyser,ComputeEntityHitSide-1,0x005F3BC0,0,1,S
CPedGeometryAnalyser,ComputeEntityHitSide-2,0x005F1450,0,1,S
CPedGeometryAnalyser,ComputeEntityHitSide-3,0x005F3AC0,0,1,S
CPedGeometryAnalyser,ComputeMoveDirToAvoidEntity,0x005F3730,0,1,S
CPedGeometryAnalyser,ComputePedHitSide-physical,0x005F3640,0,1,S
CPedGeometryAnalyser,ComputePedHitSide-posn,0x005F1E70,0,1,S
CPedGeometryAnalyser,ComputePedShotSide,0x005F13F0,0,1,S
CPedGeometryAnalyser,ComputeRouteRoundEntityBoundingBox-1,0x005F6110,0,1,S
CPedGeometryAnalyser,ComputeRouteRoundEntityBoundingBox-2,0x005F3DD0,0,1,S
CPedGeometryAnalyser,ComputeRouteRoundSphere,0x005F1890,0,1,S
CPedGeometryAnalyser,GetIsLineOfSightClear-ped,0x005F5A30,0,1,S
CPedGeometryAnalyser,GetIsLineOfSightClear-v3d,0x005F2F00,0,1,S
CPedGeometryAnalyser,GetNearestPed,0x005F3590,0,1,S
CPedGeometryAnalyser,IsEntityBlockingTarget,0x005F3970,0,1,S
CPedGeometryAnalyser,IsInAir,0x005F1CB0,0,1,S
CPedGeometryAnalyser,IsWanderPathClear,0x005F2F70,0,1,S
CPedGeometryAnalyser,LiesInsideBoundingBox,0x005F3880,0,1,S
CPedDamageResponseCalculator,AccountForPedArmour,0x004AD550,0,1,S
CPedDamageResponseCalculator,AccountForPedDamageStats,0x004AD430,0,1,S
CPedDamageResponseCalculator,ComputeDamageResponse,0x004B5AC0,0,1,S
CPedDamageResponseCalculator,ComputeWillForceDeath,0x004AD610,0,1,S
CPedDamageResponseCalculator,ComputeWillKillPed,0x004B3210,1,0,S
CPedDamageResponseCalculator,Constructor,0x004AD3F0,1,0,S
CPedDamageResponseCalculator,IsBleedingWeapon,0x004B5C2A,0,1,S
CPedClothesDesc,Constructor,0x005A8020,1,0,S
CPedClothesDesc,GetIsWearingBalaclava,0x005A7950,1,0,S
CPedClothesDesc,HasVisibleNewHairCut,0x005A7970,1,0,S
CPedClothesDesc,HasVisibleTattoo,0x005A79D0,1,0,S
CPedClothesDesc,Initialise,0x005A78F0,1,0,S
CPedClothesDesc,SetModel-modelHash,0x005A7910,1,0,S
CPedClothesDesc,SetModel-modelName,0x005A7920,1,0,S
CPedAttractorManager,BroadcastArrival-,0x005EFE20,1,0,S
CPedAttractorManager,BroadcastDeparture-,0x005EC980,1,0,S
CPedAttractorManager,DeRegisterPed-,0x005EC850,1,0,S
CPedAttractorManager,GetPedAttractorManager,0x005EE190,1,0,S
CPedAttractorManager,GetPedUsingEffect-,0x005EBE50,1,0,S
CPedAttractorManager,GetRelevantAttractor-,0x005EBF50,1,0,S
CPedAttractorManager,HasEmptySlot,0x005EBB00,1,0,S
CPedAttractorManager,HasQueueTailArrivedAtSlot,0x005EBBA0,1,0,S
CPedAttractorManager,IsApproachable,0x005EA220,1,0,S
CPedAttractorManager,IsPedRegisteredWithEffect-Effect,0x005EBD70,1,0,S
CPedAttractorManager,IsPedRegisteredWithEffect-Ped,0x005EBCB0,1,0,S
CPedAttractorManager,RegisterPedWithAttractor,0x005EFCA0,1,0,S
CPedAttractorManager,RemoveEffect-,0x005EBA30,1,0,S
CPedAttractorManager,RestoreStuffFromMem,0x005EF710,1,0,S
CPathNode,GetPosition,0x00420A10,1,0,S
CPathFind,AddDynamicLinkBetween2Nodes_For1Node,0x0044E000,1,0,S
CPathFind,AddInteriorLink,0x0044DED0,1,0,S
CPathFind,AddInteriorLinkToExternalNode,0x0044DF30,1,0,S
CPathFind,AddNodeToList,0x0044D1E0,1,0,S
CPathFind,AddNodeToNewInterior,0x00450E90,1,0,S
CPathFind,AreNodesLoadedForArea,0x0044DD10,1,0,S
CPathFind,ComputeRoute,0x00452760,0,1,S
CPathFind,CountNeighboursToBeSwitchedOff,0x004504F0,1,0,S
CPathFind,DoPathSearch,0x004515D0,0,1,S
CPathFind,FindLinkBetweenNodes,0x00451350,1,0,S
CPathFind,FindNearestExteriorNodeToInteriorNode,0x00450F30,1,0,S
CPathFind,FindNodeClosestToCoorsFavourDirection,0x0044FCE0,1,0,S
CPathFind,FindNodeCoorsForScript-LinkedNode,0x004505E0,1,0,S
CPathFind,FindNodeCoorsForScript-TwoNodes,0x00450780,1,0,S
CPathFind,FindRegionForCoors,0x0044D830,1,0,S
CPathFind,FindStartPointOfRegion-,0x0044D930,1,0,S
CPathFind,FindXCoorsForRegion,0x0044D8F0,1,0,S
CPathFind,FindXRegionForCoors,0x0044D890,1,0,S
CPathFind,FindYCoorsForRegion,0x0044D910,1,0,S
CPathFind,FindYRegionForCoors,0x0044D8C0,1,0,S
CPathFind,GetPathNode,0x00420AC0,1,0,S
CPathFind,HaveRequestedNodesBeenLoaded,0x00450DB0,1,0,S
CPathFind,Init,0x0044D080,1,0,S
CPathFind,IsAreaNodesAvailable,0x00420AA0,1,0,S
CPathFind,IsWaterNodeNearby,0x00450DE0,1,0,S
CPathFind,Load,0x005D3500,1,0,S
CPathFind,LoadPathFindData-Area,0x00452F40,1,0,S
CPathFind,LoadPathFindData-FromStream,0x004529F0,1,0,S
CPathFind,LoadSceneForPathNodes,0x0044DE00,1,0,S
CPathFind,MakeRequestForNodesToBeLoaded,0x00450D70,1,0,S
CPathFind,MarkRegionsForCoors,0x0044DB60,1,0,S
CPathFind,MarkRoadNodeAsDontWander,0x00450560,1,0,S
CPathFind,ReInit,0x0044E4E0,1,0,S
CPathFind,ReleaseRequestedNodes,0x0044DD00,1,0,S
CPathFind,RemoveInterior,0x0044E1A0,1,0,S
CPathFind,RemoveNodeFromList,0x0044D1B0,1,0,S
CPathFind,ReturnInteriorNodeIndex,0x00451300,1,0,S
CPathFind,Save,0x005D34C0,1,0,S
CPathFind,SetLinksBridgeLights,0x0044D960,1,0,S
CPathFind,SetPathsNeededAtPosition,0x0044DCD0,1,0,S
CPathFind,Shutdown,0x00450950,1,0,S
CPathFind,StartNewInterior,0x0044DE80,1,0,S
CPathFind,SwitchOffNodeAndNeighbours,0x00452160,1,0,S
CPathFind,SwitchPedRoadsOffInArea,0x00452F00,1,0,S
CPathFind,SwitchRoadsOffInArea,0x00452C80,1,0,S
CPathFind,SwitchRoadsOffInAreaForOneRegion,0x00452820,1,0,S
CPathFind,TakeWidthIntoAccountForWandering,0x004509A0,1,0,S
CPathFind,TestCrossesRoad,0x0044D790,1,0,S
CPathFind,TestForPedTrafficLight,0x0044D480,1,0,S
CPathFind,These2NodesAreAdjacent,0x0044D230,1,0,S
CPathFind,ThisNodeHasToBeSwitchedOff,0x0044D3E0,1,0,S
CPathFind,ThisNodeWillLeadIntoADeadEnd,0x0044D310,1,0,S
CPathFind,TidyUpNodeSwitchesAfterMission,0x0044D3B0,1,0,S
CPathFind,UnLoadPathFindData,0x0044D0F0,1,0,S
CPathFind,UnMarkAllRoadNodesAsDontWander,0x0044D400,1,0,S
CPathFind,UpdateStreaming,0x00450A60,1,0,S
CPad,AimWeaponLeftRight,0x00541040,1,0,S
CPad,AimWeaponUpDown,0x005410C0,1,0,S
CPad,CarGunJustDown,0x0053FFE0,1,0,S
CPad,Clear,0x00541A70,1,0,S
CPad,ClearKeyBoardHistory,0x0053F1E0,1,0,S
CPad,ClearMouseHistory,0x00541BD0,1,0,S
CPad,CollectPickupJustDown,0x00540A70,1,0,S
CPad,ConversationNoJustDown,0x00541200,1,0,S
CPad,ConversationYesJustDown,0x005411D0,1,0,S
CPad,CycleWeaponLeftJustDown,0x00540610,1,0,S
CPad,CycleWeaponRightJustDown,0x00540640,1,0,S
CPad,DuckJustDown,0x00540720,1,0,S
CPad,ExitVehicleJustDown,0x00540120,1,0,S
CPad,GetAccelerate,0x005403F0,1,0,S
CPad,GetAccelerateJustDown,0x00540440,1,0,S
CPad,GetAnaloguePadDown,0x00540980,1,0,S
CPad,GetAnaloguePadLeft,0x005409B0,1,0,S
CPad,GetAnaloguePadRight,0x005409E0,1,0,S
CPad,GetAnaloguePadUp,0x00540950,1,0,S
CPad,GetBrake,0x00540080,1,0,S
CPad,GetCarGunFired,0x0053FF90,1,0,S
CPad,GetCarGunLeftRight,0x0053FC50,1,0,S
CPad,GetCarGunUpDown,0x0053FC10,1,0,S
CPad,GetDisplayVitalStats,0x005408B0,1,0,S
CPad,GetDuck,0x00540700,1,0,S
CPad,GetEnterTargeting,0x005406B0,1,0,S
CPad,GetExitVehicle,0x005400D0,1,0,S
CPad,GetForceCameraBehindPlayer,0x00540AE0,1,0,S
CPad,GetGroupControlBack,0x005411B0,1,0,S
CPad,GetGroupControlForward,0x00541190,1,0,S
CPad,GetHandBrake,0x00540040,1,0,S
CPad,GetHorn,0x0053FEE0,1,0,S
CPad,GetHydraulicJump,0x0053FF70,1,0,S
CPad,GetJump,0x00540750,1,0,S
CPad,GetLookBehindForCar,0x0053FE70,1,0,S
CPad,GetLookBehindForPed,0x0053FEC0,1,0,S
CPad,GetLookLeft,0x0053FDD0,1,0,S
CPad,GetLookRight,0x0053FE10,1,0,S
CPad,GetMeleeAttack,0x00540340,1,0,S
CPad,GetPedWalkLeftRight-,0x0053FC90,1,0,S
CPad,GetPedWalkLeftRight-ped,0x00540DC0,1,0,S
CPad,GetPedWalkUpDown-,0x0053FD30,1,0,S
CPad,GetPedWalkUpDown-ped,0x00540E20,1,0,S
CPad,GetSprint,0x005407A0,1,0,S
CPad,GetSteeringLeftRight,0x0053FB80,1,0,S
CPad,GetSteeringUpDown,0x0053FBD0,1,0,S
CPad,GetTarget,0x00540670,1,0,S
CPad,GetTouchedTimeDelta,0x0053F210,1,0,S
CPad,GetWeapon,0x00540180,1,0,S
CPad,GroupControlBackJustDown,0x00541260,1,0,S
CPad,GroupControlForwardJustDown,0x00541230,1,0,S
CPad,HornJustDown,0x0053FF30,1,0,S
CPad,Initialise,0x00541D90,1,0,S
CPad,JumpJustDown,0x00540770,1,0,S
CPad,LastStationJustUp,0x005405E0,1,0,S
CPad,LookAroundLeftRight,0x00540BD0,1,0,S
CPad,LookAroundUpDown,0x00540CC0,1,0,S
CPad,MeleeAttackJustDown,0x00540390,1,0,S
CPad,NextStationJustUp,0x005405B0,1,0,S
CPad,ProcessPCSpecificStuff,0x0053FB40,1,0,S
CPad,ProcessPad,0x00746A10,1,1,S
CPad,ReconcileTwoControllersInput,0x0053F530,1,0,S
CPad,SetTouched,0x0053F200,1,0,S
CPad,ShiftTargetLeftJustDown,0x00540850,1,0,S
CPad,ShiftTargetRightJustDown,0x00540880,1,0,S
CPad,SniperZoomIn,0x00540B30,1,0,S
CPad,SniperZoomOut,0x00540B80,1,0,S
CPad,SprintJustDown,0x005407F0,1,0,S
CPad,StartShake,0x0053F920,1,0,S
CPad,StartShake_Distance,0x0053F9A0,1,0,S
CPad,StartShake_Train,0x0053FA70,1,0,S
CPad,StopShaking,0x0053FB50,1,0,S
CPad,Update,0x00541C40,1,0,S
CPad,UpdateMouse,0x0053F3C0,1,1,S
CPad,WeaponJustDown,0x00540250,1,0,S
COnscreenTimer,AddClock,0x0044CD50,1,0,S
COnscreenTimer,AddCounter,0x0044CDA0,1,0,S
COnscreenTimer,ClearClock,0x0044CE60,1,0,S
COnscreenTimer,ClearCounter,0x0044CE80,1,0,S
COnscreenTimer,SetClockBeepCountdownSecs,0x0044CEE0,1,0,S
COnscreenTimer,SetCounterFlashWhenFirstDisplayed,0x0044CEB0,1,0,S
COnscreenCounterEntry,ProcessForDisplayCounter,0x0044CA90,1,0,S
COnscreenCounterEntry,SetColourID,0x0044CB00,1,0,S
COcclusion,AddOne,0x0071DCD0,1,0,S
COcclusion,Init,0x0071DCA0,1,0,S
COcclusion,IsPositionOccluded,0x007200B0,1,0,S
COcclusion,OccluderHidesBehind,0x0071E080,1,0,S
COcclusion,ProcessBeforeRendering,0x007201C0,1,0,S
COccluder,NearCamera,0x0071F960,1,0,S
COccluder,ProcessLineSegment,0x0071E130,1,0,S
COccluder,ProcessOneOccluder,0x0071E5D0,1,0,S
CObjectSaveStructure,Construct,0x005D2160,1,0,S
CObjectSaveStructure,Extract,0x005D2220,1,0,S
CObjectData,Initialise,0x005B5360,1,0,S
CObjectData,SetObjectData,0x005A2D00,1,0,S
CMovingThings,Init,0x00717D00,1,0,S
CMovingThings,Render,0x00717150,1,0,S
CMovingThings,Render_BeforeClouds,0x007178F0,1,0,S
CMovingThings,Shutdown,0x00717C20,1,0,S
CMovingThings,Update,0x007185B0,1,0,S
CMouseControllerState,CheckForInput,0x0053F270,1,0,S
CMouseControllerState,Clear,0x0053F250,1,0,S
CMouseControllerState,Constructor,0x0053F220,1,0,S
CMotionBlurStreaks,Init,0x00721D90,1,0,S
CMotionBlurStreaks,RegisterStreak,0x00721DC0,1,0,S
CMotionBlurStreaks,Render,0x007240E0,1,0,S
CMotionBlurStreaks,Update,0x007240C0,1,0,S
CMirrors,BeforeConstructRenderList,0x00726DF0,1,0,S
CMirrors,BeforeMainRender,0x00727140,1,0,S
CMirrors,BuildCamMatrix,0x00723150,1,0,S
CMirrors,BuildCameraMatrixForScreens,0x007266B0,1,0,S
CMirrors,CreateBuffer,0x007230A0,1,0,S
CMirrors,Init,0x00723000,1,0,S
CMirrors,RenderMirrorBuffer,0x00726090,1,0,S
CMirrors,ShutDown,0x00723050,1,0,S
CMessages,AddBigMessage,0x0069F2B0,1,0,S
CMessages,AddBigMessageQ,0x0069F370,1,0,S
CMessages,AddBigMessageWithNumber,0x0069E5F0,1,0,S
CMessages,AddBigMessageWithNumberQ,0x0069E6E0,1,0,S
CMessages,AddMessageJump,0x0069F1E0,1,0,S
CMessages,AddMessageJumpQWithNumber,0x0069E4E0,1,0,S
CMessages,AddMessageJumpQWithString,0x0069E950,1,0,S
CMessages,AddMessageQ,0x0069F0B0,1,0,S
CMessages,AddMessageWithNumberQ,0x0069E360,1,0,S
CMessages,AddMessageWithStringQ,0x0069E800,1,0,S
CMessages,AddToPreviousBriefArray,0x0069DD50,1,0,S
CMessages,ClearAllMessagesDisplayedByGame,0x0069EDC0,1,0,S
CMessages,ClearMessages,0x0069DCD0,1,0,S
CMessages,ClearPreviousBriefArray,0x0069DE70,1,0,S
CMessages,ClearSmallMessagesOnly,0x0069DD30,1,0,S
CMessages,ClearThisBigPrint,0x0069EBE0,1,0,S
CMessages,ClearThisPrint,0x0069EA30,1,0,S
CMessages,ClearThisPrintBigNow,0x0069ED80,1,0,S
CMessages,CutString,0x0069DC50,1,0,S
CMessages,Display,0x0069EFC0,1,0,S
CMessages,GetStringLength,0x0069DB50,1,0,S
CMessages,Init,0x0069EE00,1,0,S
CMessages,InsertNumberInString,0x0069DE90,1,0,S
CMessages,InsertPlayerControlKeysInString,0x0069E160,1,0,S
CMessages,InsertStringInString,0x0069E040,1,0,S
CMessages,Process,0x0069EE60,1,0,S
CMessages,StringCompare,0x0069DBD0,1,0,S
CMessages,StringCopy,0x0069DB70,1,0,S
CMenuSystem,ActivateItems,0x00581990,1,0,S
CMenuSystem,ActivateOneItem,0x00581B30,1,0,S
CMenuSystem,CheckForAccept,0x005807C0,1,0,S
CMenuSystem,CheckForSelected,0x005807E0,1,0,S
CMenuSystem,CreateNewMenu,0x00582300,1,0,S
CMenuSystem,DisplayGridMenu,0x005816E0,1,0,S
CMenuSystem,DisplayStandardMenu,0x00580E00,1,0,S
CMenuSystem,FillGridWithCarColours,0x005820E0,0,1,S
CMenuSystem,GetCarColourFromGrid,0x005822B0,1,0,S
CMenuSystem,HighlightOneItem,0x00581C10,1,0,S
CMenuSystem,Initialise,0x005822D0,1,0,S
CMenuSystem,Input,0x005825D0,1,0,S
CMenuSystem,InputGridMenu,0x00580BD0,1,0,S
CMenuSystem,InputStandardMenu,0x00580800,1,0,S
CMenuSystem,InsertMenu,0x00581E00,1,0,S
CMenuSystem,InsertOneMenuItemWithNumber,0x00581D70,1,0,S
CMenuSystem,Process,0x00582630,1,0,S
CMenuSystem,SetActiveMenuItem,0x005820C0,1,0,S
CMenuSystem,SetColumnOrientation,0x00582080,1,0,S
CMenuSystem,SetColumnWidth,0x00582050,1,0,S
CMenuSystem,SwitchOffMenu,0x00580750,1,0,S
CMenuManager,AdditionalOptionInput,0x005773D0,1,0,S
CMenuManager,CentreMousePointer,0x0057C520,1,0,S
CMenuManager,CheckCodesForControls,0x0057DB20,1,0,S
CMenuManager,CheckForMenuClosing,0x00576B70,1,1,S
CMenuManager,CheckFrontEndDownInput,0x005738B0,1,0,S
CMenuManager,CheckFrontEndLeftInput,0x00573920,1,0,S
CMenuManager,CheckFrontEndRightInput,0x00573990,1,0,S
CMenuManager,CheckFrontEndUpInput,0x00573840,1,0,S
CMenuManager,CheckHover,0x0057C4F0,1,0,S
CMenuManager,CheckMissionPackValidMenu,0x0057D720,1,0,S
CMenuManager,CheckRedefineControlInput,0x0057E4D0,1,0,S
CMenuManager,CheckSliderMovement,0x00573440,1,0,S
CMenuManager,Constructor,0x00574350,1,0,S
CMenuManager,Destructor,0x00579440,1,0,S
CMenuManager,DisplayHelperText,0x0057E240,1,0,S
CMenuManager,DisplaySlider,0x00576860,1,0,S
CMenuManager,DoSettingsBeforeStartingAGame,0x00573330,1,0,S
CMenuManager,DrawBackground,0x0057B750,1,0,S
CMenuManager,DrawControllerBound,0x0057E6E0,1,0,S
CMenuManager,DrawControllerScreenExtraText,0x0057D8D0,1,0,S
CMenuManager,DrawControllerSetupScreen,0x0057F300,1,0,S
CMenuManager,DrawFrontEnd,0x0057C290,1,0,S
CMenuManager,DrawQuitGameScreen,0x0057D860,1,0,S
CMenuManager,DrawStandardMenus,0x005794A0,1,0,S
CMenuManager,DrawWindow,0x00573EE0,1,0,S
CMenuManager,DrawWindowedText,0x00578F50,1,0,S
CMenuManager,GetNumberOfMenuOptions,0x00573E70,1,0,S
CMenuManager,HasLanguageChanged,0x00573CD0,1,0,S
CMenuManager,Initialise,0x005744D0,1,0,S
CMenuManager,InitialiseChangedLanguageSettings,0x00573260,1,0,S
CMenuManager,JumpToGenericMessageScreen,0x00576AE0,1,0,S
CMenuManager,LoadAllTextures,0x00572EC0,1,0,S
CMenuManager,LoadSettings,0x0057C8F0,1,0,S
CMenuManager,MessageScreen,0x00579330,1,0,S
CMenuManager,PrintBriefs,0x00576320,1,0,S
CMenuManager,PrintMap,0x00575130,1,0,S
CMenuManager,PrintRadioStationList,0x005746F0,1,0,S
CMenuManager,PrintStats,0x00574900,1,0,S
CMenuManager,Process,0x0057B440,1,0,S
CMenuManager,ProcessFileActions,0x00578D60,1,0,S
CMenuManager,ProcessMenuOptions,0x00576FE0,1,0,S
CMenuManager,ProcessMissionPackNewGame,0x0057D520,1,0,S
CMenuManager,ProcessPCMenuOptions,0x0057CD50,1,0,S
CMenuManager,ProcessStreaming,0x00573CF0,1,0,S
CMenuManager,ProcessUserInput,0x0057B480,1,0,S
CMenuManager,RedefineScreenUserInput,0x0057EF50,1,0,S
CMenuManager,ResetHelperText,0x0057CD30,1,0,S
CMenuManager,SaveLoadFileError_SetUpErrorScreen,0x0057C490,1,0,S
CMenuManager,SaveSettings,0x0057C660,1,0,S
CMenuManager,SaveStatsToFile,0x0057DDE0,1,0,S
CMenuManager,ScrollRadioStations,0x00573A00,1,0,S
CMenuManager,SetDefaultPreferences,0x00573AE0,1,0,S
CMenuManager,SetFrontEndRenderStates,0x00573A60,1,0,S
CMenuManager,SetHelperText,0x0057CD10,1,0,S
CMenuManager,SmallMessageScreen,0x00574010,1,0,S
CMenuManager,StretchX,0x005733E0,1,0,S
CMenuManager,StretchY,0x00573410,1,0,S
CMenuManager,SwapTexturesRound,0x005730A0,1,0,S
CMenuManager,SwitchToNewScreen,0x00573680,1,0,S
CMenuManager,UnloadTextures,0x00574630,1,0,S
CMenuManager,UserInput,0x0057FD70,1,0,S
CLocalisation,Blood,0x0056D230,1,0,S
CLocalisation,FrenchGame,0x0056D210,1,0,S
CLocalisation,GermanGame,0x0056D200,1,0,S
CLocalisation,Initialise,0x0056D180,1,0,S
CLocalisation,KickingWhenDown,0x0056D270,1,0,S
CLocalisation,KillFrenzy,0x0056D2A0,1,0,S
CLocalisation,KillPeds,0x0056D2C0,1,0,S
CLocalisation,KnockDownPeds,0x0056D290,1,0,S
CLocalisation,Metric,0x0056D220,1,0,S
CLocalisation,PedsOnFire,0x0056D2D0,1,0,S
CLocalisation,Porn,0x0056D240,1,0,S
CLocalisation,Prostitutes,0x0056D260,1,0,S
CLocalisation,ScreamsFromKills,0x0056D250,1,0,S
CLocalisation,SetFrenchGame,0x0056D1C0,1,0,S
CLocalisation,SetGermanGame,0x0056D1E0,1,0,S
CLocalisation,SetNormalGame,0x0056D1A0,1,0,S
CLocalisation,ShootLimbs,0x0056D280,1,0,S
CLocalisation,StealFromDeadPed,0x0056D2B0,1,0,S
CLoadingScreen,Continue,0x00590320,1,0,S
CLoadingScreen,DisplayMessage,0x00590220,1,0,S
CLoadingScreen,DisplayNextSplash,0x005904D0,1,0,S
CLoadingScreen,DisplayPCScreen,0x00590570,1,0,S
CLoadingScreen,DoPCScreenChange,0x00590AC0,1,0,S
CLoadingScreen,DoPCTitleFadeIn,0x00590860,1,0,S
CLoadingScreen,DoPCTitleFadeOut,0x00590990,1,0,S
CLoadingScreen,GetClockTime,0x00590280,1,0,S
CLoadingScreen,Init,0x005902B0,1,0,S
CLoadingScreen,IsActive,0x00744DB5,1,0,S
CLoadingScreen,LoadSplashes,0x005900B0,1,0,S
CLoadingScreen,LoadingScreen,0x0053DED0,1,0,S
CLoadingScreen,NewChunkLoaded,0x00590D00,1,0,S
CLoadingScreen,Pause,0x00590310,1,0,S
CLoadingScreen,RenderLoadingBar,0x00590370,1,0,S
CLoadingScreen,RenderSplash,0x0058FF60,1,0,S
CLoadingScreen,SetLoadingBarMsg,0x00590240,1,0,S
CLoadingScreen,Shutdown,0x0058FF10,1,0,S
CLoadingScreen,StartFading,0x00590530,1,0,S
CLoadingScreen,Update,0x005905E0,1,0,S
CLoadedCarGroup,AddMember,0x00611BB0,1,0,S
CLoadedCarGroup,Clear,0x00611B90,1,0,S
CLoadedCarGroup,CountMembers,0x00611C30,1,0,S
CLoadedCarGroup,GetMember,0x00611C20,1,0,S
CLoadedCarGroup,PickLeastUsedModel,0x00611E90,1,0,S
CLoadedCarGroup,PickRandomCar,0x00611C50,1,0,S
CLoadedCarGroup,RemoveMember,0x00611BD0,1,0,S
CLoadedCarGroup,SortBasedOnUsage,0x00611E10,1,0,S
CLoadMonitor,BeginFrame,0x0053D030,1,0,S
CLoadMonitor,Constructor,0x0053CFA0,1,0,S
CLoadMonitor,Destructor,0x00856430,1,0,S
CLoadMonitor,EndFrame,0x0053D0B0,1,0,S
CLoadMonitor,EndTimer,0x0053D070,1,0,S
CLoadMonitor,Render,0x0053D480,1,0,S
CLoadMonitor,StartTimer,0x0053D050,1,0,S
CKeyboardState,Clear,0x0053F090,1,0,S
CIplStore,AddIplSlot,0x00405AC0,1,0,S
CIplStore,AddIplsNeededAtPosn,0x004045B0,1,0,S
CIplStore,ClearIplsNeededAtPosn,0x004045E0,1,0,S
CIplStore,EnableDynamicStreaming,0x00404D30,1,0,S
CIplStore,EnsureIplsAreInMemory,0x004053F0,1,0,S
CIplStore,FindIplSlot,0x00404AC0,1,0,S
CIplStore,GetBoundingBox,0x00404C70,1,0,S
CIplStore,GetIplEntityIndexArray,0x004047B0,1,0,S
CIplStore,GetIplName,0x00404A60,1,0,S
CIplStore,GetNewIplEntityIndexArray,0x00404780,1,0,S
CIplStore,HaveIplsLoaded,0x00405600,1,0,S
CIplStore,IncludeEntity,0x00404C90,1,0,S
CIplStore,Initialise,0x00405EC0,1,0,S
CIplStore,Load,0x005D54A0,1,0,S
CIplStore,LoadAllRemainingIpls,0x00405780,1,0,S
CIplStore,LoadIpl,0x00406080,1,0,S
CIplStore,LoadIplBoundingBox,0x00405C00,1,0,S
CIplStore,LoadIpls,0x00405170,1,0,S
CIplStore,RemoveAllIpls,0x00405720,1,0,S
CIplStore,RemoveIpl,0x00404B20,1,0,S
CIplStore,RemoveIplAndIgnore,0x00405890,1,0,S
CIplStore,RemoveIplSlot,0x00405B60,1,0,S
CIplStore,RemoveIplWhenFarAway,0x004058D0,1,0,S
CIplStore,RemoveRelatedIpls,0x00405110,1,0,S
CIplStore,RequestIplAndIgnore,0x00405850,1,0,S
CIplStore,RequestIpls,0x00405520,1,0,S
CIplStore,Save,0x005D5420,1,0,S
CIplStore,SetIfInteriorIplIsRequired,0x004045F0,1,0,S
CIplStore,SetIfIplIsRequired,0x00404660,1,0,S
CIplStore,SetIfIplIsRequiredReducedBB,0x00404690,1,0,S
CIplStore,SetIplsRequired,0x00404700,1,0,S
CIplStore,SetIsInterior,0x00404A90,1,0,S
CIplStore,SetupRelatedIpls,0x00404DE0,1,0,S
CIplStore,Shutdown,0x00405FA0,1,0,S
CInterestingEvents,Add,0x00602590,0,1,S
CInterestingEvents,Constructor,0x006023A0,0,1,S
CInterestingEvents,Destructor,0x00856880,0,1,S
CInterestingEvents,GetInterestingEvent,0x006028A0,0,1,S
CInterestingEvents,InvalidateEvent,0x00602960,1,0,S
CInterestingEvents,InvalidateNonVisibleEvents,0x006029C0,1,0,S
CInterestingEvents,ScanForNearbyEntities,0x00605A30,0,1,S
CIniFile,LoadIniFile,0x0056D070,1,0,S
CInformGroupEventQueue,Add,0x004B7CD0,1,0,S
CInformGroupEventQueue,Flush,0x004AC410,1,0,S
CInformGroupEventQueue,Init,0x004B2AD0,1,0,S
CInformGroupEventQueue,Process,0x004B2AE0,1,0,S
CInformGroupEvent,Constructor,0x004AC350,1,0,S
CInformGroupEvent,Destructor,0x004B29A0,1,0,S
CInformGroupEvent,Process,0x004B29E0,1,0,S
CInformFriendsEventQueue,Add,0x004AC1E0,1,0,S
CInformFriendsEventQueue,Flush,0x004AC2A0,1,0,S
CInformFriendsEventQueue,Init,0x004B2990,1,0,S
CInformFriendsEventQueue,Process,0x004AC2E0,1,0,S
CHudColours,Constructor,0x0058FDA0,1,0,S
CHudColours,GetIntColour,0x0058FD50,1,0,S
CHudColours,GetRGB,0x0058FEA0,1,0,S
CHudColours,GetRGBA,0x0058FEE0,1,0,S
CHudColours,SetRGBAValue,0x0058FD20,1,0,S
CHandShaker,Process,0x0050D930,1,0,S
CHandShaker,Reset,0x0050D860,1,0,S
CHandShaker,SetDefaults,0x00517330,1,0,S
CGridRef,GetAreaName,0x0071D670,1,0,S
CGridRef,GetArtistBugstarID,0x0071D650,1,0,S
CGridRef,GetGridRefPositions-,0x0071D5E0,1,0,S
CGridRef,GetGridRefPositions-vec,0x0071D5A0,1,0,S
CGridRef,Init,0x0071D4E0,1,0,S
CGlass,AskForObjectToBeRenderedInGlass,0x0071ACD0,1,0,S
CGlass,BreakGlassPhysically,0x0071CF50,1,0,S
CGlass,CalcAlphaWithNormal,0x0071ACF0,1,0,S
CGlass,CarWindscreenShatters,0x0071C2B0,1,0,S
CGlass,FindFreePane,0x0071ACA0,1,0,S
CGlass,FindWindowSectorList<CPtrListSingleLink<CPhysical*>>,0x0071AFC0,1,0,S
CGlass,GeneratePanesForWindow,0x0071B620,1,0,S
CGlass,HasGlassBeenShatteredAtCoors,0x0071CB70,1,0,S
CGlass,Init,0x0071A8D0,1,0,S
CGlass,IsObjectGlass,0x0046A760,1,0,S
CGlass,Render,0x0071CE20,1,0,S
CGlass,RenderHiLightPolys,0x0071ADA0,1,0,S
CGlass,RenderReflectionPolys,0x0071AED0,1,0,S
CGlass,RenderShatteredPolys,0x0071AE30,1,0,S
CGlass,Update,0x0071B0D0,1,0,S
CGlass,WasGlassHitByBullet,0x0071C0D0,1,0,S
CGlass,WindowRespondsToCollision,0x0071BC40,1,0,S
CGlass,WindowRespondsToExplosion,0x0071C1A0,1,0,S
CGlass,WindowRespondsToSoftCollision,0x0071AF70,1,0,S
CGenericGameStorage,CheckDataNotCorrupt,0x005D1170,0,1,S
CGenericGameStorage,CheckSlotDataValid,0x005D1380,0,1,S
CGenericGameStorage,CloseFile,0x005D0E30,0,1,S
CGenericGameStorage,DoGameSpecificStuffAfterSucessLoad,0x00618E90,0,1,S
CGenericGameStorage,DoGameSpecificStuffBeforeSave,0x00618F50,0,1,S
CGenericGameStorage,GenericLoad,0x005D17B0,1,0,S
CGenericGameStorage,GenericSave,0x005D13E0,1,0,S
CGenericGameStorage,GetCurrentVersionNumber,0x005D0F50,0,1,S
CGenericGameStorage,GetSavedGameDateAndTime,0x00618D00,0,1,S
CGenericGameStorage,InitRadioStationPositionList,0x00618E70,0,1,S
CGenericGameStorage,LoadDataFromWorkBuffer-org,0x005D1300,1,0,S
CGenericGameStorage,LoadWorkBuffer,0x005D10B0,0,1,S
CGenericGameStorage,MakeValidSaveName,0x005D0E90,0,1,S
CGenericGameStorage,OpenFileForReading,0x005D0D20,0,1,S
CGenericGameStorage,OpenFileForWriting,0x005D0DD0,0,1,S
CGenericGameStorage,ReportError,0x005D08C0,1,0,S
CGenericGameStorage,RestoreForStartLoad,0x00619000,0,1,S
CGenericGameStorage,SaveDataToWorkBuffer-org,0x005D1270,1,0,S
CGenericGameStorage,SaveWorkBuffer,0x005D0F80,0,1,S
CGeneral,GetATanOfXY,0x0053CC70,1,0,S
CGeneral,GetAngleBetweenPoints,0x0053CEA0,1,0,S
CGeneral,GetNodeHeadingFromVector,0x0053CDC0,1,0,S
CGeneral,GetRadianAngleBetweenPoints-,0x0053CBE0,1,0,S
CGeneral,GetRandomNumberInRange<float>-,0x0041BD90,1,1,S
CGeneral,GetRandomNumberInRange_int32,0x00407180,1,0,S
CGeneral,LimitAngle,0x0053CB00,1,0,S
CGeneral,LimitRadianAngle,0x0053CB50,1,0,S
CGeneral,SolveQuadratic,0x0053CE30,1,0,S
CGarages,ActivateGarage,0x00447CD0,1,0,S
CGarages,AllRespraysCloseOrOpen,0x00448B30,1,0,S
CGarages,ChangeGarageType,0x004476D0,1,0,S
CGarages,CloseHideOutGaragesBeforeSave,0x0044A170,1,0,S
CGarages,DeActivateGarage,0x00447CB0,1,0,S
CGarages,GetGarageNumberByName,0x00447680,1,0,S
CGarages,Init,0x00447120,1,0,S
CGarages,Init_AfterRestart,0x00448B60,1,0,S
CGarages,IsCarSprayable,0x004479A0,1,0,S
CGarages,IsGarageClosed,0x00447D30,1,0,S
CGarages,IsGarageOpen,0x00447D00,1,0,S
CGarages,IsModelIndexADoor,0x00448AF0,1,0,S
CGarages,IsPointWithinHideOutGarage,0x00448900,1,0,S
CGarages,Load,0x005D3270,1,0,S
CGarages,PlayerArrestedOrDied,0x00449E60,1,0,S
CGarages,PrintMessages,0x00447790,1,0,S
CGarages,Save,0x005D3160,1,0,S
CGarages,SetTargetCarForMissionGarage,0x00447C40,1,0,S
CGarages,Shutdown,0x004471B0,1,0,S
CGarages,TriggerMessage,0x00447B80,1,0,S
CGarages,Update,0x0044C8C0,1,0,S
CGarage,BuildRotatedDoorMatrix,0x004479F0,1,0,S
CGarage,CloseThisGarage,0x00447D70,1,0,S
CGarage,OpenThisGarage,0x00447D50,1,0,S
CGarage,StoreAndRemoveCarsForThisHideOut,0x00449900,1,0,S
CGangs,ChooseGangPedModel,0x005DE5A0,1,0,S
CGangs,GetWillAttackPlayerWithCops,0x005DE500,1,0,S
CGangs,Initialise,0x005DE680,1,0,S
CGangs,Load,0x005D3A90,1,0,S
CGangs,Save,0x005D3A60,1,0,S
CGangs,SetGangPedModelOverride,0x005DE580,1,0,S
CGangs,SetGangWeapons,0x005DE550,1,0,S
CGangs,SetWillAttackPlayerWithCops,0x005DE4E0,1,0,S
CGangWars,AddKillToProvocation,0x00443950,0,1,S
CGangWars,AttackWaveOvercome,0x00445B30,1,0,S
CGangWars,CalculateTimeTillNextAttack,0x00443DB0,1,0,S
CGangWars,CanPlayerStartAGangWarHere,0x00443F80,1,0,S
CGangWars,CheerVictory,0x00444040,1,0,S
CGangWars,ClearSpecificZonesToTriggerGangWar,0x00443FF0,1,0,S
CGangWars,ClearTheStreets,0x004444B0,1,0,S
CGangWars,CreateAttackWave,0x00444810,0,1,S
CGangWars,CreateDefendingGroup,0x004453D0,1,0,S
CGangWars,DoStuffWhenPlayerVictorious,0x00446400,1,0,S
CGangWars,DoesPlayerControlThisZone,0x00443AE0,1,0,S
CGangWars,DontCreateCivilians,0x004439C0,1,0,S
CGangWars,EndGangWar,0x004464C0,1,0,S
CGangWars,GangWarFightingGoingOn,0x00443AC0,1,0,S
CGangWars,GangWarGoingOn,0x00443AA0,1,0,S
CGangWars,InitAtStartOfGame,0x00443920,1,0,S
CGangWars,Load,0x005D3EB0,1,0,S
CGangWars,MakeEnemyGainInfluenceInZone,0x00445FD0,1,0,S
CGangWars,MakePlayerGainInfluenceInZone,0x00445E80,1,0,S
CGangWars,PedStreamedInForThisGang,0x004439D0,1,0,S
CGangWars,PickStreamedInPedForThisGang,0x00443A20,1,0,S
CGangWars,PickZoneToAttack,0x00443B00,1,0,S
CGangWars,ReleaseCarsInAttackWave,0x00445E20,1,0,S
CGangWars,ReleasePedsInAttackWave,0x00445C30,1,0,S
CGangWars,Save,0x005D5530,1,0,S
CGangWars,SetGangWarsActive,0x00446570,1,0,S
CGangWars,SetSpecificZoneToTriggerGangWar,0x00444010,1,0,S
CGangWars,StartDefensiveGangWar,0x00444300,1,0,S
CGangWars,StartOffensiveGangWar,0x00446050,1,0,S
CGangWars,StrengthenPlayerInfluenceInZone,0x00445F50,1,0,S
CGangWars,SwitchGangWarsActive,0x004465F0,1,0,S
CGangWars,TellGangMembersTo,0x00444530,1,0,S
CGangWars,TellStreamingWhichGangsAreNeeded,0x00443D50,1,0,S
CGangWars,Update,0x00446610,0,1,S
CGangWars,UpdateTerritoryUnderControlPercentage,0x00443DE0,1,0,S
CGamma,Init,0x00747180,1,0,S
CGamma,SetGamma,0x00747200,1,0,S
CGameLogic,CalcDistanceToForbiddenTrainCrossing,0x004418E0,1,0,S
CGameLogic,ClearSkip,0x00441560,1,0,S
CGameLogic,DoWeaponStuffAtStartOf2PlayerGame,0x004428B0,1,0,S
CGameLogic,FindCityClosestToPoint,0x00441B70,1,0,S
CGameLogic,ForceDeathRestart,0x00441240,1,0,S
CGameLogic,InitAtStartOfGame,0x00441210,1,0,S
CGameLogic,IsCoopGameGoingOn,0x00441390,1,0,S
CGameLogic,IsPlayerAllowedToGoInThisDirection,0x00441E10,1,0,S
CGameLogic,IsPlayerUse2PlayerControls,0x00442020,1,0,S
CGameLogic,IsPointWithinLineArea,0x004416E0,1,0,S
CGameLogic,IsSkipWaitingForScriptToFadeIn,0x004416C0,1,0,S
CGameLogic,LaRiotsActiveHere,0x00441C10,1,0,S
CGameLogic,Load,0x005D3440,1,0,S
CGameLogic,PassTime,0x004414C0,1,0,S
CGameLogic,Remove2ndPlayerIfPresent,0x004413C0,1,0,S
CGameLogic,ResetStuffUponResurrection,0x00442980,1,0,S
CGameLogic,RestorePedsWeapons,0x00441D30,1,0,S
CGameLogic,RestorePlayerStuffDuringResurrection,0x00442060,1,0,S
CGameLogic,Save,0x005D33C0,1,0,S
CGameLogic,SetPlayerWantedLevelForForbiddenTerritories,0x00441770,1,0,S
CGameLogic,SetUpSkip,0x004423C0,1,0,S
CGameLogic,SkipCanBeActivated,0x004415C0,1,0,S
CGameLogic,SortOutStreamingAndMemory,0x00441440,1,0,S
CGameLogic,StopPlayerMovingFromDirection,0x00441290,1,0,S
CGameLogic,StorePedsWeapons,0x00441D00,1,0,S
CGameLogic,Update,0x00442AD0,1,0,S
CGameLogic,UpdateSkip,0x00442480,1,0,S
CGame,CameraDestroy,0x0072FD90,1,0,S
CGame,CanSeeOutSideFromCurrArea,0x0053C4A0,1,0,S
CGame,CanSeeWaterFromCurrArea,0x0053C4B0,1,0,S
CGame,DrasticTidyUpMemory,0x0053C810,1,0,S
CGame,FinalShutdown,0x0053BC30,1,0,S
CGame,Init1,0x005BF840,1,0,S
CGame,Init2,0x005BA1A0,1,0,S
CGame,Init3,0x005BA400,1,0,S
CGame,Initialise,0x0053BC80,1,0,S
CGame,InitialiseCoreDataAfterRW,0x005BFA90,1,0,S
CGame,InitialiseEssentialsAfterRW,0x005BA160,1,0,S
CGame,InitialiseOnceBeforeRW,0x0053BB50,1,0,S
CGame,InitialiseRenderWare,0x005BD600,1,0,S
CGame,InitialiseWhenRestarting,0x0053C680,1,0,S
CGame,Process,0x0053BEE0,1,0,S
CGame,ReInitGameObjectVariables,0x0053BCF0,1,0,S
CGame,ReloadIPLs,0x0053BED0,1,0,S
CGame,ShutDownForRestart,0x0053C550,1,0,S
CGame,Shutdown,0x0053C900,1,0,S
CGame,ShutdownRenderWare,0x0053BB80,1,0,S
CGame,TidyUpMemory,0x0053C500,1,0,S
CGame,ValidateVersion,0x005BA0BC,1,0,S
CFormation,DistributeDestinations,0x0069B240,0,1,S
CFormation,DistributeDestinations_CoverPoints,0x0069B5B0,0,1,S
CFormation,DistributeDestinations_PedsToAttack,0x0069B700,0,1,S
CFormation,FindCoverPoints,0x0069B860,0,1,S
CFormation,FindCoverPointsBehindBox,0x00699FF0,1,0,S
CFormation,GenerateGatherDestinations,0x0069A620,0,1,S
CFormation,GenerateGatherDestinations_AroundCar,0x0069A770,0,1,S
CFormation,ReturnDestinationForPed,0x00699FA0,0,1,S
CFormation,ReturnTargetPedForPed,0x00699F50,0,1,S
CFont,DrawFonts,0x0071A210,1,0,S
CFont,FindSubFontCharacter,0x007192C0,0,1,S
CFont,GetCharacterSize,0x00719750,1,0,S
CFont,GetLetterIdPropValue,0x00718770,1,0,S
CFont,GetNumberLines,0x0071A5E0,1,0,S
CFont,GetStringWidth,0x0071A0E0,1,0,S
CFont,GetTextRect,0x0071A620,1,0,S
CFont,InitPerFrame,0x00719800,1,0,S
CFont,Initialise,0x005BA690,1,0,S
CFont,LoadFontValues,0x007187C0,1,0,S
CFont,ParseToken,0x00718F00,1,0,S
CFont,PrintChar,0x00718A10,0,1,S
CFont,PrintString,0x0071A700,1,0,S
CFont,PrintStringFromBottom,0x0071A820,1,0,S
CFont,ProcessCurrentString,0x0071A220,0,1,S
CFont,ProcessStringToDisplay,0x0071A600,1,0,S
CFont,RenderFontBuffer,0x00719840,0,1,S
CFont,SetAlphaFade,0x00719500,1,0,S
CFont,SetBackground,0x007195C0,1,0,S
CFont,SetBackgroundColor,0x007195E0,1,0,S
CFont,SetCentreSize,0x007194E0,1,0,S
CFont,SetColor,0x00719430,1,0,S
CFont,SetDropColor,0x00719510,1,0,S
CFont,SetDropShadowPosition,0x00719570,1,0,S
CFont,SetEdge,0x00719590,1,0,S
CFont,SetFontStyle,0x00719490,1,0,S
CFont,SetJustify,0x00719600,1,0,S
CFont,SetOrientation,0x00719610,1,0,S
CFont,SetProportional,0x007195B0,1,0,S
CFont,SetRightJustifyWrap,0x007194F0,1,0,S
CFont,SetScale,0x00719380,1,0,S
CFont,SetScaleForCurrentLanguage,0x007193A0,1,0,S
CFont,SetSlant,0x00719420,1,0,S
CFont,SetSlantRefPoint,0x00719400,1,0,S
CFont,SetWrapx,0x007194D0,1,0,S
CFont,Shutdown,0x007189B0,1,0,S
CFireManager,ClearAllScriptFireFlags,0x005397A0,1,0,S
CFireManager,Constructor,0x00539DA0,1,0,S
CFireManager,CreateAllFxSystems,0x00539D50,1,0,S
CFireManager,DestroyAllFxSystems,0x00539D10,1,0,S
CFireManager,Destructor,0x00538BB0,1,0,S
CFireManager,ExtinguishPoint,0x00539450,1,0,S
CFireManager,ExtinguishPointWithWater,0x005394C0,1,0,S
CFireManager,FindNearestFire,0x00538F40,1,0,S
CFireManager,GetNextFreeFire,0x00539E50,1,0,S
CFireManager,GetNumFiresInArea,0x00539860,1,0,S
CFireManager,GetNumFiresInRange,0x005397F0,1,0,S
CFireManager,GetNumOfNonScriptFires,0x00538F10,1,0,S
CFireManager,GetScriptFireCoords,0x005397E0,1,0,S
CFireManager,Init,0x00538BC0,1,0,S
CFireManager,IsScriptFireExtinguished,0x005396E0,1,0,S
CFireManager,PlentyFiresAvailable,0x00539340,1,0,S
CFireManager,RemoveAllScriptFires,0x00539720,1,0,S
CFireManager,RemoveScriptFire,0x00539700,1,0,S
CFireManager,SetScriptFireAudio,0x005397B0,1,0,S
CFireManager,Shutdown,0x00539DD0,1,0,S
CFireManager,StartFire-,0x0053A050,1,0,S
CFireManager,StartFire-NoTarget,0x00539F00,1,0,S
CFireManager,StartScriptFire,0x0053A270,1,0,S
CFireManager,Update,0x0053AF00,1,0,S
CFire,Constructor,0x00539D90,1,0,S
CFire,CreateFxSysForStrength,0x00539360,1,0,S
CFire,Extinguish,0x005393F0,1,0,S
CFire,Initialise,0x00538B30,1,0,S
CFire,ProcessFire,0x0053A570,1,0,S
CFileMgr,ChangeDir,0x00538730,1,0,S
CFileMgr,CloseFile,0x005389D0,1,1,S
CFileMgr,GetErrorReadWrite,0x00538A50,1,1,S
CFileMgr,GetTotalSize,0x005389E0,1,1,S
CFileMgr,InitUserDirectories,0x00744FB0,1,0,S
CFileMgr,Initialise,0x005386F0,1,0,S
CFileMgr,LoadFile,0x00538890,1,1,S
CFileMgr,OpenFile,0x00538900,1,1,S
CFileMgr,OpenFileForAppending,0x00538930,1,1,S
CFileMgr,OpenFileForWriting,0x00538910,1,1,S
CFileMgr,Read,0x00538950,1,1,S
CFileMgr,ReadLine,0x005389B0,1,1,S
CFileMgr,Seek,0x00538990,1,1,S
CFileMgr,SetDir,0x005387D0,1,0,S
CFileMgr,SetDirMyDocuments,0x00538860,1,1,S
CFileMgr,Tell,0x00538A20,1,1,S
CFileMgr,Write,0x00538970,1,1,S
CFileLoader,AddTexDictionaries,0x005B3910,1,0,S
CFileLoader,FindRelatedModelInfoCB,0x005B3930,1,0,S
CFileLoader,FinishLoadClumpFile,0x00537450,1,0,S
CFileLoader,LinkLods,0x005B51E0,1,0,S
CFileLoader,LoadAnimatedClumpObject,0x005B40C0,1,0,S
CFileLoader,LoadAtomicFile-,0x005B39D0,1,0,S
CFileLoader,LoadAtomicFile-stream,0x005371F0,1,0,S
CFileLoader,LoadAudioZone,0x005B4D70,1,0,S
CFileLoader,LoadCarGenerator-0,0x00537990,1,0,S
CFileLoader,LoadCarGenerator-1,0x005B4740,1,0,S
CFileLoader,LoadCarPathNode,0x005B4380,1,0,S
CFileLoader,LoadClumpFile-,0x005B3A30,1,0,S
CFileLoader,LoadClumpFile-1,0x005372D0,1,0,S
CFileLoader,LoadClumpObject,0x005B4040,1,0,S
CFileLoader,LoadCollisionFile-Buffer,0x00538440,1,0,S
CFileLoader,LoadCollisionFile-File,0x005B4E60,1,0,S
CFileLoader,LoadCollisionFileFirstTime,0x005B5000,1,0,S
CFileLoader,LoadCollisionModel,0x00537580,1,0,S
CFileLoader,LoadCollisionModelVer2,0x00537EE0,1,0,S
CFileLoader,LoadCollisionModelVer3,0x00537CE0,1,0,S
CFileLoader,LoadCollisionModelVer4,0x00537AE0,1,0,S
CFileLoader,LoadCullZone,0x005B4B40,1,0,S
CFileLoader,LoadEntryExit,0x005B8030,1,0,S
CFileLoader,LoadGarage,0x005B4530,1,0,S
CFileLoader,LoadLevel,0x005B9030,1,0,S
CFileLoader,LoadLine-Bufer,0x00536FE0,1,0,S
CFileLoader,LoadLine-File,0x00536F80,1,0,S
CFileLoader,LoadObject,0x005B3C60,1,0,S
CFileLoader,LoadObjectInstance-file,0x00538690,1,0,S
CFileLoader,LoadObjectInstance-inst,0x00538090,1,0,S
CFileLoader,LoadObjectTypes,0x005B8400,1,0,S
CFileLoader,LoadOcclusionVolume,0x005B4C80,1,0,S
CFileLoader,LoadPathHeader,0x005B41C0,1,0,S
CFileLoader,LoadPedObject,0x005B7420,1,0,S
CFileLoader,LoadPedPathNode,0x005B41F0,1,0,S
CFileLoader,LoadPickup,0x005B47B0,1,0,S
CFileLoader,LoadScene,0x005B8700,1,0,S
CFileLoader,LoadStuntJump,0x005B45D0,1,0,S
CFileLoader,LoadTXDParent,0x005B75E0,1,0,S
CFileLoader,LoadTexDictionary,0x005B3860,1,0,S
CFileLoader,LoadTimeCyclesModifier,0x005B81D0,1,0,S
CFileLoader,LoadTimeObject,0x005B3DE0,1,0,S
CFileLoader,LoadVehicleObject,0x005B6F30,1,0,S
CFileLoader,LoadWeaponObject,0x005B3FB0,1,0,S
CFileLoader,LoadZone,0x005B4AB0,1,0,S
CFileLoader,SetRelatedModelInfoCB,0x00537150,1,0,S
CFileLoader,StartLoadClumpFile,0x005373F0,1,0,S
CFallingGlassPane,Render,0x0071B100,1,0,S
CFallingGlassPane,Update,0x0071AA10,1,0,S
CExplosion,AddExplosion,0x00736A50,1,0,S
CExplosion,ClearAllExplosions,0x00736840,1,0,S
CExplosion,DoesExplosionMakeSound,0x00736920,1,0,S
CExplosion,GetExplosionActiveCounter,0x00736900,1,0,S
CExplosion,GetExplosionPosition,0x00736940,1,0,S
CExplosion,GetExplosionType,0x00736930,1,0,S
CExplosion,Initialise,0x00736A40,1,0,S
CExplosion,RemoveAllExplosionsInArea,0x007369E0,1,0,S
CExplosion,ResetExplosionActiveCounter,0x00736910,1,0,S
CExplosion,Shutdown,0x007368F0,1,0,S
CExplosion,TestForExplosionInArea,0x00736950,1,0,S
CExplosion,Update,0x00737620,1,0,S
CEscalators,AddOne,0x00717C90,1,0,S
CEscalators,Init,0x00717C50,1,0,S
CEscalators,Shutdown,0x00717940,1,0,S
CEscalators,Update,0x00718580,1,0,S
CEscalator,AddThisOne,0x00717970,1,0,S
CEscalator,Constructor,0x00717110,1,0,S
CEscalator,Destructor,0x00717130,1,0,S
CEscalator,SwitchOff,0x00717860,1,0,S
CEscalator,Update,0x00717D30,1,0,S
CEntryExitManager,AddEntryExitToStack,0x0043E410,1,0,S
CEntryExitManager,AddOne,0x0043FA00,1,0,S
CEntryExitManager,DeleteOne,0x0043FD50,1,0,S
CEntryExitManager,EnableBurglaryHouses,0x0043F180,1,0,S
CEntryExitManager,FindNearestDoor,0x0043F630,1,0,S
CEntryExitManager,FindNearestEntryExit,0x0043F4B0,1,0,S
CEntryExitManager,GetEntryExitIndex,0x0043EFD0,1,0,S
CEntryExitManager,GetPositionRelativeToOutsideWorld,0x0043F150,1,1,S
CEntryExitManager,Init,0x0043F880,1,0,S
CEntryExitManager,LinkEntryExit,0x0043F050,1,0,S
CEntryExitManager,Load,0x005D55C0,1,0,S
CEntryExitManager,PostEntryExitsCreation,0x0043F0A0,1,0,S
CEntryExitManager,ResetAreaCodeForVisibleObjects,0x0043ED80,1,0,S
CEntryExitManager,Save,0x005D5970,1,0,S
CEntryExitManager,SetAreaCodeForVisibleObjects,0x0043ECF0,1,0,S
CEntryExitManager,Shutdown,0x00440B90,1,0,S
CEntryExitManager,ShutdownForRestart,0x00440C40,1,0,S
CEntryExitManager,Update,0x00440D10,1,0,S
CEntryExit,FindValidTeleportPoint,0x0043EAF0,1,0,S
CEntryExit,GenerateAmbientPeds,0x0043E8B0,1,0,S
CEntryExit,GetEntryExitToDisplayNameOf,0x0043E650,1,0,S
CEntryExit,GetPositionRelativeToOutsideWorld,0x0043EA00,1,1,S
CEntryExit,IsInArea,0x0043E460,1,0,S
CEntryExit,ProcessStealableObjects,0x0043E990,1,0,S
CEntryExit,RequestAmbientPeds,0x0043E6D0,1,0,S
CEntryExit,RequestObjectsInFrustum,0x0043E690,1,0,S
CEntryExit,TransitionFinished,0x004404A0,0,1,S
CEntryExit,TransitionStarted,0x0043FFD0,1,0,S
CEntryExit,WarpGangWithPlayer,0x0043F1F0,1,0,S
CEntityScanner,Clear,0x005FF9D0,1,0,S
CEntityScanner,Constructor,0x005FF990,1,0,S
CEntityScanner,Destructor,0x00603480,1,0,S
CEntityScanner,ScanForEntitiesInRange,0x005FFA20,0,1,S
CDraw,CalculateAspectRatio,0x006FF420,1,0,S
CDraw,SetFOV,0x006FF410,1,0,S
CDoor,GetAngleOpenRatio,0x006F47E0,1,0,S
CDoor,IsClosed,0x006F4800,1,0,S
CDoor,IsFullyOpen,0x006F4820,1,0,S
CDoor,Open,0x006F4790,1,0,S
CDoor,Process,0x006F4040,1,0,S
CDoor,ProcessImpact,0x006F4540,1,0,S
CDirectory,AddItem-,0x00532310,1,0,S
CDirectory,Constructor-Capacity,0x005322A0,1,0,S
CDirectory,Constructor-Empty,0x00532290,1,0,S
CDirectory,Destructor,0x005322D0,1,0,S
CDirectory,FindItem-,0x00532450,1,0,S
CDirectory,FindItem-ByHash,0x005324D0,1,0,S
CDirectory,FindItem-ByName,0x005324A0,1,0,S
CDirectory,Init,0x005322F0,1,0,S
CDirectory,ReadDirFile,0x00532350,1,0,S
CDirectory,WriteDirFile,0x00532410,1,0,S
CDebug,DebugDisplayTextBuffer,0x00532260,1,0,S
CDarkel,CalcFade,0x0043D740,1,0,S
CDarkel,CheckDamagedWeaponType,0x0043D9E0,1,0,S
CDarkel,DealWithWeaponChangeAtEndOfFrenzy,0x0043D7A0,1,0,S
CDarkel,DrawMessages,0x0043CEC0,1,0,S
CDarkel,FailKillFrenzy,0x0043DC60,1,0,S
CDarkel,FindTotalPedsKilledByPlayer,0x0043D6E0,1,0,S
CDarkel,FrenzyOnGoing,0x0043D1F0,1,0,S
CDarkel,Init,0x0043CEB0,1,0,S
CDarkel,QueryModelsKilledByPlayer,0x0043D6C0,1,0,S
CDarkel,ReadStatus,0x0043D1E0,1,0,S
CDarkel,RegisterCarBlownUpByPlayer,0x0043DF20,1,0,S
CDarkel,RegisterKillByPlayer,0x0043DCD0,1,0,S
CDarkel,RegisterKillNotByPlayer,0x0043D210,1,0,S
CDarkel,ResetModelsKilledByPlayer,0x0043D6A0,1,0,S
CDarkel,ResetOnPlayerDeath,0x0043DC10,1,0,S
CDarkel,StartFrenzy,0x0043D3B0,1,0,S
CDarkel,ThisPedShouldBeKilledForFrenzy,0x0043D2F0,1,0,S
CDarkel,ThisVehicleShouldBeKilledForFrenzy,0x0043D350,1,0,S
CDarkel,Update,0x0043DAC0,1,0,S
CDamageManager,ApplyDamage,0x006C24B0,1,0,S
CDamageManager,FuckCarCompletely,0x006C25D0,1,0,S
CDamageManager,GetAeroplaneCompStatus,0x006C2300,1,0,S
CDamageManager,GetCarNodeIndexFromDoor,0x006C26F0,1,0,S
CDamageManager,GetCarNodeIndexFromPanel,0x006C26A0,1,0,S
CDamageManager,GetComponentGroup,0x006C2040,1,0,S
CDamageManager,GetDoorStatus,0x006C2230,1,0,S
CDamageManager,GetDoorStatus_Component,0x006C2250,1,0,S
CDamageManager,GetEngineStatus,0x006C22C0,1,0,S
CDamageManager,GetLightStatus,0x006C2130,1,0,S
CDamageManager,GetPanelStatus,0x006C2180,1,0,S
CDamageManager,GetWheelStatus,0x006C21B0,1,0,S
CDamageManager,Init,0x006A0520,1,0,S
CDamageManager,ProgressAeroplaneDamage,0x006C2460,1,0,S
CDamageManager,ProgressDoorDamage,0x006C2320,1,0,S
CDamageManager,ProgressEngineDamage,0x006C23B0,1,0,S
CDamageManager,ProgressPanelDamage,0x006C23C0,1,0,S
CDamageManager,ProgressWheelDamage,0x006C2440,1,0,S
CDamageManager,ResetDamageStatus,0x006C20E0,1,0,S
CDamageManager,ResetDamageStatusAndWheelDamage,0x006A04E0,1,0,S
CDamageManager,SetAeroplaneCompStatus,0x006C22D0,1,0,S
CDamageManager,SetDoorStatus-,0x006C21C0,1,0,S
CDamageManager,SetDoorStatus_Component,0x006C21E0,1,0,S
CDamageManager,SetEngineStatus,0x006C22A0,1,0,S
CDamageManager,SetLightStatus,0x006C2100,1,0,S
CDamageManager,SetPanelStatus,0x006C2150,1,0,S
CDamageManager,SetWheelStatus,0x006C21A0,1,0,S
CCutsceneMgr,AddCutsceneHead,0x005B0380,1,0,S
CCutsceneMgr,AppendToNextCutscene,0x004D5DB0,1,0,S
CCutsceneMgr,AttachObjectToBone,0x005B0450,1,0,S
CCutsceneMgr,AttachObjectToFrame,0x005B0480,1,0,S
CCutsceneMgr,AttachObjectToParent,0x005B04B0,1,0,S
CCutsceneMgr,BuildCutscenePlayer,0x004D5E20,1,0,S
CCutsceneMgr,CalculateBoundingSphereRadiusCB,0x005B0130,1,0,S
CCutsceneMgr,CreateCutsceneObject,0x005B02A0,1,0,S
CCutsceneMgr,DeleteCutsceneData,0x004D5ED0,1,0,S
CCutsceneMgr,DeleteCutsceneData_overlay,0x005AFD60,1,0,S
CCutsceneMgr,FinishCutscene,0x005B04D0,1,0,S
CCutsceneMgr,GetCutsceneTimeInMilleseconds,0x005B0550,1,0,S
CCutsceneMgr,HasCutsceneFinished,0x005B0570,1,0,S
CCutsceneMgr,HideRequestedObjects,0x005AFAD0,1,0,S
CCutsceneMgr,Initialise,0x004D5A20,1,0,S
CCutsceneMgr,IsCutsceneSkipButtonBeingPressed,0x004D5D10,1,0,S
CCutsceneMgr,LoadAnimationUncompressed,0x004D5AB0,1,0,S
CCutsceneMgr,LoadCutsceneData,0x004D5E80,1,0,S
CCutsceneMgr,LoadCutsceneData_loading,0x005B11C0,1,0,S
CCutsceneMgr,LoadCutsceneData_overlay,0x005B13F0,1,0,S
CCutsceneMgr,LoadCutsceneData_postload,0x005AFBC0,1,0,S
CCutsceneMgr,LoadCutsceneData_preload,0x005B05A0,1,0,S
CCutsceneMgr,LoadEverythingBecauseCutsceneDeletedAllOfIt,0x004D5C10,1,0,S
CCutsceneMgr,RemoveCutscenePlayer,0x004D5E50,1,0,S
CCutsceneMgr,RemoveEverythingBecauseCutsceneDoesntFitInMemory,0x004D5AF0,1,0,S
CCutsceneMgr,SetCutsceneAnim,0x005B0390,1,0,S
CCutsceneMgr,SetCutsceneAnimToLoop,0x005B0420,1,0,S
CCutsceneMgr,SetHeadAnim,0x005B0440,1,0,S
CCutsceneMgr,SetupCutsceneToStart,0x005B14D0,1,0,S
CCutsceneMgr,Shutdown,0x004D5E60,1,0,S
CCutsceneMgr,SkipCutscene,0x005B1700,1,0,S
CCutsceneMgr,StartCutscene,0x005B1460,1,0,S
CCutsceneMgr,Update,0x004D5D00,1,0,S
CCutsceneMgr,UpdateCutsceneObjectBoundingBox,0x005B01E0,1,0,S
CCutsceneMgr,Update_overlay,0x005B1720,1,0,S
CCustomRoadsignMgr,CreateRoadsignAtomic,0x006FF2D0,1,0,S
CCustomRoadsignMgr,CreateRoadsignAtomicA,0x006FEDA0,1,0,S
CCustomRoadsignMgr,CreateRoadsignTexture,0x006FECA0,1,0,S
CCustomRoadsignMgr,Initialise,0x006FE120,1,0,S
CCustomRoadsignMgr,RenderRoadsignAtomic,0x006FF350,1,0,S
CCustomRoadsignMgr,RoadsignGenerateTextRaster,0x006FEB70,1,0,S
CCustomRoadsignMgr,SetAtomicAlpha,0x006FE240,1,0,S
CCustomRoadsignMgr,SetupRoadsignAtomic,0x006FED60,1,0,S
CCustomRoadsignMgr,Shutdown,0x006FE180,1,0,S
CCustomCarPlateMgr,AtomicSetCarplateTextureCB,0x006FE0D0,1,0,S
CCustomCarPlateMgr,AtomicUpgradeSetCarplateTextureCB,0x006FDFC0,1,0,S
CCustomCarPlateMgr,CreatePlateTexture,0x006FDEA0,1,0,S
CCustomCarPlateMgr,GeneratePlateText,0x006FD5B0,1,0,S
CCustomCarPlateMgr,GetMapRegionPlateDesign,0x006FD7A0,1,0,S
CCustomCarPlateMgr,Initialise,0x006FD500,1,0,S
CCustomCarPlateMgr,MaterialSetCarplateTextureCB,0x006FE060,1,0,S
CCustomCarPlateMgr,MaterialUpgradeSetCarplateTextureCB,0x006FDF50,1,0,S
CCustomCarPlateMgr,RenderLicenseplateTextToRaster,0x006FDD70,1,0,S
CCustomCarPlateMgr,SetupClump,0x006FE0F0,1,0,S
CCustomCarPlateMgr,SetupClumpAfterVehicleUpgrade,0x006FDFE0,1,0,S
CCustomCarPlateMgr,SetupMaterialPlateTexture,0x006FE020,1,0,S
CCustomCarPlateMgr,SetupMaterialPlatebackTexture,0x006FDE50,1,0,S
CCustomCarPlateMgr,Shutdown,0x006FD720,1,0,S
CCustomBuildingRenderer,AtomicSetup,0x005D7F00,0,1,S
CCustomBuildingRenderer,Initialise,0x005D7EC0,1,0,S
CCustomBuildingRenderer,IsCBPCPipelineAttached,0x005D7F40,0,1,S
CCustomBuildingRenderer,PluginAttach,0x005D7EF0,1,0,S
CCustomBuildingRenderer,Shutdown,0x005D7EE0,1,0,S
CCustomBuildingRenderer,Update,0x005D8050,0,1,S
CCustomBuildingRenderer,UpdateDayNightBalanceParam,0x005D7F80,0,1,S
CCustomBuildingPipeline,CreateCustomObjPipe,0x005D7AA0,1,0,S
CCustomBuildingPipeline,CreatePipe,0x005D7D90,1,0,S
CCustomBuildingPipeline,CustomPipeAtomicSetup,0x005D7E50,1,0,S
CCustomBuildingPipeline,CustomPipeMaterialSetup,0x005D7DB0,1,0,S
CCustomBuildingPipeline,CustomPipeReinstanceCB,0x005D77A0,1,0,S
CCustomBuildingPipeline,CustomPipeRenderCB,0x005D77D0,1,0,S
CCustomBuildingPipeline,DestroyPipe,0x005D7380,1,0,S
CCurves,CalcCorrectedDist,0x0043C880,1,0,S
CCurves,CalcCurvePoint,0x0043C900,1,0,S
CCurves,CalcSpeedScaleFactor,0x0043C710,1,0,S
CCurves,CalcSpeedVariationInBend,0x0043C660,1,0,S
CCurves,DistForLineToCrossOtherLine,0x0043C610,1,0,S
CCurves,TestCurves,0x0043C600,1,1,S
CCurrentVehicle,Display,0x00571EA0,1,0,S
CCurrentVehicle,Process,0x00572040,1,0,S
CCullZones,AddCullZone,0x0072DF70,1,0,S
CCullZones,AddMirrorAttributeZone,0x0072DC10,1,0,S
CCullZones,AddTunnelAttributeZone,0x0072DB50,1,0,S
CCullZones,Cam1stPersonForPlayer,0x0072DD40,1,0,S
CCullZones,CamCloseInForPlayer,0x0072DD20,1,0,S
CCullZones,CamNoRain,0x0072DDB0,1,0,S
CCullZones,CamStairsForPlayer,0x0072DD30,1,0,S
CCullZones,DoExtraAirResistanceForPlayer,0x0072DDD0,1,0,S
CCullZones,DoINeedToLoadCollision,0x0072DDA0,1,0,S
CCullZones,FewerCars,0x0072DD80,1,0,S
CCullZones,FewerPeds,0x0072DD90,1,0,S
CCullZones,FindAttributesForCoors,0x0072D970,1,0,S
CCullZones,FindMirrorAttributesForCoors,0x0072DA70,1,0,S
CCullZones,FindTunnelAttributesForCoors,0x0072D9F0,1,0,S
CCullZones,FindZoneWithStairsAttributeForPlayer,0x0072DAD0,1,0,S
CCullZones,InRoomForAudio,0x0072DD70,1,0,S
CCullZones,Init,0x0072D6B0,1,0,S
CCullZones,NoPolice,0x0072DD50,1,0,S
CCullZones,PlayerNoRain,0x0072DDC0,1,0,S
CCullZones,PoliceAbandonCars,0x0072DD60,1,0,S
CCullZones,Update,0x0072DEC0,1,0,S
CCrime,FindImmediateDetectionRange,0x00531FC0,1,0,S
CCrime,ReportCrime,0x00532010,1,0,S
CCreepingFire,SetReadyToBurn,0x00539CC0,1,0,S
CCreepingFire,TryToStartFireAtCoors,0x0053A450,1,0,S
CCreepingFire,Update,0x00539CE0,1,0,S
CCranes,InitCranes,0x006F3FC0,1,0,S
CCranes,IsThisCarBeingCarriedByAnyCrane,0x006F3FF0,1,0,S
CCranes,IsThisCarBeingTargettedByAnyCrane,0x006F4000,1,0,S
CCranes,IsThisCarPickedUp,0x006F3FD0,1,0,S
CCranes,UpdateCranes,0x006F3FE0,1,0,S
CCover,AddCoverPoint,0x00698F30,1,0,S
CCover,CalculateHorizontalSize,0x006987F0,1,0,S
CCover,DoLineCheckWithinObject,0x00698990,1,0,S
CCover,DoesCoverPointStillProvideCover,0x00698DD0,1,0,S
CCover,Find2HighestPoints,0x006988E0,1,0,S
CCover,FindAndReserveCoverPoint,0x006992B0,1,0,S
CCover,FindCoordinatesCoverPoint,0x00699570,1,0,S
CCover,FindCoverPointsForThisBuilding,0x00699120,1,0,S
CCover,FindDirFromVector,0x00698D40,1,1,S
CCover,FindVectorFromDir,0x00698D60,1,1,S
CCover,FindVectorFromFirstToMissingVertex,0x00698790,1,0,S
CCover,Init,0x00698710,1,0,S
CCover,RemoveCoverPointIfEntityLost,0x00698DB0,1,0,S
CCover,RemoveCoverPointsForThisEntity,0x00698740,1,0,S
CCover,ShouldThisBuildingHaveItsCoverPointsCreated,0x00699230,1,0,S
CCover,Update,0x006997E0,1,0,S
CCoronas,DoSunAndMoon,0x006FC5A0,1,0,S
CCoronas,Init,0x006FAA70,1,0,S
CCoronas,RegisterCorona-texture,0x006FC580,1,0,S
CCoronas,RegisterCorona-type,0x006FC180,1,0,S
CCoronas,Render,0x006FAEC0,1,0,S
CCoronas,RenderOutGeometryBufferForReflections,0x006FAA10,1,0,S
CCoronas,RenderReflections,0x006FB630,1,0,S
CCoronas,RenderSunReflection,0x006FBAA0,1,0,S
CCoronas,Shutdown,0x006FAB00,1,0,S
CCoronas,Update,0x006FADF0,1,0,S
CCoronas,UpdateCoronaCoors,0x006FC4D0,1,0,S
CControllerState,CheckForInput,0x0053EFF0,1,0,S
CControllerState,Clear,0x0053EF80,1,0,S
CControllerConfigManager,AffectControllerStateOn_ButtonDown_AllStates,0x0052FCA0,1,0,S
CControllerConfigManager,AffectControllerStateOn_ButtonDown_DebugStuff,0x0052DC10,1,0,S
CControllerConfigManager,AffectControllerStateOn_ButtonDown_Driving,0x0052F7B0,1,0,S
CControllerConfigManager,AffectControllerStateOn_ButtonDown_FirstAndThirdPersonOnly,0x0052FAB0,1,0,S
CControllerConfigManager,AffectControllerStateOn_ButtonDown_FirstPersonOnly,0x0052F9E0,1,0,S
CControllerConfigManager,AffectControllerStateOn_ButtonDown_ThirdPersonOnly,0x0052FA20,1,0,S
CControllerConfigManager,AffectControllerStateOn_ButtonDown_VehicleAndThirdPersonOnly,0x0052FD20,1,0,S
CControllerConfigManager,AffectControllerStateOn_ButtonUp,0x00531070,1,0,S
CControllerConfigManager,AffectControllerStateOn_ButtonUp_All_Player_States,0x0052FD40,1,0,S
CControllerConfigManager,AffectControllerStateOn_ButtonUp_DebugStuff,0x0052DD80,1,0,S
CControllerConfigManager,AffectPadFromKeyBoard,0x00531140,1,0,S
CControllerConfigManager,AffectPadFromMouse,0x005314A0,1,0,S
CControllerConfigManager,ClearSettingsAssociatedWithAction,0x0052FD70,1,0,S
CControllerConfigManager,ClearSimButtonPressCheckers,0x0052DD90,1,0,S
CControllerConfigManager,Constructor,0x00531EE0,1,0,S
CControllerConfigManager,DeleteMatching1rst3rdPersonControls,0x005318C0,1,0,S
CControllerConfigManager,DeleteMatching1rstPersonControls,0x00531C20,1,0,S
CControllerConfigManager,DeleteMatching3rdPersonControls,0x00531730,1,0,S
CControllerConfigManager,DeleteMatchingActionInitiators,0x00531C90,1,0,S
CControllerConfigManager,DeleteMatchingCommonControls,0x00531670,1,0,S
CControllerConfigManager,DeleteMatchingVehicleControls,0x005319D0,1,0,S
CControllerConfigManager,DeleteMatchingVehicle_3rdPersonControls,0x00531BC0,1,0,S
CControllerConfigManager,GetActionType,0x0052F2F0,1,0,S
CControllerConfigManager,GetButtonComboText,0x0052F560,1,0,S
CControllerConfigManager,GetControllerKeyAssociatedWithAction,0x0052F4F0,1,0,S
CControllerConfigManager,GetControllerSettingTextJoystick,0x0052F450,1,0,S
CControllerConfigManager,GetControllerSettingTextKeyBoard,0x0052FE10,1,0,S
CControllerConfigManager,GetControllerSettingTextMouse,0x0052F390,1,0,S
CControllerConfigManager,GetControllerSettingTextWithOrderNumber,0x00531E20,1,0,S
CControllerConfigManager,GetFirstKeyboardControllerText,0x00531E90,1,0,S
CControllerConfigManager,GetGxtStringOfCommandKeys,0x005303D0,1,0,S
CControllerConfigManager,GetIsActionAButtonCombo,0x0052F550,1,0,S
CControllerConfigManager,GetIsKeyBlank,0x0052F2A0,1,0,S
CControllerConfigManager,GetIsKeyboardKeyDown,0x0052DDB0,1,0,S
CControllerConfigManager,GetIsKeyboardKeyJustDown,0x0052E450,1,0,S
CControllerConfigManager,GetIsMouseButtonDown,0x0052EF30,1,0,S
CControllerConfigManager,GetIsMouseButtonJustUp,0x0052F110,1,0,S
CControllerConfigManager,GetIsMouseButtonUp,0x0052F020,1,0,S
CControllerConfigManager,GetJoyButtonJustDown,0x0052D1E0,1,0,S
CControllerConfigManager,GetJoyButtonJustUp,0x0052D1C0,1,0,S
CControllerConfigManager,GetMouseButtonAssociatedWithAction,0x0052F580,1,0,S
CControllerConfigManager,GetNumOfSettingsForAction,0x0052F4A0,1,0,S
CControllerConfigManager,InitDefaultControlConfigJoyPad,0x00530B00,1,0,S
CControllerConfigManager,InitDefaultControlConfigMouse,0x0052F6F0,1,0,S
CControllerConfigManager,InitDefaultControlConfiguration,0x00530640,1,0,S
CControllerConfigManager,InitialiseControllerActionNameArray,0x0052D260,1,0,S
CControllerConfigManager,LoadSettings,0x00530530,1,0,S
CControllerConfigManager,MakeControllerActionsBlank,0x00530500,1,0,S
CControllerConfigManager,ReinitControls,0x00531F20,1,0,S
CControllerConfigManager,ResetSettingOrder,0x0052F5F0,1,0,S
CControllerConfigManager,SaveSettings,0x0052D200,1,0,S
CControllerConfigManager,SetControllerKeyAssociatedWithAction,0x00530490,1,0,S
CControllerConfigManager,SetMouseButtonAssociatedWithAction,0x0052F590,1,0,S
CControllerConfigManager,StoreMouseButtonState,0x0052DA30,1,0,S
CControllerConfigManager,UpdateJoyButtonState,0x0052F510,1,0,S
CControllerConfigManager,UpdateJoyInConfigMenus_ButtonDown,0x0052DAB0,1,0,S
CControllerConfigManager,UpdateJoyInConfigMenus_ButtonUp,0x0052DC20,1,0,S
CControllerConfigManager,UpdateJoy_ButtonDown,0x00530ED0,1,0,S
CCompressedMatrixNotAligned,CompressFromFullMatrix,0x0059BAD0,1,0,S
CCompressedMatrixNotAligned,DecompressIntoFullMatrix,0x0059B9F0,1,0,S
CColourSet,Constructor,0x0055F4B0,1,0,S
CColourSet,Interpolate,0x0055F870,1,0,S
CCollision,BuildCacheOfCameraCollision,0x0041AC40,1,1,S
CCollision,CalculateColPointInsideBox,0x00411EC0,1,1,S
CCollision,CalculateTrianglePlanes-colData,0x00416330,1,1,S
CCollision,CameraConeCastVsWorldCollision,0x0041B000,1,1,S
CCollision,CheckCameraCollisionBuildings,0x0041A820,1,1,S
CCollision,CheckCameraCollisionObjects,0x0041AB20,1,1,S
CCollision,CheckCameraCollisionPeds,0x00415320,1,1,S
CCollision,CheckCameraCollisionVehicles,0x0041A990,1,1,S
CCollision,CheckPeds,0x004154A0,1,1,S
CCollision,Closest3,0x00415950,1,1,S
CCollision,ClosestPointOnLine,0x00417FD0,1,1,S
CCollision,ClosestPointOnPoly,0x00418150,1,1,S
CCollision,ClosestPointsOnPoly,0x00418100,1,1,S
CCollision,ClosestSquaredDistanceBetweenFiniteLines,0x00415A40,1,1,S
CCollision,DistAlongLine2D,0x00412A80,1,1,S
CCollision,DistToLine,0x00417610,1,1,S
CCollision,DistToLineSqr,0x00412850,1,1,S
CCollision,DistToMathematicalLine,0x00412970,1,1,S
CCollision,DistToMathematicalLine2D,0x00412A30,1,1,S
CCollision,GetBoundingBoxFromTwoSpheres,0x00415230,1,1,S
CCollision,GetPrincipleAxis,0x004156D0,1,1,S
CCollision,Init,0x00416260,1,1,S
CCollision,IsStoredPolyStillValidVerticalLine,0x00414D70,1,1,S
CCollision,IsThisVehicleSittingOnMe,0x004152C0,1,1,S
CCollision,PointInPoly,0x00415730,1,1,S
CCollision,PointInTriangle,0x00412700,1,1,S
CCollision,ProcessColModels,0x004185C0,1,1,S
CCollision,ProcessDiscCollision,0x00413960,1,1,S
CCollision,ProcessLineBox,0x00413100,1,1,S
CCollision,ProcessLineOfSight,0x00417950,1,1,S
CCollision,ProcessLineSphere,0x00412AA0,1,1,S
CCollision,ProcessLineTriangle,0x004140F0,1,1,S
CCollision,ProcessSphereBox,0x00412130,1,1,S
CCollision,ProcessSphereSphere,0x00416450,1,1,S
CCollision,ProcessSphereTriangle,0x00416BA0,1,1,S
CCollision,ProcessVerticalLine,0x00417BF0,1,1,S
CCollision,ProcessVerticalLineTriangle,0x004147E0,1,1,S
CCollision,RayPolyPOP,0x00415620,1,1,S
CCollision,RemoveTrianglePlanes-colData,0x00416400,1,1,S
CCollision,ResetMadeInvisibleObjects,0x00415540,1,1,S
CCollision,Shutdown,0x004162E0,1,1,S
CCollision,SortOutCollisionAfterLoad,0x00411E30,1,1,S
CCollision,SphereCastVersusVsPoly,0x00415CF0,1,1,S
CCollision,SphereCastVsBBox,0x00415590,1,1,S
CCollision,SphereCastVsCaches,0x004181B0,1,1,S
CCollision,SphereCastVsEntity,0x00419F00,1,1,S
CCollision,SphereCastVsSphere,0x00417F20,1,1,S
CCollision,SphereVsEntity,0x0041A5A0,1,1,S
CCollision,Test2DLineAgainst2DLine,0x004138D0,1,1,S
CCollision,TestLineBox,0x00413070,1,1,S
CCollision,TestLineBox_DW,0x00412C70,1,1,S
CCollision,TestLineOfSight,0x00417730,1,1,S
CCollision,TestLineSphere,0x00417470,1,1,S
CCollision,TestLineTriangle,0x00413AC0,1,1,S
CCollision,TestSphereBox,0x004120C0,1,1,S
CCollision,TestSphereSphere,0x00411E70,1,1,S
CCollision,TestSphereTriangle,0x004165B0,1,1,S
CCollision,TestVerticalLineBox,0x00413080,1,1,S
CCollision,Update,0x00411E20,1,1,S
CClouds,Init,0x007138D0,1,0,S
CClouds,MovingFogInit,0x00713660,1,0,S
CClouds,MovingFogRender,0x00716C90,1,0,S
CClouds,MovingFog_Create,0x00713760,1,0,S
CClouds,MovingFog_Delete,0x00713730,1,0,S
CClouds,MovingFog_GetFXIntensity,0x007136D0,1,0,S
CClouds,MovingFog_GetFirstFreeSlot,0x00713710,1,0,S
CClouds,MovingFog_GetWind,0x007136E0,1,0,S
CClouds,MovingFog_Update,0x00716B10,1,0,S
CClouds,Render,0x00713950,1,0,S
CClouds,RenderBottomFromHeight,0x007154B0,0,1,S
CClouds,RenderSkyPolys,0x00714650,1,0,S
CClouds,SetUpOneSkyPoly,0x00713060,1,0,S
CClouds,Shutdown,0x00712FA0,1,0,S
CClouds,Update,0x00712FF0,1,0,S
CClouds,VolumetricCloudsGetMaxDistance,0x00713630,1,0,S
CClouds,VolumetricCloudsInit,0x007131C0,1,0,S
CClouds,VolumetricCloudsRender,0x00716380,1,0,S
CClouds,VolumetricClouds_Create,0x00715F40,1,0,S
CClouds,VolumetricClouds_Delete,0x007135F0,1,0,S
CClouds,VolumetricClouds_GetFirstFreeSlot,0x007135C0,1,0,S
CClothesBuilder,AddWeightToBoneVertex,0x005A4840,1,0,S
CClothesBuilder,BlendGeometry-2,0x005A4F10,0,1,S
CClothesBuilder,BlendGeometry-3,0x005A4940,0,1,S
CClothesBuilder,BlendTextures-Dst-Src,0x005A5820,1,0,S
CClothesBuilder,BlendTextures-Dst-Src1-Src2,0x005A59C0,1,0,S
CClothesBuilder,BlendTextures-Dst-Src1-Src2-Tat,0x005A5BC0,1,0,S
CClothesBuilder,BuildBoneIndexConversionTable,0x005A56E0,1,0,S
CClothesBuilder,ConstructGeometryAndSkinArrays,0x005A6530,0,1,S
CClothesBuilder,ConstructGeometryArray,0x005A55A0,0,1,S
CClothesBuilder,ConstructTextures,0x005A6040,0,1,S
CClothesBuilder,CopyGeometry,0x005A5340,0,1,S
CClothesBuilder,CopyTexture,0x005A5730,1,0,S
CClothesBuilder,CreateSkinnedClump,0x005A69D0,1,0,S
CClothesBuilder,DestroySkinArrays,0x005A56C0,1,0,S
CClothesBuilder,GetAtomicWithName,0x005A4810,1,0,S
CClothesBuilder,GetTextureFromTxdAndLoadNextTxd,0x005A5F70,1,0,S
CClothesBuilder,LoadCdDirectory,0x005A4190,1,0,S
CClothesBuilder,PlaceTextureOnTopOfTexture,0x005A57B0,1,0,S
CClothesBuilder,PreprocessClothesDesc,0x005A44C0,0,1,S
CClothesBuilder,ReleaseGeometry,0x005A47B0,0,1,S
CClothesBuilder,RequestGeometry,0x005A41C0,1,0,S
CClothesBuilder,RequestTexture,0x005A4220,1,0,S
CClothesBuilder,StoreBoneArray,0x005A48B0,1,0,S
CClothes,ConstructPedModel,0x005A81E0,1,0,S
CClothes,GetDefaultPlayerMotionGroup,0x005A81B0,1,0,S
CClothes,GetDependentTexture,0x005A7F30,1,0,S
CClothes,GetPlayerMotionGroupToLoad,0x005A7FB0,1,0,S
CClothes,GetTextureDependency,0x005A7EA0,0,1,S
CClothes,Init,0x005A80D0,1,0,S
CClothes,LoadClothesFile,0x005A7B30,1,0,S
CClothes,RebuildCutscenePlayer,0x005A8270,1,0,S
CClothes,RebuildPlayer,0x005A82C0,1,0,S
CClothes,RebuildPlayerIfNeeded,0x005A8390,1,0,S
CClothes,RequestMotionGroupAnims,0x005A8120,1,0,S
CClock,GetGameClockMinutesUntil,0x0052CEB0,1,0,S
CClock,GetIsTimeInRange,0x0052CEE0,1,0,S
CClock,Initialise,0x0052CD90,1,0,S
CClock,NormaliseGameClock,0x0052CDE0,1,0,S
CClock,OffsetClockByADay,0x0052D0B0,1,0,S
CClock,RestoreClock,0x0052D070,1,0,S
CClock,SetGameClock,0x0052D150,1,0,S
CClock,StoreClock,0x0052D020,1,0,S
CClock,Update,0x0052CF10,1,0,S
CCheckpoints,DeleteCP,0x00722FC0,1,0,S
CCheckpoints,Init,0x00722880,1,0,S
CCheckpoints,PlaceMarker,0x00722C40,1,0,S
CCheckpoints,Render,0x00726060,1,0,S
CCheckpoints,SetHeading,0x00722970,1,0,S
CCheckpoints,Shutdown,0x007228F0,1,0,S
CCheckpoints,Update,0x007229C0,1,0,S
CCheckpoints,UpdatePos,0x00722900,1,0,S
CCheckpoint,Render,0x00725C00,1,0,S
CCheat,AddToCheatString,0x00438480,1,0,S
CCheat,AdrenalineCheat,0x00439880,1,0,S
CCheat,AllCarsAreGreatCheat,0x004394E0,1,0,S
CCheat,AllCarsAreShitCheat,0x004394B0,1,0,S
CCheat,ApacheCheat,0x0043A550,1,0,S
CCheat,ApplyCheat,0x00438370,1,0,S
CCheat,BeachPartyCheat,0x00439230,1,0,S
CCheat,BlackCarsCheat,0x004390F0,1,0,S
CCheat,BlowUpCarsCheat,0x00439D80,1,0,S
CCheat,CloudyWeatherCheat,0x00438F60,1,0,S
CCheat,CountrysideInvasionCheat,0x00439F60,1,0,S
CCheat,DoCheats,0x00439AF0,1,0,S
CCheat,DozerCheat,0x0043A660,1,0,S
CCheat,DrivebyCheat,0x004398D0,1,0,S
CCheat,DuskCheat,0x00439540,1,0,S
CCheat,ElvisLivesCheat,0x004391D0,1,0,S
CCheat,EverybodyAttacksPlayerCheat,0x00439C70,1,0,S
CCheat,ExtraSunnyWeatherCheat,0x00438F50,1,0,S
CCheat,FastTimeCheat,0x00438F90,1,0,S
CCheat,FatCheat,0x00439110,1,0,S
CCheat,FlyboyCheat,0x0043A530,1,0,S
CCheat,FoggyWeatherCheat,0x00438F80,1,0,S
CCheat,FunhouseCheat,0x00439720,1,0,S
CCheat,GangLandCheat,0x004393D0,1,0,S
CCheat,GangsCheat,0x00439360,1,0,S
CCheat,GolfcartCheat,0x0043A520,1,0,S
CCheat,HandleSpecialCheats,0x00439A10,1,0,S
CCheat,HearseCheat,0x0043A4F0,1,0,S
CCheat,IsZoneStreamingAllowed,0x00407410,1,0,S
CCheat,JetpackCheat,0x00439600,1,0,S
CCheat,LoveConquersAllCheat,0x004393F0,1,0,S
CCheat,LovefistCheat,0x0043A500,1,0,S
CCheat,MayhemCheat,0x00439B20,1,0,S
CCheat,MidnightCheat,0x00439510,1,0,S
CCheat,MoneyArmourHealthCheat,0x00438E40,1,0,S
CCheat,MonsterTruckCheat,0x0043A680,1,0,S
CCheat,MuscleCheat,0x00439150,1,0,S
CCheat,NinjaCheat,0x00439E50,1,0,S
CCheat,NotWantedCheat,0x004396C0,1,0,S
CCheat,ParachuteCheat,0x004395B0,1,0,S
CCheat,PinkCarsCheat,0x004390D0,1,0,S
CCheat,PredatorCheat,0x004395A0,1,0,S
CCheat,QuadCheat,0x0043A560,1,0,S
CCheat,RainyWeatherCheat,0x00438F70,1,0,S
CCheat,ResetCheats,0x00438450,1,0,S
CCheat,RiotCheat,0x00439710,1,0,S
CCheat,SandstormCheat,0x00439590,1,0,S
CCheat,SkinnyCheat,0x00439190,1,0,S
CCheat,SlowTimeCheat,0x00438FC0,1,0,S
CCheat,StaminaCheat,0x00439930,1,0,S
CCheat,StockCar2Cheat,0x0043A4C0,1,0,S
CCheat,StockCar3Cheat,0x0043A4D0,1,0,S
CCheat,StockCar4Cheat,0x0043A4E0,1,0,S
CCheat,StockCarCheat,0x0043A4B0,1,0,S
CCheat,StormCheat,0x00439570,1,0,S
CCheat,StuntPlaneCheat,0x0043A670,1,0,S
CCheat,SuicideCheat,0x00438FF0,1,0,S
CCheat,SunnyWeatherCheat,0x00438F40,1,0,S
CCheat,TankCheat,0x0043A4A0,1,0,S
CCheat,TankerCheat,0x0043A570,1,0,S
CCheat,TrashmasterCheat,0x0043A510,1,0,S
CCheat,VehicleCheat,0x0043A0B0,1,0,S
CCheat,VehicleSkillsCheat,0x004399D0,1,0,S
CCheat,VillagePeopleCheat,0x00439DD0,1,0,S
CCheat,VortexCheat,0x0043A540,1,0,S
CCheat,WantedCheat,0x004396F0,1,0,S
CCheat,WantedLevelDownCheat,0x00438F20,1,0,S
CCheat,WantedLevelUpCheat,0x00438E90,1,0,S
CCheat,WeaponCheat1,0x004385B0,1,0,S
CCheat,WeaponCheat2,0x00438890,1,0,S
CCheat,WeaponCheat3,0x00438B30,1,0,S
CCheat,WeaponSkillsCheat,0x00439940,1,0,S
CCarGenerator,CalcNextGen,0x006F2E40,1,0,S
CCarGenerator,CheckForBlockage,0x006F32E0,1,0,S
CCarGenerator,CheckIfWithinRangeOfAnyPlayers,0x006F2F40,1,0,S
CCarGenerator,DoInternalProcessing,0x006F34D0,1,0,S
CCarGenerator,Process,0x006F3E90,1,0,S
CCarGenerator,Setup,0x006F2E50,1,0,S
CCarGenerator,SwitchOff,0x006F2E30,1,0,S
CCarGenerator,SwitchOn,0x006F32C0,1,0,S
CCarEnterExit,AddInCarAnim,0x0064F720,1,0,S
CCarEnterExit,CarHasDoorToClose,0x0064EE10,1,0,S
CCarEnterExit,CarHasDoorToOpen,0x0064EDD0,1,0,S
CCarEnterExit,CarHasOpenableDoor,0x0064EE50,1,0,S
CCarEnterExit,CarHasPartiallyOpenDoor,0x0064EE70,1,0,S
CCarEnterExit,ComputeDoorFlag,0x0064E550,1,0,S
CCarEnterExit,ComputeOppositeDoorFlag,0x0064E610,1,0,S
CCarEnterExit,ComputePassengerIndexFromCarDoor,0x0064F1E0,1,0,S
CCarEnterExit,ComputeSlowJackedPed,0x0064F070,1,0,S
CCarEnterExit,ComputeTargetDoorToEnterAsPassenger,0x0064F190,1,0,S
CCarEnterExit,ComputeTargetDoorToExit,0x0064F110,1,0,S
CCarEnterExit,GetNearestCarDoor,0x006528F0,1,0,S
CCarEnterExit,GetNearestCarPassengerDoor,0x00650BB0,0,1,S
CCarEnterExit,GetPositionToOpenCarDoor,0x0064E740,0,1,S
CCarEnterExit,IsCarDoorInUse,0x0064EC90,1,0,S
CCarEnterExit,IsCarDoorReady,0x0064ED90,1,0,S
CCarEnterExit,IsCarQuickJackPossible,0x0064EF00,1,0,S
CCarEnterExit,IsCarSlowJackRequired,0x0064EF70,1,0,S
CCarEnterExit,IsClearToDriveAway,0x006509B0,1,0,S
CCarEnterExit,IsPathToDoorBlockedByVehicleCollisionModel,0x00651210,1,0,S
CCarEnterExit,IsPedHealthy,0x0064EEE0,1,0,S
CCarEnterExit,IsPlayerToQuitCarEnter,0x0064F240,0,1,S
CCarEnterExit,IsRoomForPedToLeaveCar,0x006504C0,0,1,S
CCarEnterExit,IsVehicleHealthy,0x0064EEC0,1,0,S
CCarEnterExit,IsVehicleStealable,0x006510D0,1,0,S
CCarEnterExit,MakeUndraggedDriverPedLeaveCar,0x0064F600,1,0,S
CCarEnterExit,MakeUndraggedPassengerPedsLeaveCar,0x0064F540,0,1,S
CCarEnterExit,QuitEnteringCar,0x00650130,1,0,S
CCarEnterExit,RemoveCarSitAnim,0x0064F680,1,0,S
CCarEnterExit,RemoveGetInAnims,0x0064F6E0,1,0,S
CCarEnterExit,SetAnimOffsetForEnterOrExitVehicle,0x0064F860,1,0,S
CCarEnterExit,SetPedInCarDirect,0x00650280,1,0,S
CCarCtrl,ChooseBoatModel,0x00421970,1,0,S
CCarCtrl,ChooseCarModelToLoad,0x00421900,1,0,S
CCarCtrl,ChooseGangCarModel,0x00421A40,1,0,S
CCarCtrl,ChoosePoliceCarModel,0x00421980,1,0,S
CCarCtrl,CreateCarForScript,0x00431F80,1,0,S
CCarCtrl,FindMaxSteerAngle,0x00427FE0,1,0,S
CCarCtrl,GenerateRandomCars,0x004341C0,1,0,S
CCarCtrl,GetNewVehicleDependingOnCarModel,0x00421440,0,1,S
CCarCtrl,Init,0x004212E0,1,0,S
CCarCtrl,InitSequence,0x00421740,1,0,S
CCarCtrl,IsAnyoneParking,0x0042C250,1,0,S
CCarCtrl,IsThisVehicleInteresting,0x00423EA0,1,0,S
CCarCtrl,JoinCarWithRoadAccordingToMission,0x00432CB0,1,0,S
CCarCtrl,PossiblyFireHSMissile,0x00429600,1,0,S
CCarCtrl,PruneVehiclesOfInterest,0x00423F10,1,0,S
CCarCtrl,ReInit,0x004213B0,1,0,S
CCarCtrl,RemoveCarsIfThePoolGetsFull,0x004322B0,1,0,S
CCarCtrl,RemoveDistantCars,0x0042CD10,1,0,S
CCarCtrl,RemoveFromInterestingVehicleList,0x00423ED0,1,0,S
CCarCtrl,ScriptGenerateOneEmergencyServicesCar,0x0042FBC0,1,0,S
CCarCtrl,SlowCarDownForObject,0x00426220,1,0,S
CCarCtrl,SlowCarOnRailsDownForTrafficAndLights,0x00434790,1,0,S
CCamera,AddShakeSimple,0x0050D240,1,0,S
CCamera,AllowShootingWith2PlayersInCar,0x0050C280,1,0,S
CCamera,ApplyVehicleCameraTweaks,0x0050A480,1,0,S
CCamera,CalculateDerivedValues,0x005150E0,0,1,S
CCamera,CalculateFrustumPlanes,0x00514D60,0,1,S
CCamera,CalculateGroundHeight,0x00514B80,1,0,S
CCamera,CalculateMirroredMatrix,0x0050B380,1,0,S
CCamera,CamControl,0x00527FA0,0,1,S
CCamera,CamShake,0x0050A9F0,1,0,S
CCamera,CamShakeNoPos,0x0050A970,1,0,S
CCamera,CameraColDetAndReact,0x00520190,0,1,S
CCamera,CameraGenericModeSpecialCases,0x0050CD30,1,0,S
CCamera,CameraPedAimModeSpecialCases,0x0050CDA0,1,0,S
CCamera,CameraPedModeSpecialCases,0x0050CD80,1,0,S
CCamera,CameraVehicleModeSpecialCases,0x0050CDE0,1,0,S
CCamera,ClearPlayerWeaponMode,0x0050AB10,1,0,S
CCamera,ConeCastCollisionResolve,0x0051A5D0,1,0,S
CCamera,ConsiderPedAsDucking,0x0050CEB0,1,0,S
CCamera,Constructor,0x0051A450,1,0,S
CCamera,CopyCameraMatrixToRWCam,0x0050AFA0,0,1,S
CCamera,DealWithMirrorBeforeConstructRenderList,0x0050B510,1,0,S
CCamera,DeleteCutSceneCamDataMemory,0x005B24A0,1,0,S
CCamera,DontProcessObbeCinemaCamera,0x0050AB40,1,0,S
CCamera,DrawBordersForWideScreen,0x00514860,1,0,S
CCamera,Enable1rstPersonCamCntrlsScript,0x0050AC00,1,0,S
CCamera,Enable1rstPersonWeaponsCamera,0x0050AC10,1,0,S
CCamera,Fade,0x0050AC20,1,0,S
CCamera,Find3rdPersonCamTargetVector,0x00514970,1,0,S
CCamera,Find3rdPersonQuickAimPitch,0x0050AD40,1,0,S
CCamera,FindCamFOV,0x0050AD20,1,0,S
CCamera,FinishCutscene,0x00514950,1,0,S
CCamera,GetArrPosForVehicleType,0x0050AF00,1,0,S
CCamera,GetCutSceneFinishTime,0x0050AD90,1,0,S
CCamera,GetFading,0x0050ADE0,1,0,S
CCamera,GetFadingDirection,0x0050ADF0,1,0,S
CCamera,GetGameCamPosition,0x0050AE50,1,0,S
CCamera,GetLookDirection,0x0050AE90,1,0,S
CCamera,GetLookingForwardFirstPerson,0x0050AED0,1,0,S
CCamera,GetLookingLRBFirstPerson,0x0050AE60,1,0,S
CCamera,GetPositionAlongSpline,0x0050AF80,1,0,S
CCamera,GetRoughDistanceToGround,0x00516B00,1,0,S
CCamera,GetScreenFadeStatus,0x0050AE20,1,0,S
CCamera,GetScreenRect,0x0050AB50,1,0,S
CCamera,Get_Just_Switched_Status,0x0050AE10,1,0,S
CCamera,HandleCameraMotionForDucking,0x0050CFA0,0,1,S
CCamera,HandleCameraMotionForDuckingDuringAim,0x0050D090,0,1,S
CCamera,ImproveNearClip,0x00516B20,0,1,S
CCamera,Init,0x005BC520,1,0,S
CCamera,InitCameraVehicleTweaks,0x0050A3B0,1,0,S
CCamera,InitialiseCameraForDebugMode,0x0050AF90,1,0,S
CCamera,InitialiseScriptableComponents,0x0050D2D0,1,0,S
CCamera,IsExtraEntityToIgnore,0x0050CE80,1,0,S
CCamera,LerpFOV,0x0050D280,1,0,S
CCamera,LoadPathSplines,0x005B24D0,0,1,S
CCamera,Process,0x0052B730,0,1,S
CCamera,ProcessFOVLerp-0,0x0050D510,0,1,S
CCamera,ProcessFOVLerp-1,0x00516500,1,0,S
CCamera,ProcessFade,0x0050B5D0,1,0,S
CCamera,ProcessMusicFade,0x0050B6D0,1,0,S
CCamera,ProcessObbeCinemaCameraPed,0x0050B880,1,0,S
CCamera,ProcessScriptedCommands,0x00516AE0,1,0,S
CCamera,ProcessVectorMoveLinear-0,0x0050D430,0,1,S
CCamera,ProcessVectorMoveLinear-1,0x005164A0,0,1,S
CCamera,ProcessVectorTrackLinear-0,0x0050D350,0,1,S
CCamera,ProcessVectorTrackLinear-1,0x00516440,0,1,S
CCamera,ProcessWideScreenOn,0x0050B890,1,0,S
CCamera,RenderMotionBlur,0x0050B8F0,1,0,S
CCamera,ResetDuckingSystem,0x0050CEF0,1,0,S
CCamera,Restore,0x0050B930,1,0,S
CCamera,RestoreCameraAfterMirror,0x0051A5A0,1,0,S
CCamera,RestoreWithJumpCut,0x0050BAB0,1,0,S
CCamera,SetCamCollisionVarDataSet,0x0050CB60,1,0,S
CCamera,SetCamCutSceneOffSet,0x0050BD20,1,0,S
CCamera,SetCamPositionForFixedMode,0x0050BEC0,1,0,S
CCamera,SetCameraDirectlyBehindForFollowPed_CamOnAString,0x0050BD40,1,0,S
CCamera,SetCameraDirectlyBehindForFollowPed_ForAPed_CamOnAString,0x0050BDA0,1,0,S
CCamera,SetCameraDirectlyInFrontForFollowPed_CamOnAString,0x0050BD70,1,0,S
CCamera,SetCameraDirectlyInFrontForFollowPed_ForAPed_CamOnAString,0x0050BE30,1,0,S
CCamera,SetCameraUpForMirror,0x0051A560,1,0,S
CCamera,SetColVarsAimWeapon,0x0050CBF0,1,0,S
CCamera,SetColVarsPed,0x0050CC50,1,0,S
CCamera,SetColVarsVehicle,0x0050CCA0,1,0,S
CCamera,SetFadeColour,0x0050BF00,1,0,S
CCamera,SetMotionBlur,0x0050BF40,1,0,S
CCamera,SetMotionBlurAlpha,0x0050BF80,1,0,S
CCamera,SetNearClipBasedOnPedCollision,0x0050CB90,0,1,S
CCamera,SetNearClipScript,0x0050BF90,1,0,S
CCamera,SetNewPlayerWeaponMode,0x0050BFB0,1,0,S
CCamera,SetParametersForScriptInterpolation,0x0050C030,1,0,S
CCamera,SetPercentAlongCutScene,0x0050C070,1,0,S
CCamera,SetRwCamera,0x0050C100,1,0,S
CCamera,SetWideScreenOff,0x0050C150,1,0,S
CCamera,SetWideScreenOn,0x0050C140,1,0,S
CCamera,SetZoomValueCamStringScript,0x0050C1B0,1,0,S
CCamera,SetZoomValueFollowPedScript,0x0050C160,1,0,S
CCamera,StartCooperativeCamMode,0x0050C260,1,0,S
CCamera,StartTransition,0x00515200,1,0,S
CCamera,StartTransitionWhenNotFinishedInter,0x00515BC0,1,0,S
CCamera,StopCooperativeCamMode,0x0050C270,1,0,S
CCamera,StoreValuesDuringInterPol,0x0050C290,1,0,S
CCamera,TakeControl,0x0050C7C0,1,0,S
CCamera,TakeControlAttachToEntity,0x0050C910,1,0,S
CCamera,TakeControlNoEntity,0x0050C8B0,1,0,S
CCamera,TakeControlWithSpline,0x0050CAE0,1,0,S
CCamera,TryToStartNewCamMode,0x0051E560,0,1,S
CCamera,UpdateAimingCoors,0x0050CB10,1,0,S
CCamera,UpdateTargetEntity,0x0050C360,1,0,S
CCamera,Using1stPersonWeaponMode,0x0050BFF0,1,0,S
CCamera,VectorMoveLinear,0x0050D160,0,1,S
CCamera,VectorTrackLinear,0x0050D1D0,0,1,S
CBulletTraces,AddTrace-,0x00723750,1,0,S
CBulletTraces,AddTrace-Wrapper,0x00726AF0,1,0,S
CBulletTraces,Init,0x00721D50,1,0,S
CBulletTraces,Render,0x00723C10,1,0,S
CBulletTraces,Update,0x00723FB0,1,0,S
CBulletInfo,AddBullet,0x00736010,1,0,S
CBulletInfo,Initialise,0x00735FD0,1,0,S
CBulletInfo,Shutdown,0x00736000,1,0,S
CBulletInfo,Update,0x007360D0,1,0,S
CBrightLights,Init,0x00722140,1,0,S
CBrightLights,RegisterOne,0x00724770,1,0,S
CBrightLights,Render,0x007241C0,1,0,S
CBrightLights,RenderOutGeometryBuffer,0x00722150,1,0,S
CBridge,FindBridgeEntities,0x0041BCA0,1,0,S
CBridge,Init,0x0041BC70,1,0,S
CBridge,ShouldLightsBeFlashing,0x0041BC90,1,0,S
CBridge,Update,0x0041BC80,1,0,S
CBouncingPanel,ProcessPanel,0x006F49A0,1,0,S
CBouncingPanel,ResetPanel,0x006F4910,1,0,S
CBouncingPanel,SetPanel,0x006F4920,1,0,S
CBirds,CreateNumberOfBirds,0x00711EF0,1,0,S
CBirds,HandleGunShot,0x00712E40,1,0,S
CBirds,Init,0x00711EC0,1,0,S
CBirds,Render,0x00712810,1,0,S
CBirds,Shutdown,0x00712300,1,0,S
CBirds,Update,0x00712330,1,0,S
CActiveOccluder,IsPointBehindOccluder,0x0071FA40,1,0,S
CActiveOccluder,IsPointWithinOcclusionArea,0x0071E580,1,0,S
CAcquaintance,ClearAcquaintances,0x006089A0,1,0,S
CAcquaintance,ClearAsAcquaintance,0x00608980,1,0,S
CAcquaintance,GetAcquaintances,0x00608970,1,0,S
CAcquaintance,SetAcquaintances,0x00608960,1,0,S
CAcquaintance,SetAsAcquaintance,0x00608DA0,1,0,S
CAccidentManager,GetInstance,0x0056CF20,1,0,S
CAccidentManager,GetNearestFreeAccident,0x0056D050,1,0,S
CAccidentManager,GetNearestFreeAccidentExceptThisOne,0x0056CF90,1,0,S
CAccidentManager,GetNumberOfFreeAccidents,0x0056CEE0,1,0,S
CAccidentManager,ReportAccident,0x0056CE80,1,0,S
C3dMarkers,DirectionArrowFindFirstFreeSlot,0x00721120,1,0,S
C3dMarkers,DirectionArrowSet,0x00721140,1,0,S
C3dMarkers,DirectionArrowsDraw,0x007211F0,1,0,S
C3dMarkers,DirectionArrowsInit,0x00721100,1,0,S
C3dMarkers,ForceRender,0x00722870,1,0,S
C3dMarkers,Init,0x00724E40,1,0,S
C3dMarkers,LoadUser3dMarkers,0x005D42E0,1,0,S
C3dMarkers,PlaceMarker,0x00725120,1,0,S
C3dMarkers,PlaceMarkerCone,0x00726D40,1,0,S
C3dMarkers,PlaceMarkerSet,0x00725BA0,1,0,S
C3dMarkers,Render,0x00725040,1,0,S
C3dMarkers,SaveUser3dMarkers,0x005D4300,1,0,S
C3dMarkers,Shutdown,0x00722710,1,0,S
C3dMarkers,Update,0x007227B0,1,0,S
C3dMarkers,User3dMarkerAtomicCB,0x007210D0,1,0,S
C3dMarkers,User3dMarkerDelete,0x00721090,1,0,S
C3dMarkers,User3dMarkerDeleteAll,0x007210B0,1,0,S
C3dMarkers,User3dMarkerFindFirstFreeSlot,0x00720FB0,1,0,S
C3dMarkers,User3dMarkerSet,0x00720FD0,1,0,S
C3dMarkers,User3dMarkersDraw,0x00723240,1,0,S
C3dMarker,AddMarker,0x00722230,1,0,S
C3dMarker,DeleteMarkerObject,0x00722390,1,0,S
C3dMarker,IsZCoordinateUpToDate,0x007226A0,1,0,S
C3dMarker,Render,0x007223D0,1,0,S
C3dMarker,SetZCoordinateIfNotUpToDate,0x00724E10,1,0,S
C3dMarker,UpdateZCoordinate,0x00724D40,1,0,S
BreakObject_c,CalcGroupCenter,0x0059D190,1,0,S
BreakObject_c,DoCollision,0x0059E1F0,1,0,S
BreakObject_c,DoCollisionResponse,0x0059DE40,1,0,S
BreakObject_c,Exit,0x0059DDD0,1,0,S
BreakObject_c,Init,0x0059E750,1,0,S
BreakObject_c,Render,0x0059E480,1,0,S
BreakObject_c,SetBreakInfo,0x0059D7F0,1,0,S
BreakObject_c,SetGroupData,0x0059D570,1,0,S
BreakObject_c,Update,0x0059E220,1,0,S
BreakManager_c,Add,0x0059E9B0,1,0,S
BreakManager_c,Exit,0x0059E660,1,0,S
BreakManager_c,Init,0x0059E650,1,0,S
BreakManager_c,Render,0x0059E6A0,1,0,S
BreakManager_c,ResetAll,0x0059E720,1,0,S
BreakManager_c,Update,0x0059E670,1,0,S
BoneNode_c,AddChild,0x00616BD0,1,0,S
BoneNode_c,BlendKeyframe,0x00616E30,1,0,S
BoneNode_c,CalcWldMat,0x00616CD0,1,0,S
BoneNode_c,ClampLimitsCurrent,0x006175D0,1,0,S
BoneNode_c,ClampLimitsDefault,0x00617530,1,0,S
BoneNode_c,Constructor,0x00616B30,1,0,S
BoneNode_c,Destructor,0x00616B80,1,0,S
BoneNode_c,EulerToQuat,0x006171F0,1,0,S
BoneNode_c,GetIdFromBoneTag,0x00617050,1,0,S
BoneNode_c,GetLimits,0x00616BF0,1,0,S
BoneNode_c,GetSpeed,0x00616CB0,1,0,S
BoneNode_c,Init,0x006177B0,1,0,S
BoneNode_c,InitLimits,0x00617490,1,0,S
BoneNode_c,Limit,0x00617650,1,0,S
BoneNode_c,QuatToEuler,0x00617080,1,0,S
BoneNode_c,SetLimits,0x00616C50,1,0,S
BoneNode_c,SetSpeed,0x00616CC0,1,0,S
BoneNodeManager_c,Constructor,0x00617330,1,0,S
BoneNodeManager_c,Destructor,0x00617390,1,0,S
BoneNodeManager_c,Exit,0x00617420,1,0,S
BoneNodeManager_c,GetBoneNode,0x00617460,1,0,S
BoneNodeManager_c,GetNumBoneNodesLeft,0x00617480,1,0,S
BoneNodeManager_c,Init,0x006173F0,1,0,S
BoneNodeManager_c,Reset,0x00617430,1,0,S
BoneNodeManager_c,ReturnBoneNode,0x00617470,1,0,S
CGroupEventHandler,ComputeDoDealResponse,0x005FA290,1,0,S
CGroupEventHandler,ComputeDrivebyResponse,0x005F7A00,1,0,S
CGroupEventHandler,ComputeEventResponseTasks,0x005FC200,1,0,S
CGroupEventHandler,ComputeFleePedResponse,0x005FA130,1,0,S
CGroupEventHandler,ComputeGreetResponse,0x005FA550,1,0,S
CGroupEventHandler,ComputeHandSignalResponse,0x005FA820,1,0,S
CGroupEventHandler,ComputeHassleSexyPedResponse,0x005FA020,1,0,S
CGroupEventHandler,ComputeHassleThreatResponse,0x005F9D50,1,0,S
CGroupEventHandler,ComputeKillPlayerBasicResponse,0x005FB670,1,0,S
CGroupEventHandler,ComputeKillThreatsBasicResponse,0x005FB590,1,0,S
CGroupEventHandler,ComputeLeanOnVehicleResponse,0x005F9B20,1,0,S
CGroupEventHandler,ComputeMemberResponses,0x005FAA50,1,0,S
CGroupEventHandler,ComputeResponsLeaderQuitEnteringCar,0x005F9530,0,1,S
CGroupEventHandler,ComputeResponseDamage,0x005FBF50,1,0,S
CGroupEventHandler,ComputeResponseDanger,0x005FB540,1,0,S
CGroupEventHandler,ComputeResponseDraggedOutCar,0x005FBE70,1,0,S
CGroupEventHandler,ComputeResponseGather,0x005F99F0,1,0,S
CGroupEventHandler,ComputeResponseGunAimedAt,0x005FBD10,1,0,S
CGroupEventHandler,ComputeResponseLeaderEnterExit,0x005F9710,1,0,S
CGroupEventHandler,ComputeResponseLeaderEnteredCar,0x005F8900,0,1,S
CGroupEventHandler,ComputeResponseLeaderExitedCar,0x005F90A0,1,0,S
CGroupEventHandler,ComputeResponseNewGangMember,0x005F9840,1,0,S
CGroupEventHandler,ComputeResponsePedFriend,0x005FB2D0,1,0,S
CGroupEventHandler,ComputeResponsePedThreat,0x005FBB90,1,0,S
CGroupEventHandler,ComputeResponsePlayerCommand,0x005FB470,1,0,S
CGroupEventHandler,ComputeResponseSeenCop,0x005FBCB0,1,0,S
CGroupEventHandler,ComputeResponseSexyPed,0x005FB390,1,0,S
CGroupEventHandler,ComputeResponseShotFired,0x005FBDF0,1,0,S
CGroupEventHandler,ComputeResponseVehicleDamage,0x005FC070,1,0,S
CGroupEventHandler,ComputeStareResponse,0x005F9BD0,1,0,S
CGroupEventHandler,ComputeWalkAlongsideResponse,0x005FA910,1,0,S
CGroupEventHandler,IsKillTaskAppropriate,0x005F7A60,1,0,S
CEventVehicleToSteal,AffectsPed,0x00000000,1,0,V
CEventVehicleToSteal,Constructor,0x004AF670,1,0,S
CEventVehicleOnFire,AffectsPed,0x00000000,1,0,V
CEventVehicleOnFire,CloneEditable,0x00000000,1,0,V
CEventVehicleOnFire,Constructor,0x004B10C0,1,0,S
CEventVehicleHitAndRun,Clone,0x00000000,1,0,V
CEventVehicleHitAndRun,Constructor,0x004AE990,1,0,S
CEventVehicleHitAndRun,ReportCriminalEvent,0x00000000,1,0,V
CEventVehicleDied,AffectsPed,0x00000000,1,0,V
CEventVehicleDied,Clone,0x00000000,1,0,V
CEventVehicleDied,Constructor,0x004B0D10,1,0,S
CEventVehicleDamageWeapon,CloneEditable,0x00000000,1,0,V
CEventVehicleDamageWeapon,Constructor,0x0061C2E0,1,0,S
CEventVehicleDamageCollision,CloneEditable,0x00000000,1,0,V
CEventVehicleDamageCollision,Constructor,0x006A0620,1,0,S
CEventVehicleDamage,AffectsPed,0x00000000,1,0,V
CEventVehicleDamage,Constructor,0x004B18D0,1,0,S
CEventVehicleDamage,GetSourceEntity,0x00000000,1,0,V
CEventVehicleDamage,IsCriminalEvent,0x00000000,1,0,V
CEventVehicleDamage,ReportCriminalEvent,0x00000000,1,0,V
CEventVehicleCollision,AffectsPed,0x00000000,1,0,V
CEventVehicleCollision,Clone,0x00000000,1,0,V
CEventVehicleCollision,Constructor,0x004AC840,1,0,S
CEventStuckInAir,AffectsPed,0x00000000,1,0,V
CEventStuckInAir,Constructor,0x004B1490,1,0,S
CEventStuckInAir,GetEventPriority,0x00000000,1,0,V
CEventStuckInAir,TakesPriorityOver,0x00000000,1,0,V
CEventSoundQuiet,AffectsPed,0x00000000,1,0,V
CEventSoundQuiet,CloneEditable,0x00000000,1,0,V
CEventSoundQuiet,Constructor,0x005E05B0,1,0,S
CEventSeenPanickedPed,AffectsPed,0x00000000,1,0,V
CEventSeenPanickedPed,Constructor,0x004B2080,1,0,S
CEventSeenCop,Constructor1,0x005FF380,1,0,S
CEventScriptedAttractor,Constructor,0x005FEF40,1,0,S
CEventScriptCommand,AffectsPed,0x004B0AF0,1,0,S
CEventScriptCommand,Clone,0x004B6490,1,0,S
CEventScriptCommand,CloneScriptTask,0x004B0AA0,1,0,S
CEventScriptCommand,Constructor,0x004B0A00,1,0,S
CEventScriptCommand,GetEventPriority,0x004B0B20,1,0,S
CEventScriptCommand,GetEventType,0x004B0A30,1,0,S
CEventScriptCommand,IsValid,0x004B0AB0,1,0,S
CEventScriptCommand,TakesPriorityOver,0x004B0BA0,1,0,S
CEventPotentialWalkIntoVehicle,AffectsPed,0x00000000,1,0,V
CEventPotentialWalkIntoVehicle,Constructor,0x004AE320,1,0,S
CEventPotentialWalkIntoPed,AffectsPed,0x00000000,1,0,V
CEventPotentialWalkIntoPed,Constructor,0x004AE6E0,1,0,S
CEventPotentialWalkIntoPed,TakesPriorityOver,0x00000000,1,0,V
CEventPotentialWalkIntoObject,AffectsPed,0x00000000,1,0,V
CEventPotentialWalkIntoObject,Constructor,0x004AE5D0,1,0,S
CEventPotentialWalkIntoFire,AffectsPed,0x00000000,1,0,V
CEventPotentialWalkIntoFire,Constructor,0x004B1E20,1,0,S
CEventPlayerCommandToGroupGather,Constructor,0x00609250,1,0,S
CEventPlayerCommandToGroupAttack,AffectsPedGroup,0x00000000,1,0,V
CEventPlayerCommandToGroupAttack,Constructor,0x005F6340,1,0,S
CEventPlayerCommandToGroup,AffectsPedGroup,0x00000000,1,0,V
CEventPlayerCommandToGroup,Constructor,0x004B23D0,1,0,S
CEventPlayerCollisionWithPed,Constructor,0x005FEE40,1,0,S
CEventPedCollisionWithPlayer,Constructor,0x005FED40,1,0,S
CEventPedCollisionWithPed,AffectsPed,0x00000000,1,0,V
CEventPedCollisionWithPed,Constructor,0x004AC990,1,0,S
CEventPedCollisionWithPed,TakesPriorityOver,0x00000000,1,0,V
CEventPassObject,Constructor,0x0065DC70,1,0,S
CEventPassObject,IsValid,0x00000000,1,0,V
CEventOnFire,AffectsPed,0x00000000,1,0,V
CEventObjectCollision,AffectsPed,0x00000000,1,0,V
CEventObjectCollision,Constructor,0x004ACCF0,1,0,S
CEventNewGangMember,Constructor,0x00608F70,1,0,S
CEventLeanOnVehicle,Constructor,0x0065DAF0,1,0,S
CEventLeanOnVehicle,IsValid,0x00000000,1,0,V
CEventLeaderQuitEnteringCarAsDriver,AffectsPedGroup,0x00000000,1,0,V
CEventLeaderQuitEnteringCarAsDriver,Constructor,0x0063A110,1,0,S
CEventLeaderExitedCarAsDriver,AffectsPedGroup,0x00000000,1,0,V
CEventLeaderExitedCarAsDriver,Constructor,0x004B8300,1,0,S
CEventLeaderEntryExit,Constructor,0x0043E1C0,1,0,S
CEventLeaderEnteredCarAsDriver,AffectsPedGroup,0x00000000,1,0,V
CEventLeaderEnteredCarAsDriver,Constructor,0x0048E1C0,1,0,S
CEventKnockOffBike,AffectsPed,0x00000000,1,0,V
CEventKnockOffBike,CalcForcesAndAnims,0x004B0020,1,0,S
CEventKnockOffBike,Constructor-first,0x004AFCF0,1,0,S
CEventKnockOffBike,Constructor-second,0x004AFC70,1,0,S
CEventKnockOffBike,From,0x004AFDD0,1,0,S
CEventKnockOffBike,ReportCriminalEvent,0x00000000,1,0,V
CEventKnockOffBike,SetPedOutCar,0x004AFF60,1,0,S
CEventKnockOffBike,SetPedSafePosition,0x004B4AC0,1,0,S
CEventInAir,AffectsPed,0x00000000,1,0,V
CEventInAir,Constructor,0x004B0CB0,1,0,S
CEventHitByWaterCannon,AffectsPed,0x00000000,1,0,V
CEventHitByWaterCannon,Constructor,0x004B1290,1,0,S
CEventHandlerHistory,ClearAllEvents,0x004BC550,1,0,S
CEventHandlerHistory,ClearNonTempEvent,0x004B8C60,1,0,S
CEventHandlerHistory,ClearTempEvent,0x004B8C40,1,0,S
CEventHandlerHistory,GetCurrentEvent,0x004B8CA0,1,0,S
CEventHandlerHistory,GetCurrentEventPriority,0x004B8C80,1,0,S
CEventHandlerHistory,IsRespondingToEvent,0x004B8B90,1,0,S
CEventHandlerHistory,RecordCurrentEvent,0x004BC4B0,1,0,S
CEventHandlerHistory,StoreActiveEvent,0x004B8BF0,1,0,S
CEventHandlerHistory,TakesPriorityOverCurrentEvent,0x004BC580,1,0,S
CEventHandlerHistory,TickStoredEvent,0x004B8C20,1,0,S
CEventHandler,ComputeAreaCodesResponse,0x004BBF50,1,0,S
CEventHandler,ComputeAttractorResponse,0x004B9BE0,1,0,S
CEventHandler,ComputeBuildingCollisionResponse,0x004BF2B0,1,0,S
CEventHandler,ComputeCarUpsideDownResponse,0x004BBC30,1,0,S
CEventHandler,ComputeChatPartnerResponse,0x004B98E0,1,0,S
CEventHandler,ComputeCopCarBeingStolenResponse,0x004BB740,1,0,S
CEventHandler,ComputeCreatePartnerTaskResponse,0x004BB130,1,0,S
CEventHandler,ComputeDamageResponse,0x004C0170,1,0,S
CEventHandler,ComputeDangerResponse,0x004BC230,1,0,S
CEventHandler,ComputeDeadPedResponse,0x004B9470,1,0,S
CEventHandler,ComputeDeathResponse,0x004B9400,1,0,S
CEventHandler,ComputeDontJoinGroupResponse,0x004BC1D0,1,0,S
CEventHandler,ComputeDraggedOutCarResponse,0x004BCC30,1,0,S
CEventHandler,ComputeEventResponseTask-0,0x004C3870,1,0,S
CEventHandler,ComputeEventResponseTask-Ped,0x004C4220,1,0,S
CEventHandler,ComputeFireNearbyResponse,0x004BBFB0,1,0,S
CEventHandler,ComputeGotKnockedOverByCarResponse,0x004C3430,1,0,S
CEventHandler,ComputeGunAimedAtResponse,0x004C2840,1,0,S
CEventHandler,ComputeHighAngerAtPlayerResponse,0x004BAC10,1,0,S
CEventHandler,ComputeInWaterResponse,0x004BAF80,1,0,S
CEventHandler,ComputeInteriorUseInfoResponse,0x004BAFE0,1,0,S
CEventHandler,ComputeKnockOffBikeResponse,0x004B9FF0,0,1,S
CEventHandler,ComputeLowAngerAtPlayerResponse,0x004BAAD0,1,0,S
CEventHandler,ComputeLowHealthResponse,0x004BA990,1,0,S
CEventHandler,ComputeObjectCollisionPassiveResponse,0x004BBB90,1,0,S
CEventHandler,ComputeObjectCollisionResponse,0x004B92B0,1,0,S
CEventHandler,ComputeOnEscalatorResponse,0x004BC150,1,0,S
CEventHandler,ComputeOnFireResponse,0x004BAD50,1,0,S
CEventHandler,ComputePassObjectResponse,0x004BB0C0,1,0,S
CEventHandler,ComputePedCollisionWithPedResponse,0x004BDB80,0,1,S
CEventHandler,ComputePedCollisionWithPlayerResponse,0x004BE7D0,0,1,S
CEventHandler,ComputePedEnteredVehicleResponse,0x004C1590,1,0,S
CEventHandler,ComputePedFriendResponse,0x004B9DD0,1,0,S
CEventHandler,ComputePedSoundQuietResponse,0x004B9D40,1,0,S
CEventHandler,ComputePedThreatBadlyLitResponse,0x004B9C90,1,0,S
CEventHandler,ComputePedThreatResponse,0x004C19A0,1,0,S
CEventHandler,ComputePedToChaseResponse,0x004C1910,1,0,S
CEventHandler,ComputePedToFleeResponse,0x004B9B50,1,0,S
CEventHandler,ComputePersonalityResponseToDamage,0x004BF9B0,1,0,S
CEventHandler,ComputePlayerCollisionWithPedResponse,0x004B8CE0,1,0,S
CEventHandler,ComputePlayerWantedLevelResponse,0x004BB280,1,0,S
CEventHandler,ComputePotentialPedCollideResponse,0x004C2610,1,0,S
CEventHandler,ComputePotentialWalkIntoFireResponse,0x004BBCD0,1,0,S
CEventHandler,ComputeReallyLowHealthResponse,0x004BAA30,1,0,S
CEventHandler,ComputeReviveResponse,0x004B97B0,1,0,S
CEventHandler,ComputeScriptCommandResponse,0x004BA7C0,1,0,S
CEventHandler,ComputeSeenCopResponse,0x004BC050,1,0,S
CEventHandler,ComputeSeenPanickedPedResponse,0x004C35F0,1,0,S
CEventHandler,ComputeSexyPedResponse,0x004B99F0,1,0,S
CEventHandler,ComputeSexyVehicleResponse,0x004B9AA0,1,0,S
CEventHandler,ComputeShotFiredResponse,0x004BC710,1,0,S
CEventHandler,ComputeShotFiredWhizzedByResponse,0x004BBE30,1,0,S
CEventHandler,ComputeSignalAtPedResponse,0x004BB050,1,0,S
CEventHandler,ComputeSpecialResponse,0x004BB800,1,0,S
CEventHandler,ComputeVehicleCollisionResponse,0x004BD6A0,1,0,S
CEventHandler,ComputeVehicleDamageResponse,0x004C2FC0,1,0,S
CEventHandler,ComputeVehicleDiedResponse,0x004BA8B0,1,0,S
CEventHandler,ComputeVehicleOnFireResponse,0x004BB2E0,1,0,S
CEventHandler,ComputeVehiclePotentialCollisionResponse,0x004C0BD0,1,0,S
CEventHandler,ComputeVehiclePotentialPassiveCollisionResponse,0x004B96D0,1,0,S
CEventHandler,ComputeVehicleToStealResponse,0x004B9F80,1,0,S
CEventHandler,ComputeWaterCannonResponse,0x004BAE30,1,0,S
CEventHandler,Constructor,0x004C3E80,1,0,S
CEventHandler,Destructor,0x004C3EC0,1,0,S
CEventHandler,Flush,0x004C3790,1,0,S
CEventHandler,FlushImmediately,0x004C3820,1,0,S
CEventHandler,GetCurrentEventType,0x004B8CC0,1,0,S
CEventHandler,HandleEvents,0x004C3F10,1,0,S
CEventHandler,IsKillTaskAppropriate,0x004BC3E0,1,0,S
CEventHandler,IsTemporaryEvent,0x004BC370,1,0,S
CEventHandler,RegisterKill,0x004B9340,1,0,S
CEventHandler,SetEventResponseTask,0x004BC600,1,0,S
CEventGunShotWhizzedBy,AffectsPed,0x00000000,1,0,V
CEventGunShotWhizzedBy,Constructor,0x004B1FD0,1,0,S
CEventGunShot,AffectsPed,0x00000000,1,0,V
CEventGunShot,CloneEditable,0x00000000,1,0,V
CEventGunShot,Constructor,0x004AC610,1,0,S
CEventGunShot,IsCriminalEvent,0x00000000,1,0,V
CEventGunShot,TakesPriorityOver,0x00000000,1,0,V
CEventGroup,Add-,0x004AB420,1,0,S
CEventGroup,Constructor,0x004AB340,1,0,S
CEventGroup,Flush,0x004AB370,1,0,S
CEventGroup,GetEventOfType,0x004AB650,1,0,S
CEventGroup,GetHighestPriorityEvent,0x004AB7C0,1,0,S
CEventGroup,HasEvent,0x004AB6A0,1,0,S
CEventGroup,HasEventOfType,0x004AB5E0,1,0,S
CEventGroup,HasScriptCommandOfTaskType,0x004AB840,1,0,S
CEventGroup,Remove,0x004AB5A0,1,0,S
CEventGroup,RemoveInvalidEvents,0x004AB760,1,0,S
CEventGroup,Reorganise,0x004AB700,1,0,S
CEventGroup,TickEvents,0x004AB6D0,1,0,S
CEventGlobalGroup,AddEventsToGroup,0x004AB8A0,1,0,S
CEventGlobalGroup,AddEventsToPed,0x004AB9C0,1,0,S
CEventGlobalGroup,GetSoundLevel,0x004AB900,1,0,S
CEventEscalator,AffectsPed,0x00000000,1,0,V
CEventEditableResponse,Clone,0x00000000,1,0,V
CEventEditableResponse,ComputeResponseTaskOfType,0x004B5730,1,0,S
CEventEditableResponse,ComputeResponseTaskType-group,0x004B57A0,1,0,S
CEventEditableResponse,ComputeResponseTaskType-ped,0x004B56C0,1,0,S
CEventEditableResponse,Constructor,0x004AC450,1,0,S
CEventEditableResponse,HasEditableResponse,0x00000000,1,0,V
CEventEditableResponse,InformGroup,0x004B7DF0,1,0,S
CEventEditableResponse,InformRespectedFriends,0x004B2B00,1,0,S
CEventEditableResponse,InformVehicleOccupants,0x004AC4A0,1,0,S
CEventEditableResponse,TriggerLookAt,0x004AC5A0,1,0,S
CEventEditableResponse,WillRespond,0x004AC490,1,0,S
CEventDontJoinPlayerGroup,Constructor,0x006090E0,1,0,S
CEventDanger,AffectsPed,0x00000000,1,0,V
CEventDanger,AffectsPedGroup,0x00000000,1,0,V
CEventDanger,Constructor,0x004B2600,1,0,S
CEventDanger,GetSourceEntity,0x00000000,1,0,V
CEventDamage,AffectsPed,0x00000000,1,0,V
CEventDamage,AffectsPedGroup,0x00000000,1,0,V
CEventDamage,CanBeInterruptedBySameEvent,0x00000000,1,0,V
CEventDamage,CloneEditable,0x00000000,1,0,V
CEventDamage,ComputeBodyPartToRemove,0x004ADC10,1,0,S
CEventDamage,ComputeDamageAnim,0x004B3FC0,1,0,S
CEventDamage,ComputeDeathAnim,0x004B3A60,1,0,S
CEventDamage,Constructor-,0x004B33B0,1,0,S
CEventDamage,Constructor-1,0x004AD830,1,0,S
CEventDamage,DoInformVehicleOccupants,0x00000000,1,0,V
CEventDamage,From,0x004AD9C0,1,0,S
CEventDamage,GetEventPriority,0x00000000,1,0,V
CEventDamage,GetEventType,0x00000000,1,0,V
CEventDamage,GetLifeTime,0x00000000,1,0,V
CEventDamage,GetLocalSoundLevel,0x00000000,1,0,V
CEventDamage,GetSourceEntity,0x00000000,1,0,V
CEventDamage,IsCriminalEvent,0x00000000,1,0,V
CEventDamage,ProcessDamage,0x004B3A20,1,0,S
CEventDamage,ReportCriminalEvent,0x00000000,1,0,V
CEventDamage,TakesPriorityOver,0x00000000,1,0,V
CEventCopCarBeingStolen,AffectsPed,0x00000000,1,0,V
CEventCopCarBeingStolen,Constructor,0x004B1740,1,0,S
CEventCarUpsideDown,AffectsPed,0x00000000,1,0,V
CEventCarUpsideDown,Constructor,0x004B1CC0,1,0,S
CEventBuildingCollision,AffectsPed,0x00000000,1,0,V
CEventBuildingCollision,CanTreatBuildingAsObject,0x004B3120,1,0,S
CEventBuildingCollision,Constructor,0x004ACF00,1,0,S
CEventBuildingCollision,IsHeadOnCollision,0x004AD1E0,1,0,S
CEventAttractor,AffectsPed,0x00000000,1,0,V
CEventAttractor,CloneEditable,0x00000000,1,0,V
CEventAttractor,Constructor,0x004AF350,1,0,S
CEventAttractor,IsEffectActive,0x004AF460,1,0,S
CEventAreaCodes,AffectsPed,0x00000000,1,0,V
CEventAreaCodes,Constructor,0x004B2190,1,0,S
CEventAreaCodes,TakesPriorityOver,0x00000000,1,0,V
CEventAcquaintancePedHateBadlyLit,AffectsPed,0x00000000,1,0,V
CEventAcquaintancePedHateBadlyLit,Constructor,0x005FF250,1,0,S
CEventAcquaintancePedHate,Constructor2,0x00420E70,1,0,S
CEventAcquaintancePed,AffectsPed,0x00000000,1,0,V
CEventAcquaintancePed,AffectsPedGroup,0x00000000,1,0,V
CEventAcquaintancePed,Constructor,0x004AF820,1,0,S
CEventAcquaintancePed,TakesPriorityOver,0x00000000,1,0,V
CEvent,CalcSoundLevelIncrement,0x004AC050,1,0,S
CEvent,Constructor,0x004ABFC0,1,0,S
CEvent,GetSoundLevel,0x004B2850,1,0,S
CVehiclePool,New,0x006E2A50,1,0,S
CTaskPool,New,0x0061A500,1,0,S
CTaskAllocatorPool,New,0x0069D8E0,1,0,S
CPtrNodeSingleLinkPool,New,0x00552240,1,0,S
CPtrNodeDoubleLinkPool,New,0x005522E0,1,0,S
CPointRoutePool,New,0x0041B5B0,1,0,S
CPedPool,GetAtRef,0x00404910,1,0,S
CPedPool,New,0x005E45E0,1,0,S
CPedIntelligencePool,New,0x00605EC0,1,0,S
CPedAttractorPool,New,0x005EA9F0,1,0,S
CObjectPool,GetAt,0x00404870,1,0,S
CObjectPool,New,0x005A1C20,1,0,S
CNodeRoutePool,New,0x0041B710,1,0,S
CIplDefPool,New,0x004059B0,1,0,S
CEventPool,New,0x004B5570,1,0,S
CEntryInfoNodePool,GetAt,0x00536D10,1,0,S
CDummyPool,New,0x00532630,1,0,S
CColModelPool,New,0x0040FB80,1,0,S
CBuildingPool,New,0x00403FA0,1,0,S
CWeaponModelInfo,GetModelType,0x00000000,1,0,V
CWeaponModelInfo,Init,0x00000000,1,0,V
CWeaponModelInfo,SetClump,0x00000000,1,0,V
CVehicleModelInfo,AddRemap,0x004C86D0,1,0,S
CVehicleModelInfo,AddWheelUpgrade,0x004C8700,1,0,S
CVehicleModelInfo,AssignRemapTxd,0x004C9360,1,0,S
CVehicleModelInfo,ChooseComponent,0x004C8040,1,0,S
CVehicleModelInfo,ChooseComponent-Global,0x004C7FB0,1,0,S
CVehicleModelInfo,ChooseSecondComponent,0x004C8120,1,0,S
CVehicleModelInfo,ChooseVehicleColour,0x004C8500,1,0,S
CVehicleModelInfo,ClearAtomicFlagCB,0x004C7BB0,1,0,S
CVehicleModelInfo,CollapseFramesCB,0x004C8E30,1,0,S
CVehicleModelInfo,ConvertAnimFileIndex,0x00000000,1,0,V
CVehicleModelInfo,CountCompsInRule,0x004C7F80,1,0,S
CVehicleModelInfo,CreateInstance,0x00000000,1,0,V
CVehicleModelInfo,DeleteRwObject,0x00000000,1,0,V
CVehicleModelInfo,DeleteVehicleColourTextures,0x004C8770,1,0,S
CVehicleModelInfo,DisableEnvMap,0x004C97E0,1,0,S
CVehicleModelInfo,FindTextureCB,0x004C7510,1,0,S
CVehicleModelInfo,GetAnimFileIndex,0x00000000,1,0,V
CVehicleModelInfo,GetCustomCarPlateText,0x004C8970,1,0,S
CVehicleModelInfo,GetListOfComponentsNotUsedByRules,0x004C7E50,1,0,S
CVehicleModelInfo,GetMatFXEffectMaterialCB,0x004C8810,1,0,S
CVehicleModelInfo,GetMaximumNumberOfPassengersFromNumberOfDoors,0x004C89B0,1,0,S
CVehicleModelInfo,GetModelType,0x00000000,1,0,V
CVehicleModelInfo,GetNumDoors,0x004C73C0,1,0,S
CVehicleModelInfo,GetNumRemaps,0x004C86B0,1,0,S
CVehicleModelInfo,GetNumWheelUpgrades,0x004C8740,1,0,S
CVehicleModelInfo,GetOkAndDamagedAtomicCB,0x004C7BD0,1,0,S
CVehicleModelInfo,GetOriginalCompPosition,0x004C7DD0,1,0,S
CVehicleModelInfo,GetWheelPosn,0x004C7D20,1,0,S
CVehicleModelInfo,GetWheelUpgrade,0x004C8750,1,0,S
CVehicleModelInfo,HasAlphaMaterialCB,0x004C77C0,1,0,S
CVehicleModelInfo,HideAllComponentsAtomicCB,0x004C7790,1,0,S
CVehicleModelInfo,HideDamagedAtomicCB,0x004C7720,1,0,S
CVehicleModelInfo,Init,0x00000000,1,0,V
CVehicleModelInfo,IsUpgradeAvailable,0x004C8200,1,0,S
CVehicleModelInfo,IsValidCompRule,0x004C7E10,1,0,S
CVehicleModelInfo,LoadEnvironmentMaps,0x004C8780,1,0,S
CVehicleModelInfo,LoadVehicleColours,0x005B6890,1,0,S
CVehicleModelInfo,LoadVehicleUpgrades,0x005B65A0,1,0,S
CVehicleModelInfo,MoveObjectsCB,0x004C7700,1,0,S
CVehicleModelInfo,PreprocessHierarchy,0x004C8E60,1,0,S
CVehicleModelInfo,ReduceMaterialsInVehicle,0x004C8BD0,1,0,S
CVehicleModelInfo,RemoveWindowAlphaCB,0x004C83B0,1,0,S
CVehicleModelInfo,ResetEditableMaterials,0x004C8460,1,0,S
CVehicleModelInfo,SetAnimFile,0x00000000,1,0,V
CVehicleModelInfo,SetAtomicFlagCB,0x004C7B90,1,0,S
CVehicleModelInfo,SetAtomicRenderCallbacks,0x004C7B10,1,0,S
CVehicleModelInfo,SetAtomicRendererCB,0x004C77E0,1,0,S
CVehicleModelInfo,SetAtomicRendererCB_Boat,0x004C79A0,1,0,S
CVehicleModelInfo,SetAtomicRendererCB_Heli,0x004C7A30,1,0,S
CVehicleModelInfo,SetAtomicRendererCB_Plane,0x004C7930,1,0,S
CVehicleModelInfo,SetAtomicRendererCB_RealHeli,0x004C7870,1,0,S
CVehicleModelInfo,SetAtomicRendererCB_Train,0x004C7AA0,1,0,S
CVehicleModelInfo,SetCarCustomPlate,0x004C9450,1,0,S
CVehicleModelInfo,SetClump,0x00000000,1,0,V
CVehicleModelInfo,SetCustomCarPlateText,0x004C8980,1,0,S
CVehicleModelInfo,SetDirtTextures,0x005D5DB0,1,0,S
CVehicleModelInfo,SetEditableMaterials,0x004C8430,1,0,S
CVehicleModelInfo,SetEditableMaterialsCB-RpAtomic,0x004C83E0,1,0,S
CVehicleModelInfo,SetEditableMaterialsCB-RpMaterial,0x004C8220,1,0,S
CVehicleModelInfo,SetEnvMapCoeff,0x004C9800,1,0,S
CVehicleModelInfo,SetEnvMapCoeffAtomicCB,0x004C9430,1,0,S
CVehicleModelInfo,SetEnvMapCoeffCB,0x004C88B0,1,0,S
CVehicleModelInfo,SetEnvironmentMapAtomicCB,0x004C9410,1,0,S
CVehicleModelInfo,SetEnvironmentMapCB,0x004C8840,1,0,S
CVehicleModelInfo,SetRenderPipelines,0x004C8900,1,0,S
CVehicleModelInfo,SetRenderPipelinesCB,0x004C88F4,1,0,S
CVehicleModelInfo,SetVehicleColour,0x004C84B0,1,0,S
CVehicleModelInfo,SetVehicleComponentFlags,0x004C7C10,1,0,S
CVehicleModelInfo,SetupCommonData,0x005B8F00,1,0,S
CVehicleModelInfo,SetupLightFlags,0x004C8C90,1,0,S
CVehicleModelInfo,ShutdownEnvironmentMaps,0x004C87D0,1,0,S
CVehicleModelInfo,ShutdownLightTexture,0x004C7470,1,0,S
CVehicleModelInfo,StopUsingCommonVehicleTexDicationary,0x004C75C0,1,0,S
CVehicleModelInfo,StoreAtomicUsedMaterialsCB,0x004C8B60,1,0,S
CVehicleModelInfo,UseCommonVehicleTexDicationary,0x004C75A0,1,0,S
CTimeModelInfo,GetModelType,0x00000000,1,0,V
CTimeModelInfo,GetTimeInfo,0x00000000,1,0,V
CTimeInfo,FindOtherTimeModel,0x004C47E0,1,0,S
CTimeInfo,GetOtherTimeModel,0x004C4A30,1,0,S
CTimeInfo,GetTimeOff,0x00407330,1,0,S
CTimeInfo,GetTimeOn,0x00407320,1,0,S
CTimeInfo,SetOtherTimeModel,0x005B3440,1,0,S
CTimeInfo,SetTimes,0x005B3430,1,0,S
CPedModelInfo,AddXtraAtomics,0x004C6D40,1,0,S
CPedModelInfo,AnimatePedColModelSkinned,0x004C6F70,1,0,S
CPedModelInfo,AnimatePedColModelSkinnedWorld,0x004C7170,1,0,S
CPedModelInfo,CreateHitColModelSkinned,0x004C6D90,1,0,S
CPedModelInfo,DeleteRwObject,0x00000000,1,0,V
CPedModelInfo,GetModelType,0x00000000,1,0,V
CPedModelInfo,IncrementVoice,0x004C7300,1,0,S
CPedModelInfo,SetClump,0x00000000,1,0,V
CPedModelInfo,SetFaceTexture,0x004C6D50,1,0,S
CModelInfo,AddAtomicModel,0x004C6620,1,0,S
CModelInfo,AddClumpModel,0x004C6740,1,0,S
CModelInfo,AddDamageAtomicModel,0x004C6650,1,0,S
CModelInfo,AddLodAtomicModel,0x004C6680,1,0,S
CModelInfo,AddLodTimeModel,0x004C66E0,1,0,S
CModelInfo,AddPedModel,0x004C67A0,1,0,S
CModelInfo,AddTimeModel,0x004C66B0,1,0,S
CModelInfo,AddVehicleModel,0x004C6770,1,0,S
CModelInfo,AddWeaponModel,0x004C6710,1,0,S
CModelInfo,GetModelInfo-full,0x004C5940,1,0,S
CModelInfo,GetModelInfo-minmax,0x004C5A20,1,0,S
CModelInfo,GetModelInfoFromHashKey,0x004C59B0,1,0,S
CModelInfo,GetModelInfoUInt16,0x004C59F0,1,0,S
CModelInfo,Initialise,0x004C6810,1,0,S
CModelInfo,IsBikeModel,0x004C5B60,1,0,S
CModelInfo,IsBmxModel,0x004C5C20,1,0,S
CModelInfo,IsBoatModel,0x004C5A70,1,0,S
CModelInfo,IsCarModel,0x004C5AA0,1,0,S
CModelInfo,IsFakePlaneModel,0x004C5B90,1,0,S
CModelInfo,IsHeliModel,0x004C5B00,1,0,S
CModelInfo,IsMonsterTruckModel,0x004C5BC0,1,0,S
CModelInfo,IsPlaneModel,0x004C5B30,1,0,S
CModelInfo,IsQuadBikeModel,0x004C5BF0,1,0,S
CModelInfo,IsTrailerModel,0x004C5C50,1,0,S
CModelInfo,IsTrainModel,0x004C5AD0,1,0,S
CModelInfo,IsVehicleModelType,0x004C5C80,1,0,S
CModelInfo,ReInit2dEffects,0x004C63B0,1,0,S
CModelInfo,ShutDown,0x004C63E0,1,0,S
CLodAtomicModelInfo,AsLodAtomicModelInfoPtr,0x00000000,1,0,V
CLodAtomicModelInfo,GetModelType,0x00000000,1,0,V
CLodAtomicModelInfo,Init,0x00000000,1,0,V
CLinkedUpgradeList,AddUpgradeLink,0x004C74B0,1,0,S
CLinkedUpgradeList,FindOtherUpgrade,0x004C74D0,1,0,S
CDamageAtomicModelInfo,AsDamageAtomicModelInfoPtr,0x00000000,1,0,V
CDamageAtomicModelInfo,DeleteRwObject,0x00000000,1,0,V
CDamageAtomicModelInfo,Init,0x00000000,1,0,V
CDamageAtomicModelInfo,SetDamagedAtomic,0x004C48D0,1,0,S
CClumpModelInfo,AtomicSetupLightingCB,0x004C4F30,1,0,S
CClumpModelInfo,ConvertAnimFileIndex,0x00000000,1,0,V
CClumpModelInfo,CreateInstance-mat,0x00000000,1,0,V
CClumpModelInfo,CreateInstance-void,0x00000000,1,0,V
CClumpModelInfo,DeleteRwObject,0x00000000,1,0,V
CClumpModelInfo,FillFrameArray,0x004C5440,1,0,S
CClumpModelInfo,FillFrameArrayCB,0x004C5390,1,0,S
CClumpModelInfo,FindFrameFromIdCB,0x004C5350,1,0,S
CClumpModelInfo,FindFrameFromNameCB,0x004C52A0,1,0,S
CClumpModelInfo,FindFrameFromNameWithoutIdCB,0x004C52F0,1,0,S
CClumpModelInfo,GetAnimFileIndex,0x00000000,1,0,V
CClumpModelInfo,GetBoundingBox,0x00000000,1,0,V
CClumpModelInfo,GetFrameFromId,0x004C53C0,1,0,S
CClumpModelInfo,GetFrameFromName,0x004C5400,1,0,S
CClumpModelInfo,GetModelType,0x00000000,1,0,V
CClumpModelInfo,GetRwModelType,0x00000000,1,0,V
CClumpModelInfo,Init,0x00000000,1,0,V
CClumpModelInfo,SetAnimFile,0x00000000,1,0,V
CClumpModelInfo,SetAtomicRendererCB,0x004C5280,1,0,S
CClumpModelInfo,SetClump,0x00000000,1,0,V
CClumpModelInfo,SetClumpModelInfoFlags,0x005B3C30,1,0,S
CClumpModelInfo,SetFrameIds,0x004C5460,1,0,S
CClumpModelInfo,SetHierarchyForSkinAtomic,0x004C4EF0,1,0,S
CClumpModelInfo,Shutdown,0x00000000,1,0,V
CBaseModelInfo,Add2dEffect,0x004C4D20,1,0,S
CBaseModelInfo,AddRef,0x004C4BA0,1,0,S
CBaseModelInfo,AddTexDictionaryRef,0x004C4B80,1,0,S
CBaseModelInfo,AsAtomicModelInfoPtr,0x00000000,1,0,V
CBaseModelInfo,AsDamageAtomicModelInfoPtr,0x00000000,1,0,V
CBaseModelInfo,AsLodAtomicModelInfoPtr,0x00000000,1,0,V
CBaseModelInfo,ClearTexDictionary,0x004C4B70,1,0,S
CBaseModelInfo,ConvertAnimFileIndex,0x00000000,1,0,V
CBaseModelInfo,DeleteCollisionModel,0x004C4C40,1,0,S
CBaseModelInfo,Get2dEffect,0x004C4C70,1,0,S
CBaseModelInfo,GetAnimFileIndex,0x00000000,1,0,V
CBaseModelInfo,GetIsDrawLast,0x005328C0,1,0,S
CBaseModelInfo,GetTimeInfo,0x00000000,1,0,V
CBaseModelInfo,HasBeenPreRendered,0x005328B0,1,0,S
CBaseModelInfo,HasComplexHierarchy,0x004C4E00,1,0,S
CBaseModelInfo,IncreaseAlpha,0x00532900,1,0,S
CBaseModelInfo,Init,0x00000000,1,0,V
CBaseModelInfo,Init2dEffects,0x004C4C20,1,0,S
CBaseModelInfo,IsBackfaceCulled,0x005328F0,1,0,S
CBaseModelInfo,IsBreakableStatuePart,0x0059F090,1,0,S
CBaseModelInfo,IsLod,0x004C4A00,1,0,S
CBaseModelInfo,IsRoad,0x004C4DF0,1,0,S
CBaseModelInfo,IsTagModel,0x0049CC20,1,0,S
CBaseModelInfo,RemoveRef,0x004C4BB0,1,0,S
CBaseModelInfo,RemoveTexDictionaryRef,0x004C4B90,1,0,S
CBaseModelInfo,SetAnimFile,0x00000000,1,0,V
CBaseModelInfo,SetBaseModelInfoFlags,0x005B3AD0,1,0,S
CBaseModelInfo,SetColModel,0x004C4BC0,1,0,S
CBaseModelInfo,SetHasBeenPreRendered,0x004C42F0,1,0,S
CBaseModelInfo,SetIsLod,0x004C4A10,1,0,S
CBaseModelInfo,SetOwnsColModel,0x005328D0,1,0,S
CBaseModelInfo,SetTexDictionary,0x004C4B40,1,0,S
CBaseModelInfo,Shutdown,0x00000000,1,0,V
CBaseModelInfo,SwaysInWind,0x004212C0,0,1,S
CAtomicModelInfo,AsAtomicModelInfoPtr,0x00000000,1,0,V
CAtomicModelInfo,DeleteRwObject,0x00000000,1,0,V
CAtomicModelInfo,GetAtomicFromDistance,0x004C44B0,1,0,S
CAtomicModelInfo,GetModelType,0x00000000,1,0,V
CAtomicModelInfo,GetRwModelType,0x00000000,1,0,V
CAtomicModelInfo,Init,0x00000000,1,0,V
CAtomicModelInfo,SetAtomic,0x00000000,1,0,V
CAtomicModelInfo,SetAtomicModelInfoFlags,0x005B3B20,1,0,S
CAtomicModelInfo,SetupVehicleUpgradeFlags,0x004C4570,1,0,S
CVehicle,ActivateBomb,0x006D24F0,1,0,S
CVehicle,ActivateBombWhenEntered,0x006D2570,1,0,S
CVehicle,AddDamagedVehicleParticles,0x006D2A80,1,0,S
CVehicle,AddExhaustParticles,0x006DE240,1,0,S
CVehicle,AddPassenger-Auto-Seat,0x006D13A0,1,0,S
CVehicle,AddPassenger-Fixed-Seat,0x006D14D0,1,0,S
CVehicle,AddWaterSplashParticles,0x006DDF60,1,0,S
CVehicle,AddWheelDirtAndWater,0x006D2D50,1,0,S
CVehicle,ApplyBoatWaterResistance,0x006D2740,1,0,S
CVehicle,BladeColSectorList<CPtrListSingleLink<CEntity*>>,0x006DAF00,1,0,S
CVehicle,CalculateLightingFromCollision,0x006D0CF0,1,0,S
CVehicle,CanBeDeleted,0x006D1180,1,0,S
CVehicle,CanBeDriven,0x006D5400,1,0,S
CVehicle,CanDoorsBeDamaged,0x006D1E60,1,0,S
CVehicle,CanPedEnterCar,0x006D1E80,1,0,S
CVehicle,CanPedJumpOutCar,0x00000000,1,0,V
CVehicle,CanPedLeanOut,0x006D5CF0,1,0,S
CVehicle,CanPedOpenLocks,0x006D1E20,1,0,S
CVehicle,CanPedStepOutCar,0x00000000,1,0,V
CVehicle,CanVehicleBeDamaged,0x006D1280,1,0,S
CVehicle,CarHasRoof,0x006D25D0,1,0,S
CVehicle,ChangeLawEnforcerState,0x006D2330,1,0,S
CVehicle,ClearGettingInFlags,0x006D3040,1,0,S
CVehicle,ClearGettingOutFlags,0x006D3060,1,0,S
CVehicle,ClearVehicleUpgradeFlags,0x006D3210,1,0,S
CVehicle,ClearWindowOpenFlag,0x006D30B0,1,0,S
CVehicle,Constructor,0x006D5F10,1,0,S
CVehicle,CopyObjectsCB,0x006D3450,1,0,S
CVehicle,CreateReplacementAtomic,0x006D3700,1,0,S
CVehicle,CreateUpgradeAtomic,0x006D3510,1,0,S
CVehicle,CustomCarPlate_TextureCreate,0x006D10E0,1,0,S
CVehicle,CustomCarPlate_TextureDestroy,0x006D1150,1,0,S
CVehicle,DeleteRwObject,0x00000000,1,0,V
CVehicle,DestroyVehicleAndDriverAndPassengers,0x006D2250,1,0,S
CVehicle,Destructor,0x006E2B40,1,0,S
CVehicle,DoBladeCollision,0x006E2E50,1,0,S
CVehicle,DoBoatSplashes,0x006DD130,1,0,S
CVehicle,DoFixedMachineGuns,0x0073F400,1,0,S
CVehicle,DoHeadLightBeam,0x006E0E20,1,0,S
CVehicle,DoHeadLightReflection,0x006E1720,1,0,S
CVehicle,DoHeadLightReflectionSingle,0x006E1440,1,0,S
CVehicle,DoHeadLightReflectionTwin,0x006E1600,1,0,S
CVehicle,DoPlaneGunFireFX,0x006D4AD0,1,0,S
CVehicle,ExtinguishCarFire,0x006D2460,1,0,S
CVehicle,FillVehicleWithPeds,0x006E2900,1,0,S
CVehicle,FindTyreNearestPoint,0x006D7BC0,1,0,S
CVehicle,FirePlaneGuns,0x006D4D30,1,0,S
CVehicle,FireUnguidedMissile,0x006D5110,1,0,S
CVehicle,GetFiringRateMultiplier,0x006D4090,1,0,S
CVehicle,GetHeightAboveRoad,0x00000000,1,0,V
CVehicle,GetPlaneGunsAutoAimAngle,0x006D3E00,1,0,S
CVehicle,GetPlaneGunsPosition,0x006D4290,1,0,S
CVehicle,GetPlaneGunsRateOfFire,0x006D40E0,1,0,S
CVehicle,GetPlaneNumGuns,0x006D3F30,1,0,S
CVehicle,GetPlaneOrdnancePosition,0x006D46E0,1,0,S
CVehicle,GetPlaneOrdnanceRateOfFire,0x006D4590,1,0,S
CVehicle,GetRemapIndex,0x006D0B70,1,0,S
CVehicle,GetReplacementUpgrade,0x006D3A50,1,0,S
CVehicle,GetRopeHeightForHeli,0x006D3D10,1,0,S
CVehicle,GetSpareHasslePosId,0x006D3AE0,1,0,S
CVehicle,GetSpecialColModel,0x006DF3D0,1,0,S
CVehicle,GetTowBarPos,0x00000000,1,0,V
CVehicle,GetTowHitchPos,0x00000000,1,0,V
CVehicle,GetUpgrade,0x006D3650,1,0,S
CVehicle,GetVehicleAppearance,0x006D1080,1,0,S
CVehicle,GetVehicleLightsStatus,0x006D55C0,1,0,S
CVehicle,HeightAboveCeiling,0x006D2600,1,0,S
CVehicle,InitWinch,0x006D3B60,1,0,S
CVehicle,IsDriver-ModelID,0x006D1C60,1,0,S
CVehicle,IsDriver-Ped,0x006D1C40,1,0,S
CVehicle,IsLawEnforcementVehicle,0x006D2370,1,0,S
CVehicle,IsOnItsSide,0x006D1DD0,1,0,S
CVehicle,IsPassenger-ModelID,0x006D1C00,1,0,S
CVehicle,IsPassenger-Ped,0x006D1BD0,1,0,S
CVehicle,IsSphereTouchingVehicle,0x006D84D0,1,0,S
CVehicle,IsUpsideDown,0x006D1D90,1,0,S
CVehicle,IsVehicleNormal,0x006D22F0,1,0,S
CVehicle,IsVehiclePointerValid,0x006E38F0,1,0,S
CVehicle,KillPedsGettingInVehicle,0x006D82F0,1,0,S
CVehicle,KillPedsInVehicle,0x006D1C80,1,0,S
CVehicle,Load,0x00000000,1,0,V
CVehicle,MakeDirty,0x006D2BF0,1,0,S
CVehicle,PickRandomPassenger,0x006D2A10,1,0,S
CVehicle,PickUpEntityWithWinch,0x006D3CD0,1,0,S
CVehicle,PreRender,0x00000000,1,0,V
CVehicle,PreRenderDriverAndPassengers,0x006D3DB0,1,0,S
CVehicle,ProcessBoatControl,0x006DBCE0,1,0,S
CVehicle,ProcessCarAlarm,0x006D21F0,1,0,S
CVehicle,ProcessDelayedExplosion,0x006D1340,1,0,S
CVehicle,ProcessDrivingAnims,0x00000000,1,1,V
CVehicle,ProcessOpenDoor,0x00000000,1,0,V
CVehicle,ProcessWheel,0x006D6C00,1,0,S
CVehicle,ProcessWheelRotation,0x006D1230,1,0,S
CVehicle,QueryPickedUpEntityWithWinch,0x006D3CF0,1,0,S
CVehicle,ReactToVehicleDamage,0x006D5490,1,0,S
CVehicle,ReleasePickedUpEntityWithWinch,0x006D3CB0,1,0,S
CVehicle,RemoveAllUpgrades,0x006D3AB0,1,0,S
CVehicle,RemoveAllUpgradesCB,0x006D34D0,1,0,S
CVehicle,RemoveDriver,0x006D1950,1,0,S
CVehicle,RemoveLighting,0x00000000,1,0,V
CVehicle,RemoveObjectsCB-Frame,0x006D3420,1,0,S
CVehicle,RemoveObjectsCB-Object,0x006D33B0,0,1,S
CVehicle,RemovePassenger,0x006D1610,1,0,S
CVehicle,RemoveReplacementUpgrade,0x006D39E0,1,0,S
CVehicle,RemoveUpgrade,0x006D3630,1,0,S
CVehicle,RemoveWinch,0x006D3C70,1,0,S
CVehicle,Render,0x00000000,1,0,V
CVehicle,RenderDriverAndPassengers,0x006D3D60,1,0,S
CVehicle,ResetAfterRender,0x006D0E20,1,0,S
CVehicle,Save,0x00000000,1,0,V
CVehicle,SelectPlaneWeapon,0x006D4900,1,0,S
CVehicle,SetCollisionLighting,0x006D0CA0,1,0,S
CVehicle,SetComponentAtomicAlpha,0x006D2960,1,0,S
CVehicle,SetComponentRotation,0x006DBA30,1,0,S
CVehicle,SetComponentVisibility,0x006D2700,1,0,S
CVehicle,SetDriver,0x006D16A0,1,0,S
CVehicle,SetFiringRateMultiplier,0x006D4010,1,0,S
CVehicle,SetGettingInFlags,0x006D3000,1,0,S
CVehicle,SetGettingOutFlags,0x006D3020,1,0,S
CVehicle,SetHasslePosId,0x006D3B30,1,0,S
CVehicle,SetModelIndex,0x00000000,1,0,V
CVehicle,SetRemap,0x006D0C00,1,0,S
CVehicle,SetRopeHeightForHeli,0x006D3D30,1,0,S
CVehicle,SetTransmissionRotation,0x006DBBB0,1,0,S
CVehicle,SetUpDriver,0x006D1A50,1,0,S
CVehicle,SetVehicleAtomicVisibilityCB-Frame,0x006D26D0,1,0,S
CVehicle,SetVehicleAtomicVisibilityCB-Object,0x006D2690,1,0,S
CVehicle,SetVehicleCreatedBy,0x006D5D70,1,0,S
CVehicle,SetVehicleUpgradeFlags,0x006D30E0,1,0,S
CVehicle,SetWindowOpenFlag,0x006D3080,1,0,S
CVehicle,SetupLighting,0x00000000,1,0,V
CVehicle,SetupPassenger,0x006D1AA0,1,0,S
CVehicle,SetupRender,0x006D64F0,1,0,S
CVehicle,SetupUpgradesAfterLoad,0x006E3400,1,0,S
CVehicle,Shutdown,0x006D0B40,1,0,S
CVehicle,SpecialEntityCalcCollisionSteps,0x00000000,1,0,V
CVehicle,SpecialEntityPreCollisionStuff,0x00000000,1,0,V
CVehicle,UpdateClumpAlpha,0x006D2980,1,0,S
CVehicle,UpdateLightingFromStoredPolys,0x006D0CC0,1,0,S
CVehicle,UpdatePassengerList,0x006D29E0,1,0,S
CVehicle,UpdateWinch,0x006D3B80,1,0,S
CVehicle,UsesSiren,0x006D8470,1,0,S
CTrain,AddNearbyPedAsRandomPassenger,0x006F8170,0,1,S
CTrain,AddPassenger,0x006F5D90,1,0,S
CTrain,Constructor,0x006F6030,0,1,S
CTrain,CreateMissionTrain,0x006F7550,0,1,S
CTrain,DisableRandomTrains,0x006F5DB0,1,0,S
CTrain,DoTrainGenerationAndRemoval,0x006F7900,0,1,S
CTrain,FindCaboose,0x006F5E70,0,1,S
CTrain,FindCarriage,0x006F5EB0,0,1,S
CTrain,FindClosestTrackNode,0x006F6BD0,0,1,S
CTrain,FindCoorsFromPositionOnTrack,0x006F59E0,0,1,S
CTrain,FindEngine,0x006F5E90,0,1,S
CTrain,FindMaximumSpeedToStopAtStations,0x006F5BA0,0,1,S
CTrain,FindNearestTrain,0x006F7090,0,1,S
CTrain,FindNextStationPositionInDirection,0x006F5F00,0,1,S
CTrain,FindNumCarriagesPulled,0x006F5CD0,1,0,S
CTrain,FindPositionOnTrackFromCoors,0x006F6CC0,0,1,S
CTrain,FindSideStationIsOn,0x006F5EF0,1,0,S
CTrain,InitTrains,0x006F7440,0,1,S
CTrain,IsInTunnel,0x006F6320,1,0,S
CTrain,IsNextStationAllowed,0x006F7260,0,1,S
CTrain,MarkSurroundingEntitiesForCollisionWithTrain,0x006F6640,1,0,S
CTrain,OpenTrainDoor,0x006F5D80,1,0,S
CTrain,PlayAnnouncement,0x006F5920,1,0,S
CTrain,ProcessControl,0x00000000,1,0,V
CTrain,ProcessTrainAnnouncements,0x006F5910,1,0,S
CTrain,ReadAndInterpretTrackFile,0x006F55D0,0,1,S
CTrain,ReleaseMissionTrains,0x006F6B60,1,0,S
CTrain,ReleaseOneMissionTrain,0x006F5DF0,1,0,S
CTrain,RemoveAllTrains,0x006F6AA0,0,1,S
CTrain,RemoveMissionTrains,0x006F6A20,1,0,S
CTrain,RemoveOneMissionTrain,0x006F5DC0,1,0,S
CTrain,RemovePassenger,0x006F5DA0,1,0,S
CTrain,RemoveRandomPassenger,0x006F6850,0,1,S
CTrain,SetNewTrainPosition,0x006F7140,1,0,S
CTrain,SetTrainCruiseSpeed,0x006F5E50,1,0,S
CTrain,SetTrainSpeed,0x006F5E20,1,0,S
CTrain,Shutdown,0x006F58D0,1,0,S
CTrain,SkipToNextAllowedStation,0x006F72F0,0,1,S
CTrain,TrainHitStuff<CPtrListSingleLink<CPhysical*>>,0x006F5CF0,0,1,S
CTrain,UpdateTrains,0x006F5900,1,0,S
CTrailer,BreakTowLink,0x00000000,1,0,V
CTrailer,Constructor,0x006D03A0,1,0,S
CTrailer,GetTowBarPos,0x00000000,1,0,V
CTrailer,GetTowHitchPos,0x00000000,1,0,V
CTrailer,PreRender,0x00000000,1,0,V
CTrailer,ProcessAI,0x00000000,1,0,V
CTrailer,ProcessControl,0x00000000,1,0,V
CTrailer,ProcessEntityCollision,0x00000000,1,0,V
CTrailer,ProcessSuspension,0x00000000,1,0,V
CTrailer,ResetSuspension,0x00000000,1,0,V
CTrailer,ScanForTowLink,0x006CF030,1,0,S
CTrailer,SetTowLink,0x00000000,1,0,V
CTrailer,SetupSuspensionLines,0x00000000,1,0,V
CQuadBike,Constructor,0x006CE370,1,0,S
CQuadBike,Fix,0x00000000,1,0,V
CQuadBike,GetRideAnimData,0x00000000,1,0,V
CQuadBike,PreRender,0x00000000,1,0,V
CQuadBike,ProcessAI,0x00000000,1,0,V
CQuadBike,ProcessControl,0x00000000,0,1,V
CQuadBike,ProcessControlInputs,0x00000000,1,0,V
CQuadBike,ProcessDrivingAnims,0x00000000,1,0,V
CQuadBike,ProcessSuspension,0x00000000,1,0,V
CQuadBike,ResetSuspension,0x00000000,1,0,V
CQuadBike,SetupDamageAfterLoad,0x00000000,1,0,V
CQuadBike,SetupSuspensionLines,0x00000000,1,0,V
CPlane,AreWeInNoBigPlaneZone,0x006CCBB0,1,0,S
CPlane,AreWeInNoPlaneZone,0x006CCAA0,1,0,S
CPlane,BlowUpCar,0x00000000,0,1,V
CPlane,BurstTyre,0x00000000,1,0,V
CPlane,Constructor,0x006C8E20,1,0,S
CPlane,CountPlanesAndHelis,0x006CCA50,1,0,S
CPlane,DoPlaneGenerationAndRemoval,0x006CD2F0,0,1,S
CPlane,FindPlaneCreationCoors,0x006CD090,0,1,S
CPlane,Fix,0x00000000,1,0,V
CPlane,InitPlaneGenerationAndRemoval,0x006CAD90,1,0,S
CPlane,IsAlreadyFlying,0x006CAB90,1,0,S
CPlane,OpenDoor,0x00000000,1,0,V
CPlane,PreRender,0x00000000,0,1,V
CPlane,ProcessControl,0x00000000,0,1,V
CPlane,ProcessControlInputs,0x00000000,0,1,V
CPlane,ProcessFlyingCarStuff,0x00000000,0,1,V
CPlane,Render,0x00000000,1,0,V
CPlane,SetGearDown,0x006CAC70,1,0,S
CPlane,SetGearUp,0x006CAC20,1,0,S
CPlane,SetUpWheelColModel,0x00000000,1,0,V
CPlane,SetupDamageAfterLoad,0x00000000,1,0,V
CPlane,SwitchAmbientPlanes,0x006CCC50,0,1,S
CPlane,VehicleDamage,0x00000000,0,1,V
CMonsterTruck,BurstTyre,0x00000000,1,0,V
CMonsterTruck,Constructor,0x006C8D60,1,0,S
CMonsterTruck,ExtendSuspension,0x006C7D80,0,1,S
CMonsterTruck,PreRender,0x00000000,1,0,V
CMonsterTruck,ProcessControl,0x00000000,0,1,V
CMonsterTruck,ProcessControlCollisionCheck,0x00000000,0,1,V
CMonsterTruck,ProcessEntityCollision,0x00000000,1,0,V
CMonsterTruck,ProcessSuspension,0x00000000,0,1,V
CMonsterTruck,ResetSuspension,0x00000000,0,1,V
CMonsterTruck,SetUpWheelColModel,0x00000000,1,0,V
CMonsterTruck,SetupSuspensionLines,0x00000000,0,1,V
CHeli,AddHeliSearchLight,0x006C45B0,1,0,S
CHeli,BurstTyre,0x00000000,1,0,V
CHeli,Fix,0x00000000,1,0,V
CHeli,InitHelis,0x006C4560,1,0,S
CHeli,Post_SearchLightCone,0x006C46E0,1,0,S
CHeli,Pre_SearchLightCone,0x006C4650,1,0,S
CHeli,Render,0x00000000,1,0,V
CHeli,RenderAllHeliSearchLights,0x006C7C50,1,0,S
CHeli,SetUpWheelColModel,0x00000000,1,0,V
CHeli,SwitchPoliceHelis,0x006C4800,1,0,S
CHeli,TestSniperCollision,0x006C6890,1,0,S
CBoat,AddWakePoint,0x006F2550,1,0,S
CBoat,BlowUpCar,0x00000000,1,0,V
CBoat,CheckForSkippingCalculations,0x006F10C0,1,0,S
CBoat,Constructor,0x006F2940,1,0,S
CBoat,DebugCode,0x006F0D00,1,0,S
CBoat,Destructor,0x006F00F0,1,0,S
CBoat,DisplayHandlingData,0x006F0D90,1,0,S
CBoat,FillBoatList,0x006F2710,1,0,S
CBoat,GetBoatAtomicObjectCB,0x006F00D0,1,0,S
CBoat,GetComponentWorldPosition,0x00000000,1,0,V
CBoat,IsComponentPresent,0x00000000,1,0,V
CBoat,IsSectorAffectedByWake,0x006F0E80,1,0,S
CBoat,IsVertexAffectedByWake,0x006F0F50,1,0,S
CBoat,ModifyHandlingValue,0x006F0DE0,1,0,S
CBoat,PreRender,0x00000000,1,0,V
CBoat,ProcessControl,0x00000000,1,0,V
CBoat,ProcessControlInputs,0x00000000,1,0,V
CBoat,ProcessOpenDoor,0x00000000,1,0,V
CBoat,PruneWakeTrail,0x006F0E20,1,0,S
CBoat,Render,0x00000000,1,0,V
CBoat,SetModelIndex,0x00000000,1,0,V
CBoat,SetupModelNodes,0x006F01A0,1,0,S
CBoat,Teleport,0x00000000,1,0,V
CBmx,BurstTyre,0x00000000,1,0,V
CBmx,Constructor,0x006BF820,1,0,S
CBmx,FindWheelWidth,0x00000000,1,0,V
CBmx,LaunchBunnyHopCB,0x006C0390,1,0,S
CBmx,PreRender,0x00000000,0,1,V
CBmx,ProcessAI,0x00000000,0,1,V
CBmx,ProcessBunnyHop,0x006C0590,1,0,S
CBmx,ProcessControl,0x00000000,1,0,V
CBmx,ProcessDrivingAnims,0x00000000,0,1,V
CBmx,SetUpWheelColModel,0x00000000,1,0,V
CBike,BlowUpCar,0x00000000,0,1,V
CBike,BurstTyre,0x00000000,0,1,V
CBike,CalculateLeanMatrix,0x006B7150,1,0,S
CBike,Constructor,0x006BF430,1,0,S
CBike,DamageKnockOffRider,0x006B5A10,1,0,S
CBike,DebugCode,0x006B67A0,1,0,S
CBike,Destructor,0x006B57A0,1,0,S
CBike,DoBurstAndSoftGroundRatios,0x00000000,0,1,V
CBike,DoSoftGroundResistance,0x006B6D40,0,1,S
CBike,Fix,0x00000000,1,0,V
CBike,FixHandsToBars,0x006B7F90,0,1,S
CBike,GetAllWheelsOffGround,0x006B6790,1,0,S
CBike,GetComponentWorldPosition,0x00000000,1,0,V
CBike,GetCorrectedWorldDoorPosition,0x006BF230,0,1,S
CBike,KnockOffRider,0x006B5F40,1,0,S
CBike,PlaceOnRoadProperly,0x006BEEB0,0,1,S
CBike,PlayCarHorn,0x00000000,0,1,V
CBike,PlayHornIfNecessary,0x006B7130,1,0,S
CBike,PreRender,0x00000000,0,1,V
CBike,ProcessAI,0x006BC930,0,1,S
CBike,ProcessBuoyancy,0x006B5FB0,1,0,S
CBike,ProcessControl,0x00000000,0,1,V
CBike,ProcessControlCollisionCheck,0x00000000,1,0,V
CBike,ProcessControlInputs,0x00000000,0,1,V
CBike,ProcessDrivingAnims,0x00000000,1,0,V
CBike,ProcessEntityCollision,0x00000000,1,0,V
CBike,ProcessOpenDoor,0x00000000,1,0,V
CBike,ProcessRiderAnims,0x006B7280,0,1,S
CBike,ReduceHornCounter,0x006B5F90,1,0,S
CBike,RemoveRefsToVehicle,0x00000000,1,0,V
CBike,Render,0x00000000,1,0,V
CBike,ResetSuspension,0x006B6740,0,1,S
CBike,SetModelIndex,0x00000000,1,0,V
CBike,SetRemoveAnimFlags,0x006B5F50,0,1,S
CBike,SetUpWheelColModel,0x00000000,0,1,V
CBike,SetupDamageAfterLoad,0x00000000,1,0,V
CBike,SetupSuspensionLines,0x00000000,0,1,V
CBike,Teleport,0x00000000,1,0,V
CBike,VehicleDamage,0x00000000,0,1,V
CBike,dmgDrawCarCollidingParticles,0x006B5A00,1,0,S
CAutomobile,AddMovingCollisionSpeed,0x00000000,1,0,V
CAutomobile,BlowUpCar,0x00000000,1,0,V
CAutomobile,BlowUpCarCutSceneNoExtras,0x00000000,1,0,V
CAutomobile,BlowUpCarsInPath,0x006AF110,1,0,S
CAutomobile,BoostJumpControl,0x006A3A60,1,0,S
CAutomobile,BreakTowLink,0x00000000,1,0,V
CAutomobile,ClearHeliOrientation,0x006A2460,1,0,S
CAutomobile,CloseAllDoors,0x006A4520,1,0,S
CAutomobile,CloseBoot,0x006AFA20,1,0,S
CAutomobile,Constructor,0x006B0A90,1,0,S
CAutomobile,CustomCarPlate_AfterRenderingStop,0x006A2F30,1,0,S
CAutomobile,CustomCarPlate_BeforeRenderingStart,0x006A2F00,1,0,S
CAutomobile,Destructor,0x006A61E0,1,0,S
CAutomobile,DoBurstAndSoftGroundRatios,0x00000000,1,0,V
CAutomobile,DoHoverSuspensionRatios,0x00000000,1,0,V
CAutomobile,DoSoftGroundResistance,0x006A4AF0,1,0,S
CAutomobile,FindWheelWidth,0x00000000,1,0,V
CAutomobile,FireTruckControl,0x00729B60,1,0,S
CAutomobile,Fix,0x00000000,1,0,V
CAutomobile,FixDoor,0x006A35A0,1,0,S
CAutomobile,FixPanel,0x006A3670,1,0,S
CAutomobile,FixTyre,0x006A3580,1,0,S
CAutomobile,GetAllWheelsOffGround,0x006A2F70,1,0,S
CAutomobile,GetCarPitch,0x006A6050,1,0,S
CAutomobile,GetCarRoll,0x006A6010,1,0,S
CAutomobile,GetComponentWorldPosition,0x00000000,1,0,V
CAutomobile,GetDooorAngleOpenRatio,0x00000000,1,0,V
CAutomobile,GetDooorAngleOpenRatioU32,0x00000000,1,0,V
CAutomobile,GetHeightAboveRoad,0x00000000,1,0,V
CAutomobile,GetMovingCollisionOffset,0x006A2150,1,0,S
CAutomobile,GetNumContactWheels,0x00000000,1,0,V
CAutomobile,GetTowBarPos,0x00000000,1,0,V
CAutomobile,GetTowHitchPos,0x00000000,1,0,V
CAutomobile,HydraulicControl,0x006A07A0,1,0,S
CAutomobile,IsComponentPresent,0x00000000,1,0,V
CAutomobile,IsDoorClosed,0x00000000,1,0,V
CAutomobile,IsDoorClosedU32,0x00000000,1,0,V
CAutomobile,IsDoorFullyOpen,0x00000000,1,0,V
CAutomobile,IsDoorFullyOpenU32,0x00000000,1,0,V
CAutomobile,IsDoorMissing,0x00000000,1,0,V
CAutomobile,IsDoorMissingU32,0x00000000,1,0,V
CAutomobile,IsDoorReady,0x00000000,1,0,V
CAutomobile,IsDoorReadyU32,0x00000000,1,0,V
CAutomobile,IsInAir,0x006A6140,1,0,S
CAutomobile,IsOpenTopCar,0x00000000,1,0,V
CAutomobile,IsRoomForPedToLeaveCar,0x00000000,1,0,V
CAutomobile,KnockPedOutCar,0x006A44C0,1,0,S
CAutomobile,Load,0x00000000,1,0,V
CAutomobile,NitrousControl,0x006A3EA0,1,0,S
CAutomobile,OpenDoor,0x00000000,1,0,V
CAutomobile,PlaceOnRoadProperly,0x006AF420,1,0,S
CAutomobile,PlayCarHorn,0x00000000,1,0,V
CAutomobile,PlayHornIfNecessary,0x006A3820,1,0,S
CAutomobile,PopBoot,0x006AF910,1,0,S
CAutomobile,PopBootUsingPhysics,0x006A44D0,1,0,S
CAutomobile,PopDoor,0x006ADEF0,1,0,S
CAutomobile,PopPanel,0x006ADF80,1,0,S
CAutomobile,ProcessAI,0x00000000,1,0,V
CAutomobile,ProcessAutoBusDoors,0x006A38A0,1,0,S
CAutomobile,ProcessBuoyancy,0x006A8C00,1,0,S
CAutomobile,ProcessCarOnFireAndExplode,0x006A7090,1,0,S
CAutomobile,ProcessCarWheelPair,0x006A4EC0,1,0,S
CAutomobile,ProcessControl,0x00000000,1,0,V
CAutomobile,ProcessControlCollisionCheck,0x00000000,1,0,V
CAutomobile,ProcessControlInputs,0x00000000,1,0,V
CAutomobile,ProcessEntityCollision,0x00000000,1,0,V
CAutomobile,ProcessFlyingCarStuff,0x00000000,1,0,V
CAutomobile,ProcessHarvester,0x006A9680,1,0,S
CAutomobile,ProcessSuspension,0x00000000,1,0,V
CAutomobile,ProcessSwingingDoor,0x006A9D70,1,0,S
CAutomobile,RcbanditCheck1CarWheels,0x006B3F70,1,0,S
CAutomobile,RcbanditCheckHitWheels,0x006B45E0,1,0,S
CAutomobile,ReduceHornCounter,0x006A29A0,1,0,S
CAutomobile,RemoveBonnetInPedCollision,0x006AA200,1,0,S
CAutomobile,ResetSuspension,0x00000000,1,0,V
CAutomobile,Save,0x00000000,1,0,V
CAutomobile,ScanForCrimes,0x006ADFF0,1,0,S
CAutomobile,SetAllTaxiLights,0x006A3760,1,0,S
CAutomobile,SetBumperDamage,0x006B1350,1,0,S
CAutomobile,SetBusDoorTimer,0x006A3860,1,0,S
CAutomobile,SetDoorDamage,0x006B1600,1,0,S
CAutomobile,SetHeliOrientation,0x006A2450,1,0,S
CAutomobile,SetPanelDamage,0x006B1480,1,0,S
CAutomobile,SetTaxiLight,0x006A3740,1,0,S
CAutomobile,SetTotalDamage,0x006A27F0,1,0,S
CAutomobile,SetTowLink,0x00000000,1,0,V
CAutomobile,SetupDamageAfterLoad,0x00000000,1,0,V
CAutomobile,SetupModelNodes,0x006A0770,1,0,S
CAutomobile,SetupSuspensionLines,0x00000000,1,0,V
CAutomobile,SpawnFlyingComponent,0x006A8580,1,0,S
CAutomobile,StopNitroEffect,0x006A3E60,1,0,S
CAutomobile,TankControl,0x006AE850,1,0,S
CAutomobile,Teleport,0x00000000,1,0,V
CAutomobile,TellHeliToGoToCoors,0x006A2390,1,0,S
CAutomobile,TellPlaneToGoToCoors,0x006A2470,1,0,S
CAutomobile,TowTruckControl,0x006A40F0,1,0,S
CAutomobile,UpdateMovingCollision,0x006A1460,1,0,S
CAutomobile,VehicleDamage,0x00000000,1,0,V
CAutomobile,dmgDrawCarCollidingParticles,0x006A6DC0,1,0,S
Fx_c,RenderAddTri_,0x004A1410,1,0,S
Fx_c,RenderBegin,0x004A13B0,1,0,S
Fx_c,RenderEnd,0x004A1600,1,0,S
Fx_c,RotateVecAboutVec,0x004A1780,1,0,S
Fx_c,RotateVecIntoVec,0x004A1660,1,0,S
Fx_c,TriggerBulletSplash,0x004A10E0,1,0,S
Fx_c,TriggerFootSplash,0x004A1150,1,0,S
Fx_c,TriggerWaterSplash,0x004A1070,1,0,S
FxSystem_c,AddOffsetPos,0x004AA690,1,0,S
FxSystem_c,AddParticle-mat,0x004AA540,0,1,S
FxSystem_c,AddParticle-v3d,0x004AA440,0,1,S
FxSystem_c,AttachToBone,0x004AA400,1,0,S
FxSystem_c,Constructor,0x004AAF00,1,0,S
FxSystem_c,CopyParentMatrix,0x004AA890,1,0,S
FxSystem_c,Destructor,0x004AA260,1,0,S
FxSystem_c,DoFxAudio,0x004AAC90,1,0,S
FxSystem_c,EnablePrim,0x004AA610,1,0,S
FxSystem_c,Exit,0x004AA840,1,0,S
FxSystem_c,ForAllParticles,0x004AA930,1,0,S
FxSystem_c,GetBoundingSphereLcl,0x004AAB50,1,0,S
FxSystem_c,GetBoundingSphereWld,0x004AAAD0,1,0,S
FxSystem_c,GetCompositeMatrix,0x004AA8C0,1,0,S
FxSystem_c,GetPlayStatus,0x004AA900,1,0,S
FxSystem_c,Init,0x004AA750,1,0,S
FxSystem_c,IsVisible,0x004AAF30,1,0,S
FxSystem_c,Kill,0x004AA3F0,1,0,S
FxSystem_c,Pause,0x004AA370,1,0,S
FxSystem_c,Play,0x004AA2F0,1,0,S
FxSystem_c,PlayAndKill,0x004AA3D0,1,0,S
FxSystem_c,ResetBoundingSphere,0x004AABF0,1,0,S
FxSystem_c,SetBoundingSphere,0x004AAB80,1,0,S
FxSystem_c,SetConstTime,0x004AA6C0,1,0,S
FxSystem_c,SetLocalParticles,0x004AA910,1,0,S
FxSystem_c,SetMatrix,0x004AA630,1,0,S
FxSystem_c,SetMustCreatePrts,0x004AAC70,1,0,S
FxSystem_c,SetOffsetPos,0x004AA660,1,0,S
FxSystem_c,SetRateMult,0x004AA6F0,1,0,S
FxSystem_c,SetTimeMult,0x004AA710,1,0,S
FxSystem_c,SetVelAdd,0x004AA730,1,0,S
FxSystem_c,SetZTestEnable,0x004AAC50,1,0,S
FxSystem_c,Stop,0x004AA390,1,0,S
FxSystem_c,Update,0x004AAF70,0,1,S
FxSystem_c,UpdateBoundingBoxCB,0x004AA9A0,0,1,S
FxSystemBP_c,Constructor,0x004AA0D0,1,0,S
FxSystemBP_c,Destructor,0x004AA0F0,1,0,S
FxSystemBP_c,FreePrtFromSystem,0x004AA1B0,1,0,S
FxSystemBP_c,GetBoundingSphere,0x004AA1F0,1,0,S
FxSystemBP_c,Load,0x005C05F0,1,0,S
FxSystemBP_c,Render,0x004AA160,1,0,S
FxSystemBP_c,SetBoundingSphere,0x004AA200,1,0,S
FxSystemBP_c,Unload,0x004AA120,1,0,S
FxSystemBP_c,Update,0x004AA130,1,0,S
FxSystemBP_c,operator new,0x004AA100,1,0,S
FxSphere_c,GetDistToPlane,0x004AA010,1,0,S
FxSphere_c,IsCollision,0x004A9FC0,1,0,S
FxSphere_c,operator delete-,0x004A9FB0,1,0,S
FxSphere_c,operator new,0x004A9F80,1,0,S
FxPrimBP_c,GetRWMatrix,0x004A9DC0,1,0,S
FxPrimBP_c,Load,0x005C2010,0,1,S
FxMemoryPool_c,Exit,0x004A9C80,1,0,S
FxMemoryPool_c,GetMem,0x004A9CA0,1,0,S
FxMemoryPool_c,Init,0x004A9C30,1,0,S
FxMemoryPool_c,Optimise,0x004A9CD0,1,0,S
FxMemoryPool_c,Reset,0x004A9C90,1,0,S
FxManager_c,CalcFrustumInfo,0x004A9140,1,0,S
FxManager_c,Constructor,0x004A9470,1,0,S
FxManager_c,CreateFxSystem-1,0x004A95C0,1,0,S
FxManager_c,CreateFxSystem-2,0x004A9BB0,1,0,S
FxManager_c,CreateFxSystem-3,0x004A96B0,1,0,S
FxManager_c,CreateFxSystem-4,0x004A9BE0,1,0,S
FxManager_c,DestroyAllFxSystems,0x004A98B0,0,1,S
FxManager_c,DestroyFxSystem,0x004A9810,1,0,S
FxManager_c,Destructor,0x004A90A0,1,0,S
FxManager_c,Exit,0x004A9A10,1,0,S
FxManager_c,FindFxSystemBP,0x004A9360,1,0,S
FxManager_c,FreeUpParticle,0x004A9400,1,0,S
FxManager_c,FxRwMatrixCreate,0x004A9440,1,0,S
FxManager_c,FxRwMatrixDestroy,0x004A9460,1,0,S
FxManager_c,GetFrustumInfo,0x004A9130,1,0,S
FxManager_c,GetParticle,0x004A93C0,1,0,S
FxManager_c,Init,0x004A98E0,1,0,S
FxManager_c,LoadFxProject,0x005C2420,1,0,S
FxManager_c,LoadFxSystemBP,0x005C1F50,1,0,S
FxManager_c,Render,0x004A92A0,1,0,S
FxManager_c,ReturnParticle,0x004A93B0,1,0,S
FxManager_c,SetWindData,0x004A93E0,1,0,S
FxManager_c,ShouldCreate,0x004A9500,1,0,S
FxManager_c,UnloadFxProject,0x004A9AE0,1,0,S
FxManager_c,Update,0x004A9A80,1,0,S
FxInfoManager_c,AddFxInfo,0x004A7B00,1,0,S
FxInfoManager_c,ProcessEmissionInfo,0x004A4960,1,0,S
FxInfoManager_c,ProcessMovementInfo,0x004A4A10,1,0,S
FxInfoManager_c,ProcessRenderInfo,0x004A4A80,1,0,S
FxEmitterPrt_c,operator new[],0x004A18B0,1,0,S
FxEmitterBP_c,Constructor,0x004A18D0,1,0,S
FxEmitterBP_c,CreateInstance,0x00000000,0,1,V
FxEmitterBP_c,FreePrtFromPrim,0x00000000,0,1,V
FxEmitterBP_c,Load,0x00000000,0,1,V
FxEmitterBP_c,LoadTextures,0x00000000,1,0,V
FxEmitterBP_c,Render,0x00000000,0,1,V
FxEmitterBP_c,RenderHeatHaze,0x004A1940,0,1,S
FxEmitterBP_c,Update,0x00000000,0,1,V
FxEmitterBP_c,UpdateParticle,0x004A21D0,0,1,S
CCarFXRenderer,CustomCarPipeAtomicSetup,0x005D5B20,1,0,S
CCarFXRenderer,CustomCarPipeClumpSetup,0x005D5B40,1,0,S
CCarFXRenderer,Initialise,0x005D5AC0,1,0,S
CCarFXRenderer,InitialiseDirtTexture,0x005D5BC0,0,1,S
CCarFXRenderer,IsCCPCPipelineAttached,0x005D5B80,1,0,S
CCarFXRenderer,PreRenderUpdate,0x005D5B10,1,0,S
CCarFXRenderer,RegisterPlugins,0x005D5B00,1,0,S
CCarFXRenderer,SetCustomFXAtomicRenderPipelinesVMICB,0x005D5B60,1,0,S
CCarFXRenderer,SetFxEnvMapLightMult,0x005D5BA0,1,0,S
CCarFXRenderer,Shutdown,0x005D5AD0,1,0,S
CAEWeatherAudioEntity,AddAudioEvent,0x00506800,0,1,S
CAEWeatherAudioEntity,Service,0x005052F0,1,0,S
CAEWeatherAudioEntity,StaticInitialise,0x005B9A70,1,0,S
CAEWeatherAudioEntity,StaticReset,0x005052B0,1,0,S
CAEWeatherAudioEntity,UpdateParameters,0x00000000,1,0,V
CAEWeaponAudioEntity,Constructor,0x005DE990,1,0,S
CAEWeaponAudioEntity,Destructor,0x00507560,1,0,S
CAEWeaponAudioEntity,Initialise,0x00503450,1,0,S
CAEWeaponAudioEntity,PlayCameraSound,0x005046F0,1,0,S
CAEWeaponAudioEntity,PlayChainsawStopSound,0x00504AA0,1,0,S
CAEWeaponAudioEntity,PlayFlameThrowerIdleGasLoop,0x00503870,1,0,S
CAEWeaponAudioEntity,PlayFlameThrowerSounds,0x00504470,1,0,S
CAEWeaponAudioEntity,PlayGoggleSound,0x00503500,1,0,S
CAEWeaponAudioEntity,PlayGunSounds,0x00503CE0,1,0,S
CAEWeaponAudioEntity,PlayMiniGunFireSounds,0x005047C0,1,0,S
CAEWeaponAudioEntity,PlayMiniGunStopSound,0x00504960,1,0,S
CAEWeaponAudioEntity,PlayWeaponLoopSound,0x00504610,1,0,S
CAEWeaponAudioEntity,ReportChainsawEvent,0x00503910,1,0,S
CAEWeaponAudioEntity,ReportStealthKill,0x00503B20,1,0,S
CAEWeaponAudioEntity,Reset,0x00503490,1,0,S
CAEWeaponAudioEntity,StopFlameThrowerIdleGasLoop,0x005034E0,1,0,S
CAEWeaponAudioEntity,Terminate,0x00503480,1,0,S
CAEWeaponAudioEntity,UpdateParameters,0x00000000,1,0,V
CAEWeaponAudioEntity,WeaponFire,0x00504F80,1,0,S
CAEWeaponAudioEntity,WeaponReload,0x00503690,1,0,S
CAEWaterCannonAudioEntity,ClearSplashInfo,0x00502F20,1,0,S
CAEWaterCannonAudioEntity,Constructor,0x00728A90,1,0,S
CAEWaterCannonAudioEntity,Initialise,0x00503060,1,0,S
CAEWaterCannonAudioEntity,Service,0x005030D0,1,0,S
CAEWaterCannonAudioEntity,SetSplashInfo,0x00502F50,1,0,S
CAEWaterCannonAudioEntity,Terminate,0x005030A0,1,0,S
CAEWaterCannonAudioEntity,UpdateParameters,0x00000000,1,0,V
CAEVehicleAudioEntity,AddAudioEvent-0,0x004F6420,1,0,S
CAEVehicleAudioEntity,AddAudioEvent-1,0x004F7580,1,0,S
CAEVehicleAudioEntity,CancelVehicleEngineSound,0x004F55C0,1,0,S
CAEVehicleAudioEntity,Constructor,0x004F63E0,1,0,S
CAEVehicleAudioEntity,CopHeli,0x004F5C40,1,0,S
CAEVehicleAudioEntity,DemandBankSlot,0x004F4E60,1,0,S
CAEVehicleAudioEntity,Destructor,0x006D0A10,1,0,S
CAEVehicleAudioEntity,DisableHelicoptor,0x004F5BF0,1,0,S
CAEVehicleAudioEntity,DisableHelicoptors,0x004F4EE0,1,0,S
CAEVehicleAudioEntity,DoesBankSlotContainThisBank,0x004F4E30,1,0,S
CAEVehicleAudioEntity,EnableHelicoptor,0x004F5C00,1,0,S
CAEVehicleAudioEntity,EnableHelicoptors,0x004F4EF0,1,0,S
CAEVehicleAudioEntity,GetAccelAndBrake,0x004F5080,1,0,S
CAEVehicleAudioEntity,GetAircraftNearPosition,0x004F96A0,1,0,S
CAEVehicleAudioEntity,GetBaseVolumeForBicycleTyre,0x004F60B0,1,0,S
CAEVehicleAudioEntity,GetFlyingMetalVolume,0x004F6150,1,0,S
CAEVehicleAudioEntity,GetFreqForIdle,0x004F5C60,1,0,S
CAEVehicleAudioEntity,GetFreqForPlayerEngineSound,0x004F8070,1,0,S
CAEVehicleAudioEntity,GetFrequencyForDummyIdle,0x004F5310,1,0,S
CAEVehicleAudioEntity,GetFrequencyForDummyRev,0x004F54F0,1,0,S
CAEVehicleAudioEntity,GetHornState-,0x004F61E0,1,0,S
CAEVehicleAudioEntity,GetSirenState,0x004F62A0,1,0,S
CAEVehicleAudioEntity,GetVehicleAudioSettings,0x004F5C10,1,0,S
CAEVehicleAudioEntity,GetVehicleDriveWheelSkidValue,0x004F5F30,1,0,S
CAEVehicleAudioEntity,GetVehicleNonDriveWheelSkidValue,0x004F6000,1,0,S
CAEVehicleAudioEntity,GetVehicleTypeForAudio,0x004F4F00,1,0,S
CAEVehicleAudioEntity,GetVolForPlayerEngineSound,0x004F5D00,1,0,S
CAEVehicleAudioEntity,GetVolumeForDummyIdle,0x004F51F0,1,0,S
CAEVehicleAudioEntity,GetVolumeForDummyRev,0x004F53D0,1,0,S
CAEVehicleAudioEntity,InhibitAccForTime,0x004F5030,1,0,S
CAEVehicleAudioEntity,InhibitCrzForTime,0x004F5060,1,0,S
CAEVehicleAudioEntity,Initialise,0x004F7670,1,0,S
CAEVehicleAudioEntity,IsAccInhibited,0x004F4F70,1,0,S
CAEVehicleAudioEntity,IsAccInhibitedBackwards,0x004F4FC0,1,0,S
CAEVehicleAudioEntity,IsAccInhibitedForLowSpeed,0x004F4FF0,1,0,S
CAEVehicleAudioEntity,IsAccInhibitedForTime,0x004F5020,1,0,S
CAEVehicleAudioEntity,IsCrzInhibitedForTime,0x004F5050,1,0,S
CAEVehicleAudioEntity,JustFinishedAccelerationLoop,0x004F5E50,1,0,S
CAEVehicleAudioEntity,JustGotInVehicleAsDriver,0x004F5700,1,0,S
CAEVehicleAudioEntity,JustGotOutOfVehicleAsDriver,0x004FCF40,1,0,S
CAEVehicleAudioEntity,JustWreckedVehicle,0x004FD0B0,1,0,S
CAEVehicleAudioEntity,PlayAircraftSound,0x004F93C0,1,0,S
CAEVehicleAudioEntity,PlayBicycleSound,0x004F9710,1,0,S
CAEVehicleAudioEntity,PlayFlatTyreSound,0x004F8650,1,0,S
CAEVehicleAudioEntity,PlayHornOrSiren,0x004F99D0,1,0,S
CAEVehicleAudioEntity,PlayReverseSound,0x004F87D0,1,0,S
CAEVehicleAudioEntity,PlayRoadNoiseSound,0x004F84D0,1,0,S
CAEVehicleAudioEntity,PlaySkidSound,0x004F8360,1,0,S
CAEVehicleAudioEntity,PlayTrainBrakeSound,0x004FA630,1,0,S
CAEVehicleAudioEntity,PlayerAboutToExitVehicleAsDriver,0x004F5BA0,1,0,S
CAEVehicleAudioEntity,ProcessAIHeli,0x004FEE20,1,0,S
CAEVehicleAudioEntity,ProcessAIProp,0x004FDFD0,1,0,S
CAEVehicleAudioEntity,ProcessAircraft,0x00501C50,1,0,S
CAEVehicleAudioEntity,ProcessBoatEngine,0x005003A0,1,0,S
CAEVehicleAudioEntity,ProcessBoatMovingOverWater,0x004FA0C0,1,0,S
CAEVehicleAudioEntity,ProcessDummyBicycle,0x004FFDC0,0,1,S
CAEVehicleAudioEntity,ProcessDummyGolfCart,0x00501270,1,0,S
CAEVehicleAudioEntity,ProcessDummyHeli,0x004FE940,1,0,S
CAEVehicleAudioEntity,ProcessDummyHovercraft,0x00500F50,0,1,S
CAEVehicleAudioEntity,ProcessDummyJet,0x00501960,1,0,S
CAEVehicleAudioEntity,ProcessDummyProp,0x004FD8F0,1,0,S
CAEVehicleAudioEntity,ProcessDummyRCCar,0x00500DC0,1,0,S
CAEVehicleAudioEntity,ProcessDummyRCHeli,0x004FAA80,1,0,S
CAEVehicleAudioEntity,ProcessDummyRCPlane,0x004FA7C0,1,0,S
CAEVehicleAudioEntity,ProcessDummySeaPlane,0x004FF7C0,1,0,S
CAEVehicleAudioEntity,ProcessDummyStateTransition,0x004FCA10,1,0,S
CAEVehicleAudioEntity,ProcessDummyTrainEngine,0x00500710,1,0,S
CAEVehicleAudioEntity,ProcessDummyVehicleEngine,0x00501480,1,0,S
CAEVehicleAudioEntity,ProcessEngineDamage,0x004FAE20,1,0,S
CAEVehicleAudioEntity,ProcessGenericJet,0x004FF900,0,1,S
CAEVehicleAudioEntity,ProcessMovingParts,0x004FB260,1,0,S
CAEVehicleAudioEntity,ProcessNitro,0x004FB070,1,0,S
CAEVehicleAudioEntity,ProcessPlayerBicycle,0x00500040,0,1,S
CAEVehicleAudioEntity,ProcessPlayerCombine,0x00500CE0,1,0,S
CAEVehicleAudioEntity,ProcessPlayerHeli,0x004FE420,1,0,S
CAEVehicleAudioEntity,ProcessPlayerJet,0x00501650,1,0,S
CAEVehicleAudioEntity,ProcessPlayerProp,0x004FD290,1,0,S
CAEVehicleAudioEntity,ProcessPlayerSeaPlane,0x004FF320,1,0,S
CAEVehicleAudioEntity,ProcessPlayerTrainBrakes,0x00500AB0,1,0,S
CAEVehicleAudioEntity,ProcessPlayerVehicleEngine,0x004FBB10,1,1,S
CAEVehicleAudioEntity,ProcessRainOnVehicle,0x004F92C0,1,0,S
CAEVehicleAudioEntity,ProcessReverseGear,0x004F8DF0,1,0,S
CAEVehicleAudioEntity,ProcessSpecialVehicle,0x00501AB0,1,0,S
CAEVehicleAudioEntity,ProcessTrainTrackSound,0x004FA3F0,1,0,S
CAEVehicleAudioEntity,ProcessVehicle,0x00501E10,1,1,S
CAEVehicleAudioEntity,ProcessVehicleFlatTyre,0x004F8940,1,0,S
CAEVehicleAudioEntity,ProcessVehicleRoadNoise,0x004F8B00,1,0,S
CAEVehicleAudioEntity,ProcessVehicleSirenAlarmHorn,0x005002C0,1,0,S
CAEVehicleAudioEntity,ProcessVehicleSkidding,0x004F8F10,1,0,S
CAEVehicleAudioEntity,RequestBankSlot,0x004F4D10,1,0,S
CAEVehicleAudioEntity,RequestNewPlayerCarEngineSound,0x004F7A50,1,0,S
CAEVehicleAudioEntity,Service,0x00502280,1,1,S
CAEVehicleAudioEntity,StartVehicleEngineSound,0x004F7F20,1,0,S
CAEVehicleAudioEntity,StaticGetPlayerVehicleAudioSettingsForRadio,0x004F4ED0,1,0,S
CAEVehicleAudioEntity,StaticInitialise,0x005B99F0,1,0,S
CAEVehicleAudioEntity,StaticService,0x004F4EC0,1,0,S
CAEVehicleAudioEntity,StopGenericEngineSound,0x004F6320,1,0,S
CAEVehicleAudioEntity,StoppedUsingBankSlot,0x004F4DF0,1,0,S
CAEVehicleAudioEntity,Terminate,0x004FB8C0,1,0,S
CAEVehicleAudioEntity,TurnOffRadioForVehicle,0x004F5B60,1,0,S
CAEVehicleAudioEntity,TurnOnRadioForVehicle,0x004F5B20,1,0,S
CAEVehicleAudioEntity,UpdateBoatSound,0x004F9E90,1,0,S
CAEVehicleAudioEntity,UpdateGasPedalAudio,0x004F5EB0,1,0,S
CAEVehicleAudioEntity,UpdateGenericVehicleSound,0x004FAD40,1,0,S
CAEVehicleAudioEntity,UpdateParameters,0x00000000,1,0,V
CAEVehicleAudioEntity,UpdateTrainSound,0x004FA1C0,1,0,S
CAETwinLoopSoundEntity,DoSoundsSwitchThisFrame,0x004F2CA0,1,0,S
CAETwinLoopSoundEntity,Initialise,0x004F28A0,1,0,S
CAETwinLoopSoundEntity,PlayTwinLoopSound,0x004F2CB0,1,0,S
CAETwinLoopSoundEntity,StopSoundAndForget,0x004F2960,1,0,S
CAETwinLoopSoundEntity,SwapSounds,0x004F2C10,1,0,S
CAETwinLoopSoundEntity,UpdateParameters,0x00000000,1,0,V
CAETwinLoopSoundEntity,UpdateTwinLoopSound,0x004F29A0,1,0,S
CAEScriptAudioEntity,AttachMissionAudioToPhysical,0x004EC100,0,1,S
CAEScriptAudioEntity,ClearMissionAudio,0x004EC040,0,1,S
CAEScriptAudioEntity,Constructor,0x005074D0,1,0,S
CAEScriptAudioEntity,GetMissionAudioEvent,0x004EC020,1,0,S
CAEScriptAudioEntity,GetMissionAudioLoadingStatus,0x004EBF60,0,1,S
CAEScriptAudioEntity,GetMissionAudioPosition,0x004EC4D0,0,1,S
CAEScriptAudioEntity,Initialise,0x005B9B60,1,0,S
CAEScriptAudioEntity,IsMissionAudioSampleFinished,0x004EBFE0,0,1,S
CAEScriptAudioEntity,PlayLoadedMissionAudio,0x004EC270,0,1,S
CAEScriptAudioEntity,PlayMissionBankSound,0x004EC6D0,0,1,S
CAEScriptAudioEntity,PlayResidentSoundEvent,0x004EC550,1,0,S
CAEScriptAudioEntity,PreloadMissionAudio,0x004EC190,0,1,S
CAEScriptAudioEntity,ProcessMissionAudioEvent,0x004ECCF0,0,1,S
CAEScriptAudioEntity,ReportMissionAudioEvent-1,0x004EE960,1,0,S
CAEScriptAudioEntity,ReportMissionAudioEvent-2,0x004EE940,1,0,S
CAEScriptAudioEntity,Reset,0x004EC150,1,0,S
CAEScriptAudioEntity,Service,0x004EC900,1,0,S
CAEScriptAudioEntity,SetMissionAudioPosition,0x004EC0C0,0,1,S
CAEScriptAudioEntity,UpdateParameters,0x00000000,0,1,V
CAEPoliceScannerAudioEntity,AddAudioEvent,0x004E71E0,0,1,S
CAEPoliceScannerAudioEntity,CanWePlayNewScannerDialogue,0x004E6C00,1,0,S
CAEPoliceScannerAudioEntity,Constructor,0x0056DA00,1,0,S
CAEPoliceScannerAudioEntity,Destructor,0x004E6E00,1,0,S
CAEPoliceScannerAudioEntity,DisableScanner,0x004E71B0,1,0,S
CAEPoliceScannerAudioEntity,EnableScanner,0x004E6DB0,1,0,S
CAEPoliceScannerAudioEntity,FinishedPlayingScannerDialogue,0x004E6C30,1,0,S
CAEPoliceScannerAudioEntity,LoadSlots,0x004E6CD0,0,1,S
CAEPoliceScannerAudioEntity,PlayLoadedDialogue,0x004E6F60,0,1,S
CAEPoliceScannerAudioEntity,PlayPoliceScannerDialogue,0x004E6ED0,1,0,S
CAEPoliceScannerAudioEntity,PopulateScannerDialogueLists,0x004E6B60,1,0,S
CAEPoliceScannerAudioEntity,PrepSlots,0x004E6BC0,1,0,S
CAEPoliceScannerAudioEntity,Reset,0x004E6E90,1,0,S
CAEPoliceScannerAudioEntity,Service,0x004E7630,0,1,S
CAEPoliceScannerAudioEntity,StaticInitialise,0x005B9C30,1,0,S
CAEPoliceScannerAudioEntity,StopScanner,0x004E6DC0,1,0,S
CAEPoliceScannerAudioEntity,UpdateParameters,0x00000000,1,0,V
CAEPedlessSpeechAudioEntity,AddSayEvent,0x004E60D0,1,0,S
CAEPedlessSpeechAudioEntity,Constructor,0x004E6070,1,0,S
CAEPedlessSpeechAudioEntity,GetAllocatedVoice,0x00000000,1,0,V
CAEPedlessSpeechAudioEntity,GetPedType,0x00000000,1,0,V
CAEPedlessSpeechAudioEntity,Initialise,0x004E4E10,1,0,S
CAEPedlessSpeechAudioEntity,IsPedFemaleForAudio,0x00000000,1,0,V
CAEPedlessSpeechAudioEntity,PlayLoadedSound,0x00000000,1,0,V
CAEPedlessSpeechAudioEntity,StopCurrentSpeech,0x004E4E80,1,0,S
CAEPedlessSpeechAudioEntity,Terminate,0x00000000,1,0,V
CAEPedlessSpeechAudioEntity,UpdateParameters,0x00000000,1,0,V
CAEPedlessSpeechAudioEntity,WillPedChatAboutTopic,0x00000000,1,0,V
CAEPedSpeechAudioEntity,AddSayEvent,0x004E6550,1,0,S
CAEPedSpeechAudioEntity,AddScriptSayEvent,0x00000000,1,0,V
CAEPedSpeechAudioEntity,CanPedHoldConversation,0x004E69E0,1,0,S
CAEPedSpeechAudioEntity,CanPedSayGlobalContext,0x004E5730,1,0,S
CAEPedSpeechAudioEntity,CanWePlayGlobalSpeechContext,0x004E5F10,1,0,S
CAEPedSpeechAudioEntity,CanWePlayScriptedSpeech,0x004E4950,1,0,S
CAEPedSpeechAudioEntity,Constructor,0x004E4F10,1,0,S
CAEPedSpeechAudioEntity,DisableAllPedSpeech,0x004E3EB0,1,0,S
CAEPedSpeechAudioEntity,DisablePedSpeech,0x004E56D0,1,0,S
CAEPedSpeechAudioEntity,DisablePedSpeechForScriptSpeech,0x004E5700,1,0,S
CAEPedSpeechAudioEntity,EnableAllPedSpeech,0x004E3EC0,1,0,S
CAEPedSpeechAudioEntity,EnablePedSpeech,0x004E3F70,1,0,S
CAEPedSpeechAudioEntity,EnablePedSpeechForScriptSpeech,0x004E3F90,1,0,S
CAEPedSpeechAudioEntity,GetAllocatedVoice,0x00000000,1,0,V
CAEPedSpeechAudioEntity,GetAudioPedType,0x004E3C60,1,0,S
CAEPedSpeechAudioEntity,GetCurrentCJMood,0x004E53B0,1,0,S
CAEPedSpeechAudioEntity,GetNextMoodToUse,0x004E4700,1,0,S
CAEPedSpeechAudioEntity,GetNextPlayTime,0x004E49E0,1,0,S
CAEPedSpeechAudioEntity,GetNumSlotsPlayingContext,0x004E49B0,1,0,S
CAEPedSpeechAudioEntity,GetPedTalking,0x004E3F50,1,0,S
CAEPedSpeechAudioEntity,GetPedType,0x00000000,1,0,V
CAEPedSpeechAudioEntity,GetRepeatTime,0x004E47E0,1,0,S
CAEPedSpeechAudioEntity,GetSexForSpecialPed,0x004E4260,1,0,S
CAEPedSpeechAudioEntity,GetSexFromModel,0x004E4200,1,0,S
CAEPedSpeechAudioEntity,GetSoundAndBankIDs,0x004E5920,1,0,S
CAEPedSpeechAudioEntity,GetSoundAndBankIDsForScriptedSpeech,0x004E4400,1,0,S
CAEPedSpeechAudioEntity,GetSpecificSpeechContext,0x004E4470,1,0,S
CAEPedSpeechAudioEntity,GetSpeechContextVolumeOffset,0x004E4AE0,1,0,S
CAEPedSpeechAudioEntity,GetVoice,0x004E3CD0,1,0,S
CAEPedSpeechAudioEntity,GetVoiceAndTypeForSpecialPed,0x004E4170,1,0,S
CAEPedSpeechAudioEntity,GetVoiceAndTypeFromModel,0x004E58C0,1,0,S
CAEPedSpeechAudioEntity,GetVoiceForMood,0x004E4760,1,0,S
CAEPedSpeechAudioEntity,Initialise,0x004E68D0,1,0,S
CAEPedSpeechAudioEntity,IsCJDressedInForGangSpeech,0x004E4270,1,0,S
CAEPedSpeechAudioEntity,IsGlobalContextImportantForInterupting,0x004E4600,1,0,S
CAEPedSpeechAudioEntity,IsGlobalContextImportantForStreaming,0x004E4510,1,0,S
CAEPedSpeechAudioEntity,IsGlobalContextImportantForWidescreen,0x004E46B0,1,0,S
CAEPedSpeechAudioEntity,IsGlobalContextPain,0x004E44F0,1,0,S
CAEPedSpeechAudioEntity,IsGlobalContextUberImportant,0x004E46F0,1,0,S
CAEPedSpeechAudioEntity,IsPedFemaleForAudio,0x00000000,1,0,V
CAEPedSpeechAudioEntity,LoadAndPlaySpeech,0x004E4840,1,0,S
CAEPedSpeechAudioEntity,PlayLoadedSound,0x00000000,1,0,V
CAEPedSpeechAudioEntity,ReleasePedConversation,0x004E52A0,1,0,S
CAEPedSpeechAudioEntity,ReleasePlayerConversation,0x004E3960,1,0,S
CAEPedSpeechAudioEntity,RequestPedConversation,0x004E50E0,1,0,S
CAEPedSpeechAudioEntity,RequestPlayerConversation,0x004E38C0,1,0,S
CAEPedSpeechAudioEntity,ReservePedConversationSpeechSlots,0x004E37F0,1,0,S
CAEPedSpeechAudioEntity,ReservePlayerConversationSpeechSlot,0x004E3870,1,0,S
CAEPedSpeechAudioEntity,Reset,0x004E37B0,1,0,S
CAEPedSpeechAudioEntity,Service,0x004E3710,1,0,S
CAEPedSpeechAudioEntity,SetCJMood,0x004E3ED0,1,0,S
CAEPedSpeechAudioEntity,SetNextPlayTime,0x004E4A20,1,0,S
CAEPedSpeechAudioEntity,SetUpConversation,0x004E3A00,1,0,S
CAEPedSpeechAudioEntity,StaticInitialise,0x005B98C0,1,0,S
CAEPedSpeechAudioEntity,StopCurrentSpeech,0x004E3FB0,1,0,S
CAEPedSpeechAudioEntity,Terminate,0x00000000,1,0,V
CAEPedSpeechAudioEntity,UpdateParameters,0x00000000,1,0,V
CAEPedSpeechAudioEntity,WillPedChatAboutTopic,0x00000000,1,0,V
CAEPedAudioEntity,AddAudioEvent,0x004E2BB0,1,0,S
CAEPedAudioEntity,HandleFootstepEvent,0x004E13A0,1,0,S
CAEPedAudioEntity,HandleLandingEvent,0x004E18E0,1,0,S
CAEPedAudioEntity,HandlePedHit,0x004E1CC0,0,1,S
CAEPedAudioEntity,HandlePedJacked,0x004E2350,0,1,S
CAEPedAudioEntity,HandlePedSwing,0x004E1A40,0,1,S
CAEPedAudioEntity,HandleSkateEvent,0x004E17E0,1,0,S
CAEPedAudioEntity,HandleSwimSplash,0x004E26A0,1,0,S
CAEPedAudioEntity,HandleSwimWake,0x004E2790,1,0,S
CAEPedAudioEntity,Initialise,0x004E0E80,1,0,S
CAEPedAudioEntity,PlayShirtFlap,0x004E2A90,1,0,S
CAEPedAudioEntity,PlayWindRush,0x004E1170,1,0,S
CAEPedAudioEntity,Service,0x004E2EE0,0,1,S
CAEPedAudioEntity,StaticInitialise,0x005B98A0,1,0,S
CAEPedAudioEntity,StopJetPackSound,0x004E1120,1,0,S
CAEPedAudioEntity,Terminate,0x004E1360,1,0,S
CAEPedAudioEntity,TurnOffJetPack,0x004E2A70,1,0,S
CAEPedAudioEntity,TurnOnJetPack,0x004E28A0,1,0,S
CAEPedAudioEntity,UpdateJetPack,0x004E0EE0,1,0,S
CAEPedAudioEntity,UpdateParameters,0x004E1180,1,0,S
CAEGlobalWeaponAudioEntity,AddAudioEvent,0x004DFAA0,1,0,S
CAEGlobalWeaponAudioEntity,Constructor,0x005075B0,1,0,S
CAEGlobalWeaponAudioEntity,Destructor,0x00506C50,1,0,S
CAEGlobalWeaponAudioEntity,ProjectileFire,0x004DF060,1,0,S
CAEGlobalWeaponAudioEntity,ServiceAmbientGunFire,0x004DF210,1,0,S
CAEGlobalWeaponAudioEntity,UpdateParameters,0x004DEF90,1,0,S
CAEFrontendAudioEntity,AddAudioEvent,0x004DD4A0,0,1,S
CAEFrontendAudioEntity,Initialise,0x005B9AB0,1,0,S
CAEFrontendAudioEntity,IsLoadingTuneActive,0x004DD470,1,0,S
CAEFrontendAudioEntity,IsRadioTuneSoundActive,0x004DD480,1,0,S
CAEFrontendAudioEntity,Reset,0x004DD440,1,0,S
CAEFrontendAudioEntity,UpdateParameters,0x00000000,0,1,V
CAEFireAudioEntity,AddAudioEvent,0x004DD3C0,1,0,S
CAEFireAudioEntity,Initialise,0x004DCF20,1,0,S
CAEFireAudioEntity,PlayFireSounds,0x004DD0D0,1,0,S
CAEFireAudioEntity,PlayWaterSounds,0x004DD270,1,0,S
CAEFireAudioEntity,StaticInitialise,0x005B9A90,1,0,S
CAEFireAudioEntity,Terminate,0x004DCF40,1,0,S
CAEFireAudioEntity,UpdateParameters,0x00000000,1,0,V
CAEExplosionAudioEntity,AddAudioEvent,0x004DCBE0,1,0,S
CAEExplosionAudioEntity,StaticInitialise,0x005B9A60,1,0,S
CAEExplosionAudioEntity,UpdateParameters,0x00000000,1,0,V
CAEDoorAudioEntity,AddAudioEvent-1,0x004DC9F0,1,0,S
CAEDoorAudioEntity,AddAudioEvent-2,0x004DC860,1,0,S
CAEDoorAudioEntity,PlayDoorSound,0x004DC6D0,1,0,S
CAEDoorAudioEntity,Reset,0x004DC6B0,1,0,S
CAEDoorAudioEntity,StaticInitialise,0x005B9A80,1,0,S
CAEDoorAudioEntity,UpdateParameters,0x00000000,1,0,V
CAECollisionAudioEntity,AddCollisionSoundToList,0x004DAAC0,1,0,S
CAECollisionAudioEntity,ChooseCollisionSoundID,0x004DAA50,1,0,S
CAECollisionAudioEntity,GetCollisionSoundStatus,0x004DA830,1,0,S
CAECollisionAudioEntity,Initialise,0x005B9BD0,1,0,S
CAECollisionAudioEntity,InitialisePostLoading,0x004DA050,1,0,S
CAECollisionAudioEntity,PlayBulletHitCollisionSound,0x004DB7C0,1,0,S
CAECollisionAudioEntity,PlayLoopingCollisionSound,0x004DB450,1,0,S
CAECollisionAudioEntity,PlayOneShotCollisionSound,0x004DB150,1,0,S
CAECollisionAudioEntity,ReportBulletHit,0x004DBDF0,1,0,S
CAECollisionAudioEntity,ReportCollision,0x004DBA10,1,0,S
CAECollisionAudioEntity,ReportGlassCollisionEvent,0x004DA070,1,0,S
CAECollisionAudioEntity,ReportObjectDestruction,0x004DAB60,1,0,S
CAECollisionAudioEntity,ReportWaterSplash-at-position,0x004DA190,1,0,S
CAECollisionAudioEntity,ReportWaterSplash-for-physical,0x004DAE40,1,0,S
CAECollisionAudioEntity,Reset,0x004DA320,1,0,S
CAECollisionAudioEntity,Service,0x004DA2C0,1,0,S
CAECollisionAudioEntity,UpdateLoopingCollisionSound,0x004DA540,1,0,S
CAEWaveDecoder,Constructor,0x00503250,1,0,S
CAEWaveDecoder,Destructor,0x00503290,1,0,S
CAEWaveDecoder,FillBuffer,0x005032A0,1,0,S
CAEWaveDecoder,GetSampleRate,0x00503300,1,0,S
CAEWaveDecoder,GetStreamID,0x00503280,1,0,S
CAEWaveDecoder,GetStreamLengthMs,0x00503310,1,0,S
CAEWaveDecoder,GetStreamPlayTimeMs,0x00503360,1,0,S
CAEWaveDecoder,Initialise,0x005032B0,1,0,S
CAEWaveDecoder,SetCursor,0x005033C0,1,0,S
CAEWMADecoder,Constructor,0x00502720,1,0,S
CAEWMADecoder,Destructor,0x00502760,1,0,S
CAEWMADecoder,FillBuffer,0x005027D0,1,0,S
CAEWMADecoder,GetSampleRate,0x00502AB0,1,0,S
CAEWMADecoder,GetStreamID,0x00502750,1,0,S
CAEWMADecoder,GetStreamLengthMs,0x00502AD0,1,0,S
CAEWMADecoder,GetStreamPlayTimeMs,0x00502AF0,1,0,S
CAEWMADecoder,InitLibrary,0x00502B80,1,0,S
CAEWMADecoder,Initialise,0x00502C60,1,0,S
CAEWMADecoder,SelectStreamIndex,0x00502990,1,0,S
CAEWMADecoder,SetCursor,0x00502B50,1,0,S
CAEVorbisDecoder,CloseCallback,0x005025D0,1,0,S
CAEVorbisDecoder,Constructor,0x005026B0,1,0,S
CAEVorbisDecoder,Destructor,0x005023F0,1,0,S
CAEVorbisDecoder,FillBuffer,0x00502470,1,0,S
CAEVorbisDecoder,GetSampleRate,0x00502560,1,0,S
CAEVorbisDecoder,GetStreamID,0x00502460,1,0,S
CAEVorbisDecoder,GetStreamLengthMs,0x00502610,1,0,S
CAEVorbisDecoder,GetStreamPlayTimeMs,0x00502640,1,0,S
CAEVorbisDecoder,Initialise,0x005024D0,1,0,S
CAEVorbisDecoder,ReadCallback,0x00502580,1,0,S
CAEVorbisDecoder,SeekCallback,0x005025B0,1,0,S
CAEVorbisDecoder,SetCursor,0x00502670,1,0,S
CAEVorbisDecoder,TellCallback,0x005025F0,1,0,S
CAETrackLoader,GetDataStream,0x004E0D20,1,0,S
CAEStreamingDecoder,Constructor,0x004F2810,1,0,S
CAEStreamingDecoder,Destructor,0x004F2830,1,0,S
CAEStreamTransformer,Initialise,0x004F1750,1,0,S
CAEStreamTransformer,TransformBuffer,0x004F17D0,1,0,S
CAEMP3TrackLoader,Constructor,0x004E0930,1,0,S
CAEMP3TrackLoader,Deconstructor,0x004E0940,1,0,S
CAEMP3TrackLoader,GetTrackInfo,0x004E0A70,1,0,S
CAEMP3TrackLoader,Initialise,0x004E0C50,1,0,S
CAEMP3TrackLoader,IsCurrentAudioStreamAvailable,0x004E0BD0,1,0,S
CAEMP3TrackLoader,LoadStreamPackTable,0x004E0970,1,0,S
CAEMP3TrackLoader,LoadTrackLookupTable,0x004E09F0,1,0,S
CAEMP3BankLoader,Constructor,0x004DFB10,1,0,S
CAEMP3BankLoader,GetBankSlotBuffer,0x004DFDE0,1,0,S
CAEMP3BankLoader,GetSoundBankLoadingStatus,0x004E0250,1,0,S
CAEMP3BankLoader,GetSoundBuffer,0x004E0280,1,0,S
CAEMP3BankLoader,GetSoundHeadroom,0x004E01E0,1,0,S
CAEMP3BankLoader,GetSoundLoadingStatus,0x004E0400,1,0,S
CAEMP3BankLoader,Initialise,0x004E08F0,1,0,S
CAEMP3BankLoader,IsSoundBankLoaded,0x004E0220,1,0,S
CAEMP3BankLoader,IsSoundLoaded,0x004E03B0,1,0,S
CAEMP3BankLoader,LoadSound,0x004E07A0,1,0,S
CAEMP3BankLoader,LoadSoundBank,0x004E0670,1,0,S
CAEMP3BankLoader,Service,0x004DFE30,1,0,S
CAEMP3BankLoader,UpdateVirtualChannels,0x004E0450,1,0,S
CAEMFDecoder,Constructor,0x004E7770,1,0,S
CAEMFDecoder,Destructor,0x004E77C0,1,0,S
CAEMFDecoder,FillBuffer,0x004E7860,1,0,S
CAEMFDecoder,GetSampleRate,0x004E78C0,1,0,S
CAEMFDecoder,GetStreamID,0x004E77B0,1,0,S
CAEMFDecoder,GetStreamLengthMs,0x004E7920,1,0,S
CAEMFDecoder,GetStreamPlayTimeMs,0x004E7940,1,0,S
CAEMFDecoder,InitLibrary,0x004E7C70,1,0,S
CAEMFDecoder,Initialise,0x004E7CB0,1,0,S
CAEMFDecoder,SetCursor,0x004E78E0,1,0,S
CAEDataStream,AddRef,0x004DC460,1,0,S
CAEDataStream,Clone,0x004DC540,1,0,S
CAEDataStream,Commit,0x004DC500,1,0,S
CAEDataStream,Constructor,0x004DC620,1,1,S
CAEDataStream,CopyTo,0x004DC4F0,1,0,S
CAEDataStream,Destructor,0x004DC490,1,1,S
CAEDataStream,FillBuffer,0x004DC1C0,1,1,S
CAEDataStream,GetCurrentPosition,0x004DC230,1,1,S
CAEDataStream,Initialise,0x004DC2B0,1,1,S
CAEDataStream,LockRegion,0x004DC520,1,0,S
CAEDataStream,QueryInterface,0x004DC410,1,0,S
CAEDataStream,Read,0x004DC320,1,0,S
CAEDataStream,Release,0x004DC5B0,1,0,S
CAEDataStream,Revert,0x004DC510,1,0,S
CAEDataStream,Seek-OG,0x004DC250,1,1,S
CAEDataStream,Seek-istream,0x004DC340,1,0,S
CAEDataStream,SetSize,0x004DC4E0,1,0,S
CAEDataStream,Stat,0x004DC3A0,1,0,S
CAEDataStream,UnlockRegion,0x004DC530,1,0,S
CAEDataStream,Write,0x004DC4D0,1,0,S
CAEBankLoader,CalculateBankSlotsInfosOffsets,0x004DFBA0,1,0,S
CAEBankLoader,Deconstructor,0x004DFB20,1,0,S
CAEBankLoader,GetBankLookup,0x004E01B0,1,0,S
CAEBankLoader,LoadBankLookupFile,0x004DFBD0,1,0,S
CAEBankLoader,LoadBankSlotFile,0x004E0590,1,0,S
CAEBankLoader,LoadSFXPakLookupFile,0x004DFC70,1,0,S
CAEUserRadioTrackManager,DeleteUserTracksInfo,0x004F32F0,1,0,S
CAEUserRadioTrackManager,GetAudioFileType,0x004F31F0,1,0,S
CAEUserRadioTrackManager,GetTrackPath,0x004F3050,1,0,S
CAEUserRadioTrackManager,GetUserTrackPlayMode,0x004F3330,1,0,S
CAEUserRadioTrackManager,Initialise,0x004F35B0,1,0,S
CAEUserRadioTrackManager,IsShortcut,0x004F32C0,1,0,S
CAEUserRadioTrackManager,LoadUserTrack,0x004F35F0,1,0,S
CAEUserRadioTrackManager,ReadUserTracks,0x004F2FD0,1,0,S
CAEUserRadioTrackManager,ResolveShortcut-,0x004F30F0,1,0,S
CAEUserRadioTrackManager,ScanUserTracks,0x004F4BA0,1,0,S
CAEUserRadioTrackManager,SelectUserTrackIndex,0x004F3250,1,0,S
CAEUserRadioTrackManager,SetUserTrackIndex,0x004F3340,1,0,S
CAEUserRadioTrackManager,Shutdown,0x004F2FB0,1,0,S
CAEUserRadioTrackManager,WriteUserTracksFile-,0x004F4690,1,1,S
CAEUserRadioTrackManager,WriteUserTracksThread,0x004F4A20,1,1,S
CAESoundManager,AreSoundsOfThisEventPlayingForThisEntity,0x004EF570,1,0,S
CAESoundManager,AreSoundsOfThisEventPlayingForThisEntityAndPhysical,0x004EF5D0,1,0,S
CAESoundManager,AreSoundsPlayingInBankSlot,0x004EF520,1,0,S
CAESoundManager,CancelSoundsInBankSlot,0x004EFC60,1,0,S
CAESoundManager,CancelSoundsOfThisEventPlayingForThisEntity,0x004EFB90,1,0,S
CAESoundManager,CancelSoundsOfThisEventPlayingForThisEntityAndPhysical,0x004EFBF0,1,0,S
CAESoundManager,CancelSoundsOwnedByAudioEntity,0x004EFCD0,1,0,S
CAESoundManager,GetVirtualChannelForPhysicalChannel,0x004EF630,1,0,S
CAESoundManager,Initialise,0x005B9690,1,0,S
CAESoundManager,PauseManually,0x004EF510,1,0,S
CAESoundManager,RequestNewSound,0x004EFB10,1,0,S
CAESoundManager,Reset,0x004EF4D0,1,0,S
CAESoundManager,Service,0x004F0000,1,0,S
CAESoundManager,Terminate,0x004EFAA0,1,0,S
CAERadioTrackManager,AddAdvertIndexToHistory,0x004E9760,1,0,S
CAERadioTrackManager,AddDJBanterIndexToHistory,0x004E97B0,1,0,S
CAERadioTrackManager,AddIdentIndexToHistory,0x004E9720,1,0,S
CAERadioTrackManager,AddMusicTrackIndexToHistory,0x004E96C0,1,0,S
CAERadioTrackManager,CheckForMissionStatsChanges,0x004E8410,1,0,S
CAERadioTrackManager,CheckForPause,0x004EA590,1,0,S
CAERadioTrackManager,CheckForStationRetune,0x004EB660,0,1,S
CAERadioTrackManager,CheckForStationRetuneDuringPause,0x004EB890,1,0,S
CAERadioTrackManager,CheckForTrackConcatenation,0x004EA930,0,1,S
CAERadioTrackManager,ChooseAdvertIndex,0x004E9570,0,1,S
CAERadioTrackManager,ChooseDJBanterIndex,0x004EA2D0,0,1,S
CAERadioTrackManager,ChooseDJBanterIndexFromList,0x004E95E0,0,1,S
CAERadioTrackManager,ChooseIdentIndex,0x004E94C0,0,1,S
CAERadioTrackManager,ChooseMusicTrackIndex,0x004EA270,0,1,S
CAERadioTrackManager,ChooseTalkRadioShow,0x004E8E40,0,1,S
CAERadioTrackManager,ChooseTracksForStation,0x004EB180,1,0,S
CAERadioTrackManager,DisplayRadioStationName,0x004E9E50,1,0,S
CAERadioTrackManager,GetCurrentRadioStationID,0x004E83F0,1,0,S
CAERadioTrackManager,GetRadioStationListenTimes,0x004E83E0,1,0,S
CAERadioTrackManager,GetRadioStationName,0x004E9E10,1,0,S
CAERadioTrackManager,GetRadioStationNameKey,0x004E8380,1,0,S
CAERadioTrackManager,HasRadioRetuneJustStarted,0x004E8370,1,0,S
CAERadioTrackManager,Initialise,0x005B9390,1,0,S
CAERadioTrackManager,InitialiseRadioStationID,0x004E8330,1,0,S
CAERadioTrackManager,IsRadioOn,0x004E8350,1,0,S
CAERadioTrackManager,IsVehicleRadioActive,0x004E9800,0,1,S
CAERadioTrackManager,Load,0x005D40E0,1,0,S
CAERadioTrackManager,PlayRadioAnnouncement,0x004E8400,1,0,S
CAERadioTrackManager,QueueUpTracksForStation,0x004EA670,0,1,S
CAERadioTrackManager,Reset,0x004E7F80,1,0,S
CAERadioTrackManager,ResetStatistics,0x004E8200,1,0,S
CAERadioTrackManager,RetuneRadio,0x004E8290,1,0,S
CAERadioTrackManager,Save,0x005D3EE0,1,0,S
CAERadioTrackManager,Service,0x004EB9A0,0,1,S
CAERadioTrackManager,SetBassEnhanceOnOff,0x004E9DB0,1,0,S
CAERadioTrackManager,SetBassSetting,0x004E82F0,1,0,S
CAERadioTrackManager,SetRadioAutoRetuneOnOff,0x004E82E0,1,0,S
CAERadioTrackManager,StartRadio-manual,0x004EB3C0,1,0,S
CAERadioTrackManager,StartRadio-with-settings,0x004EB550,1,0,S
CAERadioTrackManager,StartTrackPlayback,0x004EA640,1,0,S
CAERadioTrackManager,StopRadio,0x004E9820,0,1,S
CAERadioTrackManager,TrackRadioStation,0x004EAC30,0,1,S
CAERadioTrackManager,UpdateRadioVolumes,0x004EA010,0,1,S
CAECutsceneTrackManager,GetCutsceneTrackStatus,0x004DBEC0,1,0,S
CAECutsceneTrackManager,Initialise,0x005B9630,1,0,S
CAECutsceneTrackManager,IsCutsceneTrackActive,0x004DBEB0,1,0,S
CAECutsceneTrackManager,PauseTrack,0x004DBF00,1,0,S
CAECutsceneTrackManager,PlayPreloadedCutsceneTrack,0x004DBE70,1,0,S
CAECutsceneTrackManager,PreloadBeatTrack,0x004DC130,1,0,S
CAECutsceneTrackManager,Service,0x004DBFB0,1,0,S
CAECutsceneTrackManager,StopCutsceneTrack,0x004DBE80,1,0,S
CAEAmbienceTrackManager,IsAmbienceRadioActive,0x004D6D40,1,0,S
CAEAmbienceTrackManager,IsAmbienceTrackActive,0x004D6CF0,1,0,S
CAEAmbienceTrackManager,PlaySpecialMissionAmbienceTrack,0x004D6D50,1,0,S
CAEAmbienceTrackManager,Reset,0x004D6CA0,1,0,S
CAEAmbienceTrackManager,Service,0x004D76C0,1,0,S
CAEAmbienceTrackManager,StopSpecialMissionAmbienceTrack,0x004D6D60,1,0,S
CAEAmbienceTrackManager,UpdateAmbienceTrackAndVolume,0x004D6E60,0,1,S
CAEStreamingChannel,AddFX,0x004F1AE0,1,0,S
CAEStreamingChannel,Constructor,0x004F1800,0,1,S
CAEStreamingChannel,Destructor,0x004F2200,1,0,S
CAEStreamingChannel,FillBuffer,0x004F1E20,1,0,S
CAEStreamingChannel,GetActiveTrackID,0x004F1A40,1,0,S
CAEStreamingChannel,GetLength,0x00000000,1,0,V
CAEStreamingChannel,GetPlayTime,0x00000000,1,0,V
CAEStreamingChannel,GetPlayingTrackID,0x004F1A60,1,0,S
CAEStreamingChannel,Initialise,0x004F22F0,1,0,S
CAEStreamingChannel,InitialiseSilence,0x004F1C70,1,0,S
CAEStreamingChannel,IsSoundPlaying,0x00000000,1,0,V
CAEStreamingChannel,Pause,0x004F2170,1,0,S
CAEStreamingChannel,Play,0x00000000,1,0,V
CAEStreamingChannel,PrepareStream,0x004F23D0,0,1,S
CAEStreamingChannel,RemoveFX,0x004F1C20,1,0,S
CAEStreamingChannel,Service,0x00000000,0,1,V
CAEStreamingChannel,SetBassEQ,0x004F1F30,1,0,S
CAEStreamingChannel,SetFrequencyScalingFactor,0x00000000,1,0,V
CAEStreamingChannel,SetNextStream,0x004F1DE0,1,0,S
CAEStreamingChannel,SetReady,0x004F1FF0,1,0,S
CAEStreamingChannel,Stop-class,0x004F1A90,1,0,S
CAEStreamingChannel,Stop-virtual,0x00000000,1,0,V
CAEStreamingChannel,SynchPlayback,0x004F1870,1,0,S
CAEStreamingChannel,UpdatePlayTime,0x004F18A0,1,0,S
CAEStaticChannel,GetLength,0x00000000,1,0,V
CAEStaticChannel,GetPlayTime,0x00000000,1,0,V
CAEStaticChannel,IsSoundPlaying,0x00000000,1,0,V
CAEStaticChannel,Play,0x00000000,1,0,V
CAEStaticChannel,Service,0x00000000,1,0,V
CAEStaticChannel,SetAudioBuffer,0x004F0C40,0,1,S
CAEStaticChannel,Stop,0x00000000,1,0,V
CAEStaticChannel,SynchPlayback,0x00000000,1,0,V
CAEAudioHardware,AllocateChannels,0x005B9340,1,0,S
CAEAudioHardware,CheckDVD,0x004D95E0,1,0,S
CAEAudioHardware,Constructor,0x004D83E0,1,0,S
CAEAudioHardware,Destructor,0x004D83A0,1,0,S
CAEAudioHardware,DisableBassEq,0x004D94D0,1,0,S
CAEAudioHardware,DisableEffectsLoading,0x004D8E50,1,0,S
CAEAudioHardware,EnableBassEq,0x004D94E0,1,0,S
CAEAudioHardware,EnableEffectsLoading,0x004D8E40,1,0,S
CAEAudioHardware,GetActiveTrackID,0x004D8F80,1,0,S
CAEAudioHardware,GetBeatInfo,0x004D8FA0,1,0,S
CAEAudioHardware,GetChannelPlayTimes,0x004D8820,1,0,S
CAEAudioHardware,GetDVDDriveLetter,0x004D95D0,1,0,S
CAEAudioHardware,GetEffectsFaderScalingFactor,0x004D9590,1,0,S
CAEAudioHardware,GetEffectsMasterScalingFactor,0x004D9570,1,0,S
CAEAudioHardware,GetMusicMasterScalingFactor,0x004D9580,1,0,S
CAEAudioHardware,GetNumAvailableChannels,0x004D8810,1,0,S
CAEAudioHardware,GetPlayingTrackID,0x004D8F90,1,0,S
CAEAudioHardware,GetSoundBankLoadingStatus,0x004D88D0,1,0,S
CAEAudioHardware,GetSoundHeadroom,0x004D8E30,1,0,S
CAEAudioHardware,GetSoundLoadingStatus,0x004D8F00,1,0,S
CAEAudioHardware,GetTrackLengthMs,0x004D8F70,1,0,S
CAEAudioHardware,GetTrackPlayTime,0x004D8F60,1,0,S
CAEAudioHardware,GetVirtualChannelSoundLengths,0x004D8E90,1,0,S
CAEAudioHardware,GetVirtualChannelSoundLoopStartTimes,0x004D8EB0,1,0,S
CAEAudioHardware,InitDirectSoundListener,0x004D9640,1,0,S
CAEAudioHardware,Initialise,0x004D9930,1,0,S
CAEAudioHardware,IsSoundBankLoaded,0x004D88C0,1,0,S
CAEAudioHardware,IsSoundLoaded,0x004D8EF0,1,0,S
CAEAudioHardware,IsStreamingFromDVD,0x004D95C0,1,0,S
CAEAudioHardware,LoadSound,0x004D8ED0,1,0,S
CAEAudioHardware,LoadSoundBank,0x004D88A0,1,0,S
CAEAudioHardware,PauseAllSounds,0x004D95F0,1,0,S
CAEAudioHardware,PlayTrack,0x004D8F10,1,0,S
CAEAudioHardware,Query3DSoundEffects,0x004D8490,1,0,S
CAEAudioHardware,RequestVirtualChannelSoundInfo,0x004D8E60,1,0,S
CAEAudioHardware,RescaleChannelVolumes,0x004D8990,1,0,S
CAEAudioHardware,ResumeAllSounds,0x004D9630,1,0,S
CAEAudioHardware,Service,0x004D9870,1,0,S
CAEAudioHardware,SetBassSetting,0x004D94A0,1,0,S
CAEAudioHardware,SetChannelFlags,0x004D9500,1,0,S
CAEAudioHardware,SetChannelFrequencyScalingFactor,0x004D8960,1,0,S
CAEAudioHardware,SetChannelPosition,0x004D8920,1,0,S
CAEAudioHardware,SetChannelVolume,0x004D8870,1,0,S
CAEAudioHardware,SetEffectsFaderScalingFactor,0x004D9560,1,0,S
CAEAudioHardware,SetEffectsMasterScalingFactor,0x004D9540,1,0,S
CAEAudioHardware,SetMusicFaderScalingFactor,0x004D9550,1,0,S
CAEAudioHardware,SetMusicMasterScalingFactor,0x004D9530,1,0,S
CAEAudioHardware,SetNonStreamFaderScalingFactor,0x004D95A0,1,0,S
CAEAudioHardware,SetStreamFaderScalingFactor,0x004D95B0,1,0,S
CAEAudioHardware,StartTrackPlayback,0x004D8F30,1,0,S
CAEAudioHardware,StopSound,0x004D88E0,1,0,S
CAEAudioHardware,StopTrack,0x004D8F50,1,0,S
CAEAudioHardware,Terminate,0x004D97A0,1,0,S
CAEAudioHardware,UpdateReverbEnvironment,0x004D8DA0,1,0,S
CAEAudioChannel,ConvertFromBytesToMS,0x004D79D0,1,0,S
CAEAudioChannel,ConvertFromMsToBytes,0x004D79F0,1,0,S
CAEAudioChannel,GetCurrentPlaybackPosition,0x004D79A0,1,0,S
CAEAudioChannel,Lost,0x004D7A10,1,0,S
CAEAudioChannel,SetFrequency,0x004D7A50,1,0,S
CAEAudioChannel,SetFrequencyScalingFactor,0x00000000,1,0,V
CAEAudioChannel,SetNotInRoom,0x004D7B50,1,0,S
CAEAudioChannel,SetOriginalFrequency,0x004D7A70,1,0,S
CAEAudioChannel,SetPosition,0x004D7950,1,0,S
CAEAudioChannel,SetReverbAndDepth,0x004D7AA0,1,0,S
CAEAudioChannel,SetVolume,0x004D7C60,1,0,S
CAEAudioChannel,UpdateStatus,0x004D7BD0,1,0,S
CAudioZones,Init,0x005081A0,1,0,S
CAudioZones,RegisterAudioBox,0x00508240,1,0,S
CAudioZones,RegisterAudioSphere,0x005081C0,1,0,S
CAudioZones,SwitchAudioZone,0x00508320,1,0,S
CAudioZones,Update,0x005083C0,1,0,S
CAudioEngine,AttachMissionAudioToObject,0x00507320,1,0,S
CAudioEngine,AttachMissionAudioToPed,0x00507310,1,0,S
CAudioEngine,AttachMissionAudioToPhysical,0x00507330,1,0,S
CAudioEngine,ClearMissionAudio,0x005072F0,1,0,S
CAudioEngine,Constructor,0x00507670,1,0,S
CAudioEngine,Destructor,0x00506CD0,1,0,S
CAudioEngine,DisableEffectsLoading,0x00506E80,1,0,S
CAudioEngine,DisplayRadioStationName,0x00507030,1,0,S
CAudioEngine,DoesAmbienceTrackOverrideRadio,0x00507270,1,0,S
CAudioEngine,EnableEffectsLoading,0x00506E90,1,0,S
CAudioEngine,GetBeatInfo,0x005071B0,1,0,S
CAudioEngine,GetBeatTrackStatus,0x00507170,1,0,S
CAudioEngine,GetCurrentRadioStationID,0x00507040,1,0,S
CAudioEngine,GetCutsceneTrackStatus,0x00507160,1,0,S
CAudioEngine,GetMissionAudioEvent,0x005072D0,1,0,S
CAudioEngine,GetMissionAudioLoadingStatus,0x005072A0,1,0,S
CAudioEngine,GetMissionAudioPosition,0x005072E0,1,0,S
CAudioEngine,GetRadioStationListenTimes,0x00507020,1,0,S
CAudioEngine,GetRadioStationName,0x00507000,1,0,S
CAudioEngine,GetRadioStationNameKey,0x00507010,1,0,S
CAudioEngine,HasRadioRetuneJustStarted,0x00506FE0,1,0,S
CAudioEngine,Initialise,0x005B9C60,1,0,S
CAudioEngine,InitialisePostLoading,0x005078F0,1,0,S
CAudioEngine,InitialiseRadioStationID,0x00506FC0,1,0,S
CAudioEngine,IsAmbienceRadioActive,0x00507280,1,0,S
CAudioEngine,IsAmbienceTrackActive,0x00507210,1,0,S
CAudioEngine,IsBeatInfoPresent,0x005071D0,1,0,S
CAudioEngine,IsCutsceneTrackActive,0x00507150,1,0,S
CAudioEngine,IsLoadingTuneActive,0x00506D90,1,0,S
CAudioEngine,IsMissionAudioSampleFinished,0x005072C0,1,0,S
CAudioEngine,IsRadioOn,0x00506FD0,1,0,S
CAudioEngine,IsRadioRetuneInProgress,0x00506FF0,1,0,S
CAudioEngine,IsVehicleRadioActive,0x00507050,1,0,S
CAudioEngine,PauseAllSounds,0x00507430,1,0,S
CAudioEngine,PauseBeatTrack,0x00507200,1,0,S
CAudioEngine,PlayLoadedMissionAudio,0x005072B0,1,0,S
CAudioEngine,PlayPreloadedBeatTrack,0x00507180,1,0,S
CAudioEngine,PlayPreloadedCutsceneTrack,0x00507070,1,0,S
CAudioEngine,PreloadBeatTrack,0x00507F40,1,0,S
CAudioEngine,PreloadCutsceneTrack,0x00507E30,1,0,S
CAudioEngine,PreloadMissionAudio,0x00507290,1,0,S
CAudioEngine,ReportBulletHit,0x00506EC0,1,0,S
CAudioEngine,ReportCollision,0x00506EB0,1,0,S
CAudioEngine,ReportDoorMovement,0x00506F50,1,0,S
CAudioEngine,ReportFrontendAudioEvent,0x00506EA0,1,0,S
CAudioEngine,ReportGlassCollisionEvent,0x00506EE0,1,0,S
CAudioEngine,ReportMissionAudioEvent-obj,0x00507350,1,0,S
CAudioEngine,ReportMissionAudioEvent-ped,0x00507370,1,0,S
CAudioEngine,ReportMissionAudioEvent-phs,0x005073B0,1,0,S
CAudioEngine,ReportMissionAudioEvent-vec,0x00507340,1,0,S
CAudioEngine,ReportMissionAudioEvent-veh,0x00507390,1,0,S
CAudioEngine,ReportObjectDestruction,0x00506ED0,1,0,S
CAudioEngine,ReportWaterSplash-phs,0x00506F00,1,0,S
CAudioEngine,ReportWaterSplash-vec,0x00506F10,1,0,S
CAudioEngine,ReportWeaponEvent,0x00506F40,1,0,S
CAudioEngine,Reset,0x00507A90,1,0,S
CAudioEngine,ResetSoundEffects,0x00507C30,1,0,S
CAudioEngine,ResetStatistics,0x00506DA0,1,0,S
CAudioEngine,Restart,0x00506DB0,1,0,S
CAudioEngine,ResumeAllSounds,0x00507440,1,0,S
CAudioEngine,RetuneRadio,0x00507E10,1,0,S
CAudioEngine,SayPedless,0x005073C0,1,0,S
CAudioEngine,Service,0x00507750,1,0,S
CAudioEngine,ServiceLoadingTune,0x005078A0,1,0,S
CAudioEngine,SetBassEnhanceOnOff,0x00506F90,1,0,S
CAudioEngine,SetEffectsFaderScalingFactor,0x00506E50,1,0,S
CAudioEngine,SetEffectsMasterVolume,0x00506E10,1,0,S
CAudioEngine,SetMissionAudioPosition,0x00507300,1,0,S
CAudioEngine,SetMusicFaderScalingFactor,0x00506E40,1,0,S
CAudioEngine,SetMusicMasterVolume,0x00506DE0,1,0,S
CAudioEngine,SetNonStreamFaderScalingFactor,0x00506E60,1,0,S
CAudioEngine,SetRadioAutoRetuneOnOff,0x00506F80,1,0,S
CAudioEngine,SetRadioBassSetting,0x00506FA0,1,0,S
CAudioEngine,SetStreamFaderScalingFactor,0x00506E70,1,0,S
CAudioEngine,Shutdown,0x00507CB0,1,0,S
CAudioEngine,StartLoadingTune,0x00507410,1,0,S
CAudioEngine,StartRadio-,0x00507DF0,1,0,S
CAudioEngine,StartRadio-1,0x00507DC0,1,0,S
CAudioEngine,StopAmbienceTrack,0x00507220,1,0,S
CAudioEngine,StopBeatTrack,0x005071A0,1,0,S
CAudioEngine,StopCutsceneTrack,0x00507080,1,0,S
CAudioEngine,StopRadio,0x00506F70,1,0,S
CAEStreamThread,GetActiveTrackID,0x004F1560,1,0,S
CAEStreamThread,GetPlayingTrackID,0x004F1570,1,0,S
CAEStreamThread,GetTrackLengthMs,0x004F1550,1,0,S
CAEStreamThread,GetTrackPlayTime,0x004F1530,1,0,S
CAEStreamThread,Initialise,0x004F1680,1,0,S
CAEStreamThread,MainLoop,0x004F15C0,1,0,S
CAEStreamThread,Pause,0x004F1200,1,0,S
CAEStreamThread,PlayTrack,0x004F1230,1,0,S
CAEStreamThread,Resume,0x004F1210,1,0,S
CAEStreamThread,Service,0x004F1290,1,0,S
CAEStreamThread,Start,0x004F11F0,1,0,S
CAEStreamThread,Stop,0x004F1590,1,0,S
CAEStreamThread,StopTrack,0x004F1580,1,0,S
CAEStreamThread,WaitForExit,0x004F1220,1,0,S
CAESound,CalculateFrequency,0x004EF390,1,0,S
CAESound,CalculateVolume,0x004EFA10,1,0,S
CAESound,GetRelativePlaybackFrequencyWithDoppler,0x004EF400,1,0,S
CAESound,GetRelativePosition-orginal,0x004EF350,1,0,S
CAESound,GetSlowMoFrequencyScalingFactor,0x004EF440,1,0,S
CAESound,Initialise,0x004EFE50,1,0,S
CAESound,NewVPSLEntry,0x004EF7A0,1,0,S
CAESound,RegisterWithPhysicalEntity,0x004EF820,1,0,S
CAESound,SetFlags,0x004EF2B0,1,0,S
CAESound,SetPosition,0x004EF880,1,0,S
CAESound,SoundHasFinished,0x004EFFD0,1,0,S
CAESound,StopSound,0x004EF1C0,1,0,S
CAESound,StopSoundAndForget,0x004EF850,1,0,S
CAESound,UnregisterWithPhysicalEntity,0x004EF1A0,1,0,S
CAESound,UpdateFrequency,0x004EF3E0,1,0,S
CAESound,UpdateParameters,0x004EFF50,1,0,S
CAESound,UpdatePlayTime,0x004EF2E0,1,0,S
CAESound,operator=,0x004EF680,1,0,S
CAESmoothFadeThread,CancelFade,0x004EEA50,1,0,S
CAESmoothFadeThread,Initialise,0x004EEEC0,1,0,S
CAESmoothFadeThread,InitialiseRequestSlots,0x004EE9F0,1,0,S
CAESmoothFadeThread,RequestFade,0x004EEAA0,1,0,S
CAESmoothFadeThread,Service,0x004EED10,1,0,S
CAESmoothFadeThread,SetBufferVolume,0x004EEC80,1,0,S
CAESmoothFadeThread,SmoothFadeProc,0x004EEE90,1,0,S
CAESmoothFadeThread,Start,0x004EEA10,1,0,S
CAESmoothFadeThread,Stop,0x004EEA30,1,0,S
CAESmoothFadeThread,WaitForExit,0x004EEA40,1,0,S
CAEAudioUtility,AudioLog10,0x004D9E50,1,0,S
CAEAudioUtility,ConvertFromBytesToMS,0x004D9EF0,1,0,S
CAEAudioUtility,ConvertFromMSToBytes,0x004D9F40,1,0,S
CAEAudioUtility,FindVehicleOfPlayer,0x004D9E10,1,0,S
CAEAudioUtility,GetBankAndSoundFromScriptSlotAudioEvent,0x004D9CC0,1,0,S
CAEAudioUtility,GetCurrentTimeInMS,0x004D9E80,1,0,S
CAEAudioUtility,GetPiecewiseLinear,0x004D9D90,1,0,S
CAEAudioUtility,GetRandomNumberInRange<float>-float,0x004D9C50,1,0,S
CAEAudioUtility,GetRandomNumberInRange<int32>-int,0x004D9C10,1,0,S
CAEAudioUtility,ResolveProbability,0x004D9C80,1,0,S
CAEAudioUtility,StaticInitialise,0x005B97F0,1,0,S
CAEAudioEnvironment,GetDirectionalMikeAttenuation,0x004D7F60,1,0,S
CAEAudioEnvironment,GetDistanceAttenuation,0x004D7F20,1,0,S
CAEAudioEnvironment,GetDopplerRelativeFrequency,0x004D7E40,1,0,S
CAEAudioEnvironment,GetPositionRelativeToCamera-placeable,0x004D8340,1,0,S
CAEAudioEnvironment,GetPositionRelativeToCamera-vec,0x004D80B0,1,1,S
CAEAudioEnvironment,GetReverbEnvironmentAndDepth,0x004D8010,1,0,S
CEntitySeekPosCalculatorXYOffset,ComputeEntitySeekPos,0x00000000,1,0,V
CEntitySeekPosCalculatorStandard,ComputeEntitySeekPos,0x00000000,1,0,V
CEntitySeekPosCalculatorRadiusAngleOffset,ComputeEntitySeekPos,0x00000000,1,0,V
CEntitySeekPosCalculatorFixedPos,ComputeEntitySeekPos,0x00000000,1,0,V
CTaskComplexSeekEntityStandard,Clone,0x00000000,1,0,V
CTaskComplexSeekEntityStandard,Constructor,0x0046AC10,1,0,S
CTaskComplexSeekEntityStandard,ControlSubTask,0x00000000,1,0,V
CTaskComplexSeekEntityStandard,CreateFirstSubTask,0x00000000,1,0,V
CTaskComplexSeekEntityStandard,CreateNextSubTask,0x00000000,1,0,V
CTaskComplexSeekEntityStandard,CreateSubTask,0x0046F1E0,1,0,S
CTaskComplexSeekEntityStandard,Destructor,0x0046AD50,1,0,S
CTaskComplexSeekEntityStandard,GetTaskType,0x00000000,1,0,V
CTaskComplexSeekEntityStandard,MakeAbortable,0x00000000,1,0,V
CTaskComplexSeekEntityRadiusAngleOffset,Clone,0x00000000,1,0,V
CTaskComplexSeekEntityRadiusAngleOffset,Constructor,0x00493730,1,0,S
CTaskComplexSeekEntityRadiusAngleOffset,ControlSubTask,0x00000000,1,0,V
CTaskComplexSeekEntityRadiusAngleOffset,CreateFirstSubTask,0x00000000,1,0,V
CTaskComplexSeekEntityRadiusAngleOffset,CreateNextSubTask,0x00000000,1,0,V
CTaskComplexSeekEntityRadiusAngleOffset,CreateSubTask,0x00496270,1,0,S
CTaskComplexSeekEntityRadiusAngleOffset,Destructor,0x00493890,1,0,S
CTaskComplexSeekEntityRadiusAngleOffset,GetTaskType,0x00000000,1,0,V
CTaskComplexSeekEntityRadiusAngleOffset,MakeAbortable,0x00000000,1,0,V
CTaskComplexSeekEntity<CEntitySeekPosCalculatorXYOffset>,Clone,0x00000000,1,0,V
CTaskComplexSeekEntity<CEntitySeekPosCalculatorXYOffset>,Constructor,0x00661DC0,1,0,S
CTaskComplexSeekEntity<CEntitySeekPosCalculatorXYOffset>,ControlSubTask,0x00000000,1,0,V
CTaskComplexSeekEntity<CEntitySeekPosCalculatorXYOffset>,CreateFirstSubTask,0x00000000,1,0,V
CTaskComplexSeekEntity<CEntitySeekPosCalculatorXYOffset>,CreateNextSubTask,0x00000000,1,0,V
CTaskComplexSeekEntity<CEntitySeekPosCalculatorXYOffset>,CreateSubTask,0x00496DC0,1,0,S
CTaskComplexSeekEntity<CEntitySeekPosCalculatorXYOffset>,Destructor,0x00661F30,1,0,S
CTaskComplexSeekEntity<CEntitySeekPosCalculatorXYOffset>,GetTaskType,0x00000000,1,0,V
CTaskComplexSeekEntity<CEntitySeekPosCalculatorXYOffset>,MakeAbortable,0x00000000,1,0,V
CTaskUtilityLineUpPedWithCar,Constructor,0x0064FBB0,1,0,S
CTaskUtilityLineUpPedWithCar,Destructor,0x0064FC00,1,0,S
CTaskUtilityLineUpPedWithCar,GetLocalPositionToOpenCarDoor,0x0064FC10,0,1,S
CTaskUtilityLineUpPedWithCar,GetPositionToOpenCarDoor,0x00650A80,0,1,S
CTaskUtilityLineUpPedWithCar,ProcessPed,0x006513A0,0,1,S
CTaskSimpleWaitUntilPedIsOutCar,Clone,0x00000000,1,0,V
CTaskSimpleWaitUntilPedIsOutCar,Constructor,0x00649450,1,0,S
CTaskSimpleWaitUntilPedIsOutCar,Destructor,0x006494F0,1,0,S
CTaskSimpleWaitUntilPedIsOutCar,GetTaskType,0x00000000,1,0,V
CTaskSimpleWaitUntilPedIsOutCar,MakeAbortable,0x00000000,1,0,V
CTaskSimpleWaitUntilPedIsOutCar,ProcessPed,0x00000000,1,0,V
CTaskSimpleWaitUntilPedIsInCar,Clone,0x00000000,1,0,V
CTaskSimpleWaitUntilPedIsInCar,Constructor,0x00649620,1,0,S
CTaskSimpleWaitUntilPedIsInCar,Destructor,0x006496A0,1,0,S
CTaskSimpleWaitUntilPedIsInCar,GetTaskType,0x00000000,1,0,V
CTaskSimpleWaitUntilPedIsInCar,MakeAbortable,0x00000000,1,0,V
CTaskSimpleWaitUntilPedIsInCar,ProcessPed,0x00000000,1,0,V
CTaskSimpleWaitUntilLeaderAreaCodesMatch,Clone,0x00000000,1,0,V
CTaskSimpleWaitUntilLeaderAreaCodesMatch,GetTaskType,0x00000000,1,0,V
CTaskSimpleWaitUntilLeaderAreaCodesMatch,MakeAbortable,0x00000000,1,0,V
CTaskSimpleWaitUntilLeaderAreaCodesMatch,ProcessPed,0x00000000,1,0,V
CTaskSimpleWaitUntilAreaCodesMatch,Clone,0x00000000,1,0,V
CTaskSimpleWaitUntilAreaCodesMatch,Constructor,0x00635540,1,0,S
CTaskSimpleWaitUntilAreaCodesMatch,Destructor,0x006355E0,1,0,S
CTaskSimpleWaitUntilAreaCodesMatch,GetTaskType,0x00000000,1,0,V
CTaskSimpleWaitUntilAreaCodesMatch,MakeAbortable,0x00000000,1,0,V
CTaskSimpleWaitUntilAreaCodesMatch,ProcessPed,0x00000000,1,0,V
CTaskSimpleWaitForBus,Clone,0x00000000,1,0,V
CTaskSimpleWaitForBus,Constructor,0x00632A50,1,0,S
CTaskSimpleWaitForBus,Destructor,0x00632A90,1,0,S
CTaskSimpleWaitForBus,GetTaskType,0x00000000,1,0,V
CTaskSimpleWaitForBus,MakeAbortable,0x00000000,1,0,V
CTaskSimpleWaitForBus,ProcessPed,0x00000000,1,0,V
CTaskSimpleUseGun,AbortIK,0x0061DFA0,1,0,S
CTaskSimpleUseGun,AimGun,0x0061ED10,1,0,S
CTaskSimpleUseGun,ClearAnim,0x0061E190,1,0,S
CTaskSimpleUseGun,Clone,0x00000000,1,0,V
CTaskSimpleUseGun,ControlGun,0x0061E040,1,0,S
CTaskSimpleUseGun,ControlGunMove,0x0061E0C0,1,0,S
CTaskSimpleUseGun,FinishGunAnimCB,0x0061F3A0,1,0,S
CTaskSimpleUseGun,FireGun,0x0061EB10,1,0,S
CTaskSimpleUseGun,GetTaskType,0x00000000,1,0,V
CTaskSimpleUseGun,MakeAbortable,0x00000000,1,0,V
CTaskSimpleUseGun,PlayerPassiveControlGun,0x0061E0A0,1,0,S
CTaskSimpleUseGun,ProcessPed,0x00000000,0,1,V
CTaskSimpleUseGun,RemoveStanceAnims,0x0061E8E0,1,0,S
CTaskSimpleUseGun,RequirePistolWhip,0x0061E200,1,0,S
CTaskSimpleUseGun,Reset,0x00624DC0,1,0,S
CTaskSimpleUseGun,SetMoveAnim,0x0061E3F0,1,0,S
CTaskSimpleUseGun,SetPedPosition,0x00000000,1,0,V
CTaskSimpleUseGun,StartAnim,0x00624F30,1,0,S
CTaskSimpleUseGun,StartCountDown,0x0061E160,1,0,S
CTaskSimpleUseAtm,Clone,0x00000000,1,0,V
CTaskSimpleUseAtm,Constructor,0x0048DFE0,1,0,S
CTaskSimpleUseAtm,Destructor,0x0048E960,1,0,S
CTaskSimpleUseAtm,IsInterruptable,0x00000000,1,0,V
CTaskSimpleUninterruptable,Constructor,0x0043E2E0,1,0,S
CTaskSimpleTurn180,Clone,0x00000000,1,0,V
CTaskSimpleTurn180,Constructor,0x00631CC0,1,0,S
CTaskSimpleTurn180,Destructor,0x00631D00,1,0,S
CTaskSimpleTurn180,GetTaskType,0x00000000,1,0,V
CTaskSimpleTurn180,MakeAbortable,0x00000000,1,0,V
CTaskSimpleTurn180,ProcessPed,0x00000000,1,0,V
CTaskSimpleTired,Constructor,0x00630F20,1,0,S
CTaskSimpleTired,Destructor,0x00630F60,1,0,S
CTaskSimpleTired,StartAnim,0x00630F70,1,0,S
CTaskSimpleThrowProjectile,Clone,0x00000000,1,0,V
CTaskSimpleThrowProjectile,Constructor,0x0061F660,1,0,S
CTaskSimpleThrowProjectile,ControlThrow,0x0061F810,1,0,S
CTaskSimpleThrowProjectile,Destructor,0x0061F700,1,0,S
CTaskSimpleThrowProjectile,FinishAnimThrowProjectileCB,0x0061F890,1,0,S
CTaskSimpleThrowProjectile,GetTaskType,0x00000000,1,0,V
CTaskSimpleThrowProjectile,MakeAbortable,0x00000000,1,0,V
CTaskSimpleThrowProjectile,ProcessPed,0x00000000,1,0,V
CTaskSimpleThrowProjectile,StartAnim,0x006259E0,1,0,S
CTaskSimpleThrowControl,Clone,0x00000000,1,0,V
CTaskSimpleThrowControl,Constructor,0x0061F8B0,1,0,S
CTaskSimpleThrowControl,Destructor,0x0061F950,1,0,S
CTaskSimpleThrowControl,GetTaskType,0x00000000,1,0,V
CTaskSimpleThrowControl,MakeAbortable,0x00000000,1,0,V
CTaskSimpleThrowControl,ProcessPed,0x00000000,1,1,V
CTaskSimpleSwim,ApplyRollAndPitch,0x0068A8E0,1,0,S
CTaskSimpleSwim,Constructor,0x00688930,1,0,S
CTaskSimpleSwim,CreateFxSystem,0x0068A9F0,1,0,S
CTaskSimpleSwim,DestroyFxSystem,0x0068AA50,1,0,S
CTaskSimpleSwim,MakeAbortable,0x00000000,1,0,V
CTaskSimpleSwim,ProcessControlAI,0x00689640,1,0,S
CTaskSimpleSwim,ProcessControlInput,0x00688A90,1,0,S
CTaskSimpleSwim,ProcessEffects,0x0068AA70,1,0,S
CTaskSimpleSwim,ProcessPed,0x00000000,1,0,V
CTaskSimpleSwim,ProcessSwimAnims,0x006899F0,1,0,S
CTaskSimpleSwim,ProcessSwimmingResistance,0x0068A1D0,1,0,S
CTaskSimpleStealthKill,Clone,0x00000000,1,0,V
CTaskSimpleStealthKill,Constructor,0x006225F0,1,0,S
CTaskSimpleStealthKill,FinishAnimStealthKillCB,0x00622790,1,0,S
CTaskSimpleStealthKill,GetTaskType,0x00000000,1,0,V
CTaskSimpleStealthKill,MakeAbortable,0x00000000,1,0,V
CTaskSimpleStealthKill,ManageAnim,0x006296D0,1,0,S
CTaskSimpleStealthKill,ProcessPed,0x00000000,1,0,V
CTaskSimpleStandUp,Clone,0x00000000,1,0,V
CTaskSimpleStandUp,Constructor,0x006312E0,1,0,S
CTaskSimpleStandUp,Destructor,0x00631320,1,0,S
CTaskSimpleStandUp,FinishAnimStandUpCB,0x00631400,1,0,S
CTaskSimpleStandUp,GetTaskType,0x00000000,1,0,V
CTaskSimpleStandUp,MakeAbortable,0x00000000,1,0,V
CTaskSimpleStandUp,ProcessPed,0x00000000,1,0,V
CTaskSimpleStandUp,StartAnim,0x00631410,1,0,S
CTaskSimpleStandStill,Constructor,0x0062F310,1,0,S
CTaskSimpleStandStill,MakeAbortable,0x00000000,1,0,V
CTaskSimpleStandStill,ProcessPed,0x00000000,1,0,V
CTaskSimpleSitIdle,Clone,0x00000000,1,0,V
CTaskSimpleSitIdle,Constructor,0x00631160,1,0,S
CTaskSimpleSitIdle,Destructor,0x006311B0,1,0,S
CTaskSimpleSitIdle,GetTaskType,0x00000000,1,0,V
CTaskSimpleSitIdle,MakeAbortable,0x00000000,1,0,V
CTaskSimpleSitIdle,ProcessPed,0x00000000,1,0,V
CTaskSimpleSitIdle,StartAnim,0x00631260,1,0,S
CTaskSimpleSitDown,Clone,0x00000000,1,0,V
CTaskSimpleSitDown,Constructor,0x00631030,1,0,S
CTaskSimpleSitDown,Destructor,0x00631070,1,0,S
CTaskSimpleSitDown,FinishAnimSitDownCB,0x00631150,1,0,S
CTaskSimpleSitDown,GetTaskType,0x00000000,1,0,V
CTaskSimpleSitDown,MakeAbortable,0x00000000,1,0,V
CTaskSimpleSitDown,ProcessPed,0x00000000,1,0,V
CTaskSimpleSitDown,StartAnim,0x006379F0,1,0,S
CTaskSimpleShakeFist,Clone,0x00000000,1,0,V
CTaskSimpleShakeFist,Constructor,0x00690B80,1,0,S
CTaskSimpleShakeFist,Destructor,0x00690BB0,1,0,S
CTaskSimpleShakeFist,FinishAnimShakeFistCB,0x00690C60,1,0,S
CTaskSimpleShakeFist,GetTaskType,0x00000000,1,0,V
CTaskSimpleShakeFist,MakeAbortable,0x00000000,1,0,V
CTaskSimpleShakeFist,ProcessPed,0x00000000,1,0,V
CTaskSimpleShakeFist,StartAnim,0x00692DF0,1,0,S
CTaskSimpleSetPedAsAutoDriver,Clone,0x00000000,1,0,V
CTaskSimpleSetPedAsAutoDriver,Constructor,0x00648F40,1,0,S
CTaskSimpleSetPedAsAutoDriver,Destructor,0x00648FC0,1,0,S
CTaskSimpleSetPedAsAutoDriver,GetTaskType,0x00000000,1,0,V
CTaskSimpleSetPedAsAutoDriver,MakeAbortable,0x00000000,1,0,V
CTaskSimpleSetPedAsAutoDriver,ProcessPed,0x00000000,1,0,V
CTaskSimpleSetKindaStayInSamePlace,Clone,0x00000000,1,0,V
CTaskSimpleSetKindaStayInSamePlace,Constructor,0x0062F610,1,0,S
CTaskSimpleSetKindaStayInSamePlace,Destructor,0x0062F650,1,0,S
CTaskSimpleSetKindaStayInSamePlace,GetTaskType,0x00000000,1,0,V
CTaskSimpleSetKindaStayInSamePlace,MakeAbortable,0x00000000,1,0,V
CTaskSimpleSetKindaStayInSamePlace,ProcessPed,0x00000000,1,0,V
CTaskSimpleSetCharIgnoreWeaponRangeFlag,Clone,0x00000000,1,0,V
CTaskSimpleSetCharIgnoreWeaponRangeFlag,Constructor,0x00474620,1,0,S
CTaskSimpleSetCharIgnoreWeaponRangeFlag,Destructor,0x004748F0,1,0,S
CTaskSimpleSetCharIgnoreWeaponRangeFlag,GetTaskType,0x00000000,1,0,V
CTaskSimpleSetCharIgnoreWeaponRangeFlag,MakeAbortable,0x00000000,1,0,V
CTaskSimpleSetCharIgnoreWeaponRangeFlag,ProcessPed,0x00000000,1,0,V
CTaskSimpleSetCharDecisionMaker,Clone,0x00000000,1,0,V
CTaskSimpleSetCharDecisionMaker,Constructor,0x0046A470,1,0,S
CTaskSimpleSetCharDecisionMaker,Destructor,0x0046AF10,1,0,S
CTaskSimpleSetCharDecisionMaker,GetTaskType,0x00000000,1,0,V
CTaskSimpleSetCharDecisionMaker,MakeAbortable,0x00000000,1,0,V
CTaskSimpleSetCharDecisionMaker,ProcessPed,0x00000000,1,0,V
CTaskSimpleSay,Clone,0x00000000,1,0,V
CTaskSimpleSay,Constructor,0x0048E360,1,0,S
CTaskSimpleSay,Destructor,0x0048E4E0,1,0,S
CTaskSimpleSay,GetTaskType,0x00000000,1,0,V
CTaskSimpleSay,MakeAbortable,0x00000000,1,0,V
CTaskSimpleSay,ProcessPed,0x00000000,1,0,V
CTaskSimpleRunTimedAnim,Clone,0x00000000,1,0,V
CTaskSimpleRunTimedAnim,Constructor-1,0x0061AB70,1,0,S
CTaskSimpleRunTimedAnim,Constructor-2,0x0061ABE0,1,0,S
CTaskSimpleRunTimedAnim,Destructor,0x0048E090,1,0,S
CTaskSimpleRunTimedAnim,GetTaskType,0x00000000,1,0,V
CTaskSimpleRunTimedAnim,ProcessPed,0x00000000,1,0,V
CTaskSimpleRunTimedAnim,StartAnim,0x0061AC50,1,0,S
CTaskSimpleRunNamedAnim,Clone,0x00000000,0,1,V
CTaskSimpleRunNamedAnim,Constructor-Anim,0x0061A990,1,0,S
CTaskSimpleRunNamedAnim,Constructor-Default,0x006674B0,1,0,S
CTaskSimpleRunNamedAnim,Destructor,0x0061BF10,1,0,S
CTaskSimpleRunNamedAnim,GetTaskType,0x00000000,0,1,V
CTaskSimpleRunNamedAnim,OffsetPedPosition,0x0061AB00,1,0,S
CTaskSimpleRunNamedAnim,ProcessPed,0x00000000,0,1,V
CTaskSimpleRunAnim,Clone,0x00000000,1,0,V
CTaskSimpleRunAnim,Constructor,0x0061A8B0,1,0,S
CTaskSimpleRunAnim,Constructor2,0x0061A900,1,0,S
CTaskSimpleRunAnim,ProcessPed,0x00000000,1,0,V
CTaskSimpleRunAnim,StartAnim,0x0061A950,1,0,S
CTaskSimplePutDownEntity,Clone,0x00000000,1,0,V
CTaskSimplePutDownEntity,Constructor,0x00691990,1,0,S
CTaskSimplePutDownEntity,GetTaskType,0x00000000,1,0,V
CTaskSimplePlayerOnFoot,Clone,0x00000000,1,0,V
CTaskSimplePlayerOnFoot,Constructor,0x00685750,1,0,S
CTaskSimplePlayerOnFoot,Destructor,0x006857D0,1,0,S
CTaskSimplePlayerOnFoot,GetTaskType,0x00000000,1,0,V
CTaskSimplePlayerOnFoot,MakeAbortable,0x00000000,1,0,V
CTaskSimplePlayerOnFoot,PlayIdleAnimations,0x006872C0,1,0,S
CTaskSimplePlayerOnFoot,PlayerControlDucked,0x00687F30,1,0,S
CTaskSimplePlayerOnFoot,PlayerControlFighter,0x00687530,0,1,S
CTaskSimplePlayerOnFoot,PlayerControlZelda,0x006883D0,1,0,S
CTaskSimplePlayerOnFoot,PlayerControlZeldaWeapon,0x00687C20,1,0,S
CTaskSimplePlayerOnFoot,ProcessPed,0x00000000,1,0,V
CTaskSimplePlayerOnFoot,ProcessPlayerWeapon,0x006859A0,1,0,S
CTaskSimplePlayerOnFire,Clone,0x00000000,1,0,V
CTaskSimplePlayerOnFire,Constructor,0x00633560,1,0,S
CTaskSimplePlayerOnFire,Destructor,0x006335B0,1,0,S
CTaskSimplePlayerOnFire,GetTaskType,0x00000000,1,0,V
CTaskSimplePlayerOnFire,MakeAbortable,0x00000000,1,0,V
CTaskSimplePlayerOnFire,ProcessPed,0x00000000,1,0,V
CTaskSimplePlayHandSignalAnim,ProcessPed,0x00000000,1,0,V
CTaskSimplePlayHandSignalAnim,StartAnim,0x0061AF60,1,0,S
CTaskSimplePickUpEntity,Clone,0x00000000,1,0,V
CTaskSimplePickUpEntity,Constructor-1,0x00691870,1,0,S
CTaskSimplePickUpEntity,Constructor-2,0x006917B0,1,0,S
CTaskSimplePickUpEntity,GetTaskType,0x00000000,1,0,V
CTaskSimplePickUpBike,Clone,0x00000000,1,0,V
CTaskSimplePickUpBike,Constructor,0x006461B0,1,0,S
CTaskSimplePickUpBike,Destructor,0x00646230,1,0,S
CTaskSimplePickUpBike,FinishAnimPickUpBikeCB,0x006462F0,1,0,S
CTaskSimplePickUpBike,GetTaskType,0x00000000,1,0,V
CTaskSimplePickUpBike,MakeAbortable,0x00000000,1,0,V
CTaskSimplePickUpBike,ProcessPed,0x00000000,1,0,V
CTaskSimplePickUpBike,SetPedPosition,0x00000000,1,0,V
CTaskSimplePickUpBike,StartAnim,0x0064AE90,1,0,S
CTaskSimplePause,Clone,0x00000000,1,0,V
CTaskSimplePause,Constructor,0x0048E750,1,0,S
CTaskSimplePause,MakeAbortable,0x00000000,1,0,V
CTaskSimplePause,ProcessPed,0x00000000,1,0,V
CTaskSimpleLookAbout,Clone,0x00000000,1,0,V
CTaskSimpleLookAbout,Constructor,0x0048E0A0,1,0,S
CTaskSimpleLookAbout,IsInterruptable,0x00000000,1,0,V
CTaskSimpleLeaveGroup,Constructor,0x00463540,1,0,S
CTaskSimpleLeaveGroup,Destructor,0x00463560,1,0,S
CTaskSimpleLand,Constructor,0x00678E90,1,0,S
CTaskSimpleLand,FinishAnimCB,0x00678FA0,1,0,S
CTaskSimpleLand,LeftFootLanded,0x00679010,1,0,S
CTaskSimpleLand,MakeAbortable,0x00000000,1,0,V
CTaskSimpleLand,ProcessPed,0x00000000,1,0,V
CTaskSimpleLand,RightFootLanded,0x00678FE0,1,0,S
CTaskSimpleKillPedWithCar,Clone,0x00000000,1,0,V
CTaskSimpleKillPedWithCar,Constructor,0x00653C10,1,0,S
CTaskSimpleKillPedWithCar,DamageCarBonnet,0x00653CF0,1,0,S
CTaskSimpleKillPedWithCar,Destructor,0x00653C90,1,0,S
CTaskSimpleKillPedWithCar,GetTaskType,0x00000000,1,0,V
CTaskSimpleKillPedWithCar,MakeAbortable,0x00000000,1,0,V
CTaskSimpleKillPedWithCar,ProcessPed,0x00000000,1,0,V
CTaskSimpleJump,CheckIfJumpBlocked,0x0067D590,1,0,S
CTaskSimpleJump,Clone,0x00000000,1,0,V
CTaskSimpleJump,Constructor,0x00679AA0,1,0,S
CTaskSimpleJump,JumpAnimFinishCB,0x0067A020,1,0,S
CTaskSimpleJump,Launch,0x00679B80,1,0,S
CTaskSimpleJump,MakeAbortable,0x00000000,1,0,V
CTaskSimpleJump,ProcessPed,0x00000000,1,0,V
CTaskSimpleJump,StartLaunchAnim,0x0067D7A0,1,0,S
CTaskSimpleJetPack,ApplyRollAndPitch,0x0067B720,1,0,S
CTaskSimpleJetPack,Clone,0x00000000,1,0,V
CTaskSimpleJetPack,Constructor,0x0067B4E0,1,0,S
CTaskSimpleJetPack,Destructor,0x0067E600,1,0,S
CTaskSimpleJetPack,DoJetPackEffect,0x0067B7F0,1,0,S
CTaskSimpleJetPack,DropJetPack,0x0067B660,0,1,S
CTaskSimpleJetPack,GetTaskType,0x00000000,1,0,V
CTaskSimpleJetPack,MakeAbortable,0x00000000,1,0,V
CTaskSimpleJetPack,ProcessAnims,0x0067B5C0,1,0,S
CTaskSimpleJetPack,ProcessControlInput,0x0067E7B0,1,0,S
CTaskSimpleJetPack,ProcessPed,0x00000000,1,0,V
CTaskSimpleJetPack,ProcessThrust,0x0067EF20,1,0,S
CTaskSimpleJetPack,RenderJetPack,0x0067F6A0,1,0,S
CTaskSimpleJetPack,StopJetPackEffect,0x0067BA10,1,0,S
CTaskSimpleInAir,Constructor,0x00678CD0,1,0,S
CTaskSimpleInAir,DeleteAnimCB,0x00678E60,1,0,S
CTaskSimpleInAir,MakeAbortable,0x00000000,1,0,V
CTaskSimpleInAir,ProcessPed,0x00000000,1,0,V
CTaskSimpleIKPointArm,Clone,0x00000000,1,0,V
CTaskSimpleIKPointArm,Constructor,0x00634150,1,0,S
CTaskSimpleIKPointArm,CreateIKChain,0x00000000,1,0,V
CTaskSimpleIKPointArm,Destructor,0x00634240,1,0,S
CTaskSimpleIKPointArm,GetTaskType,0x00000000,1,0,V
CTaskSimpleIKPointArm,UpdatePointArmInfo,0x00634370,1,0,S
CTaskSimpleIKManager,AddIKChainTask,0x00633940,1,0,S
CTaskSimpleIKManager,Clone,0x00000000,1,0,V
CTaskSimpleIKManager,Constructor,0x006337F0,1,0,S
CTaskSimpleIKManager,Destructor,0x00633830,1,0,S
CTaskSimpleIKManager,GetTaskAtSlot,0x006339B0,1,0,S
CTaskSimpleIKManager,GetTaskType,0x00000000,1,0,V
CTaskSimpleIKManager,MakeAbortable,0x00000000,1,0,V
CTaskSimpleIKManager,ProcessPed,0x00000000,1,0,V
CTaskSimpleIKLookAt,Clone,0x00000000,1,0,V
CTaskSimpleIKLookAt,Constructor,0x00633E00,1,0,S
CTaskSimpleIKLookAt,CreateIKChain,0x00000000,1,0,V
CTaskSimpleIKLookAt,Destructor-,0x00633EF0,1,0,S
CTaskSimpleIKLookAt,GetLookAtEntity,0x00634120,1,0,S
CTaskSimpleIKLookAt,GetLookAtOffset,0x00634130,1,0,S
CTaskSimpleIKLookAt,GetTaskType,0x00000000,1,0,V
CTaskSimpleIKLookAt,UpdateLookAtInfo,0x00634050,1,0,S
CTaskSimpleIKChain,BlendOut,0x00633C40,1,0,S
CTaskSimpleIKChain,Clone,0x00000000,1,0,V
CTaskSimpleIKChain,Constructor,0x006339C0,1,0,S
CTaskSimpleIKChain,CreateIKChain,0x00000000,1,0,V
CTaskSimpleIKChain,Destructor,0x00633A90,1,0,S
CTaskSimpleIKChain,GetIKChain,0x00633C70,1,0,S
CTaskSimpleIKChain,GetTaskType,0x00000000,1,0,V
CTaskSimpleIKChain,MakeAbortable,0x00000000,1,0,V
CTaskSimpleIKChain,ProcessPed,0x00000000,1,0,V
CTaskSimpleHurtPedWithCar,Clone,0x00000000,1,0,V
CTaskSimpleHurtPedWithCar,Constructor,0x00653EA0,1,0,S
CTaskSimpleHurtPedWithCar,Destructor,0x00653F30,1,0,S
CTaskSimpleHurtPedWithCar,GetTaskType,0x00000000,1,0,V
CTaskSimpleHurtPedWithCar,MakeAbortable,0x00000000,1,0,V
CTaskSimpleHurtPedWithCar,ProcessPed,0x00000000,1,0,V
CTaskSimpleHoldEntity,CanThrowEntity,0x00691700,1,0,S
CTaskSimpleHoldEntity,ChoosePutDownHeight,0x00693440,1,0,S
CTaskSimpleHoldEntity,Clone,0x00000000,1,0,V
CTaskSimpleHoldEntity,Constructor-1,0x006913A0,1,0,S
CTaskSimpleHoldEntity,Constructor-2,0x00691470,1,0,S
CTaskSimpleHoldEntity,Constructor-3,0x00691550,1,0,S
CTaskSimpleHoldEntity,DropEntity,0x006930F0,1,0,S
CTaskSimpleHoldEntity,FinishAnimHoldEntityCB,0x00691740,1,0,S
CTaskSimpleHoldEntity,MakeAbortable,0x00000000,1,0,V
CTaskSimpleHoldEntity,PlayAnim,0x00691720,1,0,S
CTaskSimpleHoldEntity,ProcessPed,0x00000000,1,0,V
CTaskSimpleHoldEntity,ReleaseEntity,0x006916E0,1,0,S
CTaskSimpleHoldEntity,SetPedPosition,0x00000000,1,0,V
CTaskSimpleHoldEntity,StartAnim,0x00692FF0,1,0,S
CTaskSimpleHitWall,Clone,0x00000000,1,0,V
CTaskSimpleHitWall,Constructor,0x00652F90,1,0,S
CTaskSimpleHitWall,IsInterruptable,0x00000000,1,0,V
CTaskSimpleHitHead,Constructor,0x00653060,1,0,S
CTaskSimpleHitHead,FinishAnimCB,0x00653150,1,0,S
CTaskSimpleHitHead,MakeAbortable,0x00000000,1,0,V
CTaskSimpleHitHead,ProcessPed,0x00000000,1,0,V
CTaskSimpleHitFromRight,Clone,0x00000000,1,0,V
CTaskSimpleHitFromRight,Constructor,0x0062EDC0,1,0,S
CTaskSimpleHitFromRight,IsInterruptable,0x00000000,1,0,V
CTaskSimpleHitFromLeft,Clone,0x00000000,1,0,V
CTaskSimpleHitFromLeft,Constructor,0x0062ED10,1,0,S
CTaskSimpleHitFromLeft,IsInterruptable,0x00000000,1,0,V
CTaskSimpleHitFromFront,Clone,0x00000000,1,0,V
CTaskSimpleHitFromFront,Constructor,0x00637250,1,0,S
CTaskSimpleHitFromFront,IsInterruptable,0x00000000,1,0,V
CTaskSimpleHitFromBehind,Clone,0x00000000,1,0,V
CTaskSimpleHitFromBehind,Constructor,0x00652EE0,1,0,S
CTaskSimpleHitFromBehind,IsInterruptable,0x00000000,1,0,V
CTaskSimpleHitFromBack,Clone,0x00000000,1,0,V
CTaskSimpleHitFromBack,Constructor,0x0062EC60,1,0,S
CTaskSimpleHitFromBack,IsInterruptable,0x00000000,1,0,V
CTaskSimpleHitByGunFromRight,Clone,0x00000000,1,0,V
CTaskSimpleHitByGunFromRight,Constructor,0x0062F080,1,0,S
CTaskSimpleHitByGunFromRight,IsInterruptable,0x00000000,1,0,V
CTaskSimpleHitByGunFromRear,Clone,0x00000000,1,0,V
CTaskSimpleHitByGunFromRear,Constructor,0x0062EF20,1,0,S
CTaskSimpleHitByGunFromRear,IsInterruptable,0x00000000,1,0,V
CTaskSimpleHitByGunFromLeft,Clone,0x00000000,1,0,V
CTaskSimpleHitByGunFromLeft,Constructor,0x0062EFD0,1,0,S
CTaskSimpleHitByGunFromLeft,IsInterruptable,0x00000000,1,0,V
CTaskSimpleHitByGunFromFront,Clone,0x00000000,1,0,V
CTaskSimpleHitByGunFromFront,Constructor,0x0062EE70,1,0,S
CTaskSimpleHitByGunFromFront,IsInterruptable,0x00000000,1,0,V
CTaskSimpleHandsUp,Clone,0x00000000,1,0,V
CTaskSimpleHandsUp,Constructor,0x0048E970,1,0,S
CTaskSimpleHandsUp,Destructor,0x0048EA60,1,0,S
CTaskSimpleHandsUp,IsInterruptable,0x00000000,1,0,V
CTaskSimpleGunControl,Clone,0x00000000,1,0,V
CTaskSimpleGunControl,Constructor,0x0061F3F0,1,0,S
CTaskSimpleGunControl,Destructor,0x0061F4D0,1,0,S
CTaskSimpleGunControl,GetTaskType,0x00000000,1,0,V
CTaskSimpleGunControl,MakeAbortable,0x00000000,1,0,V
CTaskSimpleGunControl,ProcessPed,0x00000000,1,0,V
CTaskSimpleGoToPointFine,BaseRatio,0x0065EF30,1,0,S
CTaskSimpleGoToPointFine,Clone,0x00000000,1,0,V
CTaskSimpleGoToPointFine,Constructor,0x0065EEB0,1,0,S
CTaskSimpleGoToPointFine,Finish,0x0065EF00,1,0,S
CTaskSimpleGoToPointFine,MakeAbortable,0x00000000,1,0,V
CTaskSimpleGoToPointFine,ProcessPed,0x00000000,1,0,V
CTaskSimpleGoToPointFine,SetBlendedMoveAnim,0x0065EF80,1,0,S
CTaskSimpleGoToPointFine,SetTargetPos,0x0065F330,1,0,S
CTaskSimpleGoToPoint,Clone,0x00000000,1,0,V
CTaskSimpleGoToPoint,Constructor,0x00667CD0,1,0,S
CTaskSimpleGoToPoint,GetTaskType,0x00000000,1,0,V
CTaskSimpleGoToPoint,MakeAbortable,0x00000000,1,0,V
CTaskSimpleGoToPoint,ProcessPed,0x00000000,1,0,V
CTaskSimpleGoToPoint,UpdatePoint,0x00645700,1,0,S
CTaskSimpleGoTo,Constructor,0x006679C0,1,0,S
CTaskSimpleGoTo,HasCircledTarget,0x00667A10,1,0,S
CTaskSimpleGoTo,QuitIK,0x00667CA0,1,0,S
CTaskSimpleGoTo,SetUpIK,0x00667AD0,1,0,S
CTaskSimpleGiveCPR,Clone,0x00000000,1,0,V
CTaskSimpleGiveCPR,Constructor,0x00658860,1,0,S
CTaskSimpleGiveCPR,FinishGiveCPRAnimCB,0x00658910,1,0,S
CTaskSimpleGiveCPR,MakeAbortable,0x00000000,1,0,V
CTaskSimpleGiveCPR,ProcessPed,0x00000000,1,0,V
CTaskSimpleGiveCPR,ReviveDeadPed,0x00658900,1,0,S
CTaskSimpleGetUp,Constructor,0x00677F50,1,0,S
CTaskSimpleGetUp,FinishGetUpAnimCB,0x00678110,1,0,S
CTaskSimpleGetUp,MakeAbortable,0x00000000,1,0,V
CTaskSimpleGetUp,ProcessPed,0x00000000,1,0,V
CTaskSimpleGetUp,StartAnim,0x0067C770,1,0,S
CTaskSimpleFinishBrain,Clone,0x00000000,1,0,V
CTaskSimpleFinishBrain,GetTaskType,0x00000000,1,0,V
CTaskSimpleFightingControl,CalcMoveCommand,0x00624B50,1,0,S
CTaskSimpleFightingControl,Clone,0x00000000,1,0,V
CTaskSimpleFightingControl,Constructor,0x0061DC10,1,0,S
CTaskSimpleFightingControl,Destructor,0x0061DCA0,1,0,S
CTaskSimpleFightingControl,GetTaskType,0x00000000,1,0,V
CTaskSimpleFightingControl,MakeAbortable,0x00000000,1,0,V
CTaskSimpleFightingControl,ProcessPed,0x00000000,0,1,V
CTaskSimpleFall,Constructor,0x006782C0,1,0,S
CTaskSimpleFall,FinishFallAnimCB,0x006786B0,1,0,S
CTaskSimpleFall,MakeAbortable,0x00000000,1,0,V
CTaskSimpleFall,ProcessFall,0x006784C0,1,0,S
CTaskSimpleFall,ProcessPed,0x00000000,1,0,V
CTaskSimpleFall,StartAnim,0x0067CA40,1,0,S
CTaskSimpleFacial,Clone,0x00000000,1,0,V
CTaskSimpleFacial,GetAnimId,0x00690CC0,1,0,S
CTaskSimpleFacial,GetTaskType,0x00000000,1,0,V
CTaskSimpleFacial,MakeAbortable,0x00000000,1,0,V
CTaskSimpleFacial,ProcessPed,0x00000000,1,0,V
CTaskSimpleDuckToggle,Clone,0x00000000,1,0,V
CTaskSimpleDuckToggle,Constructor,0x0062F690,1,0,S
CTaskSimpleDuckToggle,Destructor,0x0062F6D0,1,0,S
CTaskSimpleDuckToggle,GetTaskType,0x00000000,1,0,V
CTaskSimpleDuckToggle,MakeAbortable,0x00000000,1,0,V
CTaskSimpleDuckToggle,ProcessPed,0x00000000,1,0,V
CTaskSimpleDuck,CanPedDuck,0x00692610,1,0,S
CTaskSimpleDuck,Clone,0x00000000,1,0,V
CTaskSimpleDuck,Constructor,0x00691FC0,1,0,S
CTaskSimpleDuck,ControlDuckMove,0x006923F0,1,0,S
CTaskSimpleDuck,DeleteDuckAnimCB,0x00692550,1,0,S
CTaskSimpleDuck,Destructor,0x00692030,1,0,S
CTaskSimpleDuck,ForceStopMove,0x006924B0,1,0,S
CTaskSimpleDuck,GetTaskType,0x00000000,1,0,V
CTaskSimpleDuck,IsTaskInUseByOtherTasks,0x0061C3D0,1,0,S
CTaskSimpleDuck,MakeAbortable,0x00000000,1,0,V
CTaskSimpleDuck,ProcessPed,0x00000000,1,0,V
CTaskSimpleDuck,RestartTask,0x00692390,1,0,S
CTaskSimpleDuck,SetControlType,0x006924F0,1,0,S
CTaskSimpleDuck,SetDuckTimer,0x00692530,1,0,S
CTaskSimpleDuck,SetMoveAnim,0x006939F0,1,0,S
CTaskSimpleDrownInCar,ProcessPed,0x00000000,1,0,V
CTaskSimpleDrown,ProcessPed,0x00000000,1,0,V
CTaskSimpleDie,Constructor-1,0x0062FA00,1,0,S
CTaskSimpleDie,Constructor-2,0x0062FA60,1,0,S
CTaskSimpleDie,Constructor-3,0x0062FAF0,1,0,S
CTaskSimpleDie,FinishAnimDieCB,0x0062FC10,1,0,S
CTaskSimpleDie,MakeAbortable,0x00000000,1,0,V
CTaskSimpleDie,ProcessPed,0x00000000,1,0,V
CTaskSimpleDie,StartAnim,0x00637520,1,0,S
CTaskSimpleCreateCarAndGetIn,Clone,0x00000000,1,0,V
CTaskSimpleCreateCarAndGetIn,Constructor,0x006493E0,1,0,S
CTaskSimpleCreateCarAndGetIn,Destructor,0x0064CEA0,1,0,S
CTaskSimpleCreateCarAndGetIn,GetTaskType,0x00000000,1,0,V
CTaskSimpleCreateCarAndGetIn,MakeAbortable,0x00000000,1,0,V
CTaskSimpleCreateCarAndGetIn,ProcessPed,0x00000000,1,0,V
CTaskSimpleCower,Clone,0x00000000,1,0,V
CTaskSimpleCower,Constructor,0x0048DE70,1,0,S
CTaskSimpleCower,Destructor,0x0048E900,1,0,S
CTaskSimpleCower,IsInterruptable,0x00000000,1,0,V
CTaskSimpleClimb,Constructor,0x0067A110,1,0,S
CTaskSimpleClimb,CreateColModel,0x0067A890,1,0,S
CTaskSimpleClimb,DeleteAnimCB,0x0067A380,1,0,S
CTaskSimpleClimb,GetCameraStickModifier,0x0067A5D0,1,0,S
CTaskSimpleClimb,GetCameraTargetPos,0x0067A390,1,0,S
CTaskSimpleClimb,MakeAbortable,0x00000000,1,0,V
CTaskSimpleClimb,ProcessPed,0x00000000,1,0,V
CTaskSimpleClimb,ScanToGrab,0x0067FD30,1,0,S
CTaskSimpleClimb,ScanToGrabSectorList<CPtrListSingleLink<CPhysical*>>,0x0067DE10,1,0,S
CTaskSimpleClimb,Shutdown,0x0067A250,1,0,S
CTaskSimpleClimb,StartAnim,0x0067DBE0,1,0,S
CTaskSimpleClimb,StartSpeech,0x0067A320,1,0,S
CTaskSimpleClimb,TestForClimb,0x006803A0,1,0,S
CTaskSimpleClimb,TestForStandUp,0x00680570,1,0,S
CTaskSimpleClimb,TestForVault,0x006804D0,1,0,S
CTaskSimpleClearLookAt,Clone,0x00000000,1,0,V
CTaskSimpleClearLookAt,Constructor,0x00634670,1,0,S
CTaskSimpleClearLookAt,Destructor,0x006346A0,1,0,S
CTaskSimpleClearLookAt,GetTaskType,0x00000000,1,0,V
CTaskSimpleClearLookAt,MakeAbortable,0x00000000,1,0,V
CTaskSimpleClearLookAt,ProcessPed,0x00000000,1,0,V
CTaskSimpleChoking,Clone,0x00000000,1,0,V
CTaskSimpleChoking,Constructor,0x006202C0,1,0,S
CTaskSimpleChoking,Destructor,0x00620370,1,0,S
CTaskSimpleChoking,GetTaskType,0x00000000,1,0,V
CTaskSimpleChoking,MakeAbortable,0x00000000,0,1,V
CTaskSimpleChoking,ProcessPed,0x00000000,0,1,V
CTaskSimpleChoking,UpdateChoke,0x00620660,1,0,S
CTaskSimpleCarWaitToSlowDown,Clone,0x00000000,1,0,V
CTaskSimpleCarWaitToSlowDown,Constructor,0x00646990,1,0,S
CTaskSimpleCarWaitToSlowDown,Destructor,0x00646A00,1,0,S
CTaskSimpleCarWaitToSlowDown,GetTaskType,0x00000000,1,0,V
CTaskSimpleCarWaitToSlowDown,MakeAbortable,0x00000000,1,0,V
CTaskSimpleCarWaitToSlowDown,ProcessPed,0x00000000,1,0,V
CTaskSimpleCarWaitForDoorNotToBeInUse,Clone,0x00000000,1,0,V
CTaskSimpleCarWaitForDoorNotToBeInUse,Constructor,0x00646B70,1,0,S
CTaskSimpleCarWaitForDoorNotToBeInUse,Destructor,0x00646C00,1,0,S
CTaskSimpleCarWaitForDoorNotToBeInUse,GetTaskType,0x00000000,1,0,V
CTaskSimpleCarWaitForDoorNotToBeInUse,MakeAbortable,0x00000000,1,0,V
CTaskSimpleCarWaitForDoorNotToBeInUse,ProcessPed,0x00000000,1,0,V
CTaskSimpleCarWaitForDoorNotToBeInUse,SetPedPosition,0x00000000,1,0,V
CTaskSimpleCarSlowDragPedOut,Clone,0x00000000,1,0,V
CTaskSimpleCarSlowDragPedOut,ComputeAnimID_Wrapper,0x00648100,1,0,S
CTaskSimpleCarSlowDragPedOut,Constructor,0x00647FE0,1,0,S
CTaskSimpleCarSlowDragPedOut,Destructor,0x00648070,1,0,S
CTaskSimpleCarSlowDragPedOut,FinishAnimCarSlowDragPedOutCB,0x00648180,1,0,S
CTaskSimpleCarSlowDragPedOut,GetTaskType,0x00000000,1,0,V
CTaskSimpleCarSlowDragPedOut,MakeAbortable,0x00000000,1,0,V
CTaskSimpleCarSlowDragPedOut,ProcessPed,0x00000000,1,0,V
CTaskSimpleCarSlowDragPedOut,SetPedPosition,0x00000000,1,0,V
CTaskSimpleCarSlowDragPedOut,StartAnim,0x0064C010,1,0,S
CTaskSimpleCarSlowBeDraggedOut,Clone,0x00000000,1,0,V
CTaskSimpleCarSlowBeDraggedOut,Constructor,0x00648230,1,0,S
CTaskSimpleCarSlowBeDraggedOut,Destructor,0x006482C0,1,0,S
CTaskSimpleCarSlowBeDraggedOut,FinishAnimCarSlowBeDraggedOutCB,0x006483A0,1,0,S
CTaskSimpleCarSlowBeDraggedOut,GetTaskType,0x00000000,1,0,V
CTaskSimpleCarSlowBeDraggedOut,MakeAbortable,0x00000000,1,0,V
CTaskSimpleCarSlowBeDraggedOut,ProcessPed,0x00000000,1,0,V
CTaskSimpleCarSlowBeDraggedOut,SetPedPosition,0x00000000,1,0,V
CTaskSimpleCarSlowBeDraggedOut,StartAnim,0x0064C190,1,0,S
CTaskSimpleCarShuffle,Clone,0x00000000,1,0,V
CTaskSimpleCarShuffle,Constructor,0x00646810,1,0,S
CTaskSimpleCarShuffle,Destructor,0x00646890,1,0,S
CTaskSimpleCarShuffle,FinishAnimCarShuffleCB,0x00646970,1,0,S
CTaskSimpleCarShuffle,GetTaskType,0x00000000,1,0,V
CTaskSimpleCarShuffle,MakeAbortable,0x00000000,1,0,V
CTaskSimpleCarShuffle,ProcessPed,0x00000000,1,0,V
CTaskSimpleCarShuffle,SetPedPosition,0x00000000,1,0,V
CTaskSimpleCarShuffle,StartAnim,0x0064B3E0,1,0,S
CTaskSimpleCarSetTempAction,Clone,0x00000000,1,0,V
CTaskSimpleCarSetTempAction,Constructor,0x0063D6F0,1,0,S
CTaskSimpleCarSetTempAction,Destructor,0x0063D730,1,0,S
CTaskSimpleCarSetTempAction,GetTaskType,0x00000000,1,0,V
CTaskSimpleCarSetTempAction,MakeAbortable,0x00000000,1,0,V
CTaskSimpleCarSetTempAction,ProcessPed,0x00000000,1,0,V
CTaskSimpleCarSetPedSlowDraggedOut,Clone,0x00000000,1,0,V
CTaskSimpleCarSetPedSlowDraggedOut,Constructor,0x006483B0,1,0,S
CTaskSimpleCarSetPedSlowDraggedOut,Destructor,0x00648430,1,0,S
CTaskSimpleCarSetPedSlowDraggedOut,GetTaskType,0x00000000,1,0,V
CTaskSimpleCarSetPedSlowDraggedOut,MakeAbortable,0x00000000,1,0,V
CTaskSimpleCarSetPedSlowDraggedOut,ProcessPed,0x00000000,1,0,V
CTaskSimpleCarOpenLockedDoorFromOutside,Clone,0x00000000,1,0,V
CTaskSimpleCarOpenLockedDoorFromOutside,Constructor,0x00646070,1,0,S
CTaskSimpleCarOpenLockedDoorFromOutside,Destructor,0x006460F0,1,0,S
CTaskSimpleCarOpenLockedDoorFromOutside,FinishAnimCarOpenLockedDoorFromOutsideCB,0x006461A0,1,0,S
CTaskSimpleCarOpenLockedDoorFromOutside,GetTaskType,0x00000000,1,0,V
CTaskSimpleCarOpenLockedDoorFromOutside,MakeAbortable,0x00000000,1,0,V
CTaskSimpleCarOpenLockedDoorFromOutside,ProcessPed,0x00000000,1,0,V
CTaskSimpleCarOpenLockedDoorFromOutside,SetPedPosition,0x00000000,1,0,V
CTaskSimpleCarOpenLockedDoorFromOutside,StartAnim,0x0064AE00,1,0,S
CTaskSimpleCarOpenDoorFromOutside,Clone,0x00000000,1,0,V
CTaskSimpleCarOpenDoorFromOutside,ComputeAnimID_ToHook,0x00645FA0,1,0,S
CTaskSimpleCarOpenDoorFromOutside,Constructor,0x00645E50,1,0,S
CTaskSimpleCarOpenDoorFromOutside,Destructor,0x00645EE0,1,0,S
CTaskSimpleCarOpenDoorFromOutside,FinishAnimCarOpenDoorFromOutsideCB,0x00646020,1,0,S
CTaskSimpleCarOpenDoorFromOutside,GetTaskType,0x00000000,1,0,V
CTaskSimpleCarOpenDoorFromOutside,MakeAbortable,0x00000000,1,0,V
CTaskSimpleCarOpenDoorFromOutside,ProcessPed,0x00000000,1,0,V
CTaskSimpleCarOpenDoorFromOutside,SetPedPosition,0x00000000,1,0,V
CTaskSimpleCarOpenDoorFromOutside,StartAnim,0x0064AD90,1,0,S
CTaskSimpleCarJumpOut,Clone,0x00000000,1,0,V
CTaskSimpleCarJumpOut,ComputeAnimID_ToHook,0x00647690,1,0,S
CTaskSimpleCarJumpOut,Constructor,0x0064BE40,1,0,S
CTaskSimpleCarJumpOut,Destructor,0x00647490,1,0,S
CTaskSimpleCarJumpOut,FinishAnimCarJumpOutCB,0x00647700,1,0,S
CTaskSimpleCarJumpOut,GetTaskType,0x00000000,1,0,V
CTaskSimpleCarJumpOut,MakeAbortable,0x00000000,1,0,V
CTaskSimpleCarJumpOut,ProcessPed,0x00000000,1,0,V
CTaskSimpleCarJumpOut,SetPedPosition,0x00000000,1,0,V
CTaskSimpleCarJumpOut,StartAnim,0x0064BF00,1,0,S
CTaskSimpleCarGoToPointNearDoorUntilDoorNotInUse,Clone,0x00000000,1,0,V
CTaskSimpleCarGoToPointNearDoorUntilDoorNotInUse,Constructor,0x00646D70,1,0,S
CTaskSimpleCarGoToPointNearDoorUntilDoorNotInUse,Destructor,0x00646E50,1,0,S
CTaskSimpleCarGoToPointNearDoorUntilDoorNotInUse,GetTaskType,0x00000000,1,0,V
CTaskSimpleCarGoToPointNearDoorUntilDoorNotInUse,MakeAbortable,0x00000000,1,0,V
CTaskSimpleCarGoToPointNearDoorUntilDoorNotInUse,ProcessPed,0x00000000,1,0,V
CTaskSimpleCarGetOut,Clone,0x00000000,1,0,V
CTaskSimpleCarGetOut,ComputeAnimID_ToHook,0x00647330,1,0,S
CTaskSimpleCarGetOut,Constructor,0x006471D0,1,0,S
CTaskSimpleCarGetOut,Destructor,0x00647260,1,0,S
CTaskSimpleCarGetOut,FinishAnimCarGetOutCB,0x00647480,1,0,S
CTaskSimpleCarGetOut,GetTaskType,0x00000000,1,0,V
CTaskSimpleCarGetOut,MakeAbortable,0x00000000,1,0,V
CTaskSimpleCarGetOut,ProcessPed,0x00000000,1,0,V
CTaskSimpleCarGetOut,SetPedPosition,0x00000000,1,0,V
CTaskSimpleCarGetOut,StartAnim,0x0064BDE0,1,0,S
CTaskSimpleCarGetIn,Clone,0x00000000,1,0,V
CTaskSimpleCarGetIn,Constructor,0x00646690,1,0,S
CTaskSimpleCarGetIn,Destructor,0x00646710,1,0,S
CTaskSimpleCarGetIn,FinishAnimCarGetInCB,0x006467F0,1,0,S
CTaskSimpleCarGetIn,GetTaskType,0x00000000,1,0,V
CTaskSimpleCarGetIn,MakeAbortable,0x00000000,1,0,V
CTaskSimpleCarGetIn,ProcessPed,0x00000000,1,0,V
CTaskSimpleCarGetIn,SetPedPosition,0x00000000,1,0,V
CTaskSimpleCarGetIn,StartAnim,0x0064B2D0,1,0,S
CTaskSimpleCarDrive,Clone,0x00000000,1,0,V
CTaskSimpleCarDrive,Constructor,0x0063C340,1,0,S
CTaskSimpleCarDrive,Destructor,0x0063C460,1,0,S
CTaskSimpleCarDrive,GetTaskType,0x00000000,1,0,V
CTaskSimpleCarDrive,MakeAbortable,0x00000000,0,1,V
CTaskSimpleCarDrive,ProcessArmBopping,0x00642AE0,0,1,S
CTaskSimpleCarDrive,ProcessBopping,0x00642E70,1,0,S
CTaskSimpleCarDrive,ProcessHeadBopping,0x006428C0,0,1,S
CTaskSimpleCarDrive,ProcessPed,0x00000000,0,1,V
CTaskSimpleCarDrive,SetPedPosition,0x00000000,0,1,V
CTaskSimpleCarDrive,StartBopping,0x00642760,0,1,S
CTaskSimpleCarDrive,TriggerIK,0x0063C500,1,0,S
CTaskSimpleCarDrive,UpdateBopping,0x0063C900,1,0,S
CTaskSimpleCarCloseDoorFromOutside,Clone,0x00000000,1,0,V
CTaskSimpleCarCloseDoorFromOutside,ComputeAnimID,0x00646600,1,0,S
CTaskSimpleCarCloseDoorFromOutside,Constructor,0x006464F0,1,0,S
CTaskSimpleCarCloseDoorFromOutside,Destructor,0x00646570,1,0,S
CTaskSimpleCarCloseDoorFromOutside,FinishAnimCarCloseDoorFromOutsideCB,0x00646680,1,0,S
CTaskSimpleCarCloseDoorFromOutside,GetTaskType,0x00000000,1,0,V
CTaskSimpleCarCloseDoorFromOutside,MakeAbortable,0x00000000,1,0,V
CTaskSimpleCarCloseDoorFromOutside,ProcessPed,0x00000000,1,0,V
CTaskSimpleCarCloseDoorFromOutside,SetPedPosition,0x00000000,1,0,V
CTaskSimpleCarCloseDoorFromOutside,StartAnim,0x0064B080,1,0,S
CTaskSimpleCarCloseDoorFromInside,Clone,0x00000000,1,0,V
CTaskSimpleCarCloseDoorFromInside,ComputeAnimID,0x00646410,1,0,S
CTaskSimpleCarCloseDoorFromInside,Constructor,0x00646300,1,0,S
CTaskSimpleCarCloseDoorFromInside,Destructor,0x00646380,1,0,S
CTaskSimpleCarCloseDoorFromInside,FinishAnimCarCloseDoorFromInsideCB,0x00646490,1,0,S
CTaskSimpleCarCloseDoorFromInside,GetTaskType,0x00000000,1,0,V
CTaskSimpleCarCloseDoorFromInside,MakeAbortable,0x00000000,1,0,V
CTaskSimpleCarCloseDoorFromInside,ProcessPed,0x00000000,1,0,V
CTaskSimpleCarCloseDoorFromInside,SetPedPosition,0x00000000,1,0,V
CTaskSimpleCarCloseDoorFromInside,StartAnim,0x0064AFB0,1,0,S
CTaskSimpleCarAlign,Clone,0x00000000,1,0,V
CTaskSimpleCarAlign,Constructor,0x00645B40,1,0,S
CTaskSimpleCarAlign,Destructor,0x00645BE0,1,0,S
CTaskSimpleCarAlign,FinishAnimCarAlignCB,0x00645E40,1,0,S
CTaskSimpleCarAlign,FixHeading,0x00645CB0,1,0,S
CTaskSimpleCarAlign,GetTaskType,0x00000000,1,0,V
CTaskSimpleCarAlign,MakeAbortable,0x00000000,1,0,V
CTaskSimpleCarAlign,ProcessPed,0x00000000,1,0,V
CTaskSimpleCarAlign,SetPedPosition,0x00000000,1,0,V
CTaskSimpleCarAlign,StartAnim,0x0064AC00,1,0,S
CTaskSimpleBikeJacked,Clone,0x00000000,1,0,V
CTaskSimpleBikeJacked,Constructor,0x00648B90,1,0,S
CTaskSimpleBikeJacked,Destructor,0x00648C40,1,0,S
CTaskSimpleBikeJacked,FinishAnimBikeHitCB,0x00648D30,1,0,S
CTaskSimpleBikeJacked,GetTaskType,0x00000000,1,0,V
CTaskSimpleBikeJacked,MakeAbortable,0x00000000,1,0,V
CTaskSimpleBikeJacked,ProcessPed,0x00000000,1,0,V
CTaskSimpleBikeJacked,SetPedPosition,0x00000000,1,0,V
CTaskSimpleBeHit,Clone,0x00000000,1,0,V
CTaskSimpleBeHit,Constructor,0x00620780,1,0,S
CTaskSimpleBeHit,Destructor,0x00620810,1,0,S
CTaskSimpleBeHit,FinishAnimBeHitCB,0x00620900,1,0,S
CTaskSimpleBeHit,GetTaskType,0x00000000,1,0,V
CTaskSimpleBeHit,MakeAbortable,0x00000000,1,0,V
CTaskSimpleBeHit,ProcessPed,0x00000000,1,0,V
CTaskSimpleBeHit,StartAnim,0x00620910,1,0,S
CTaskSimpleArrestPed,MakeAbortable,0x00000000,1,0,V
CTaskSimpleArrestPed,ProcessPed,0x00000000,1,0,V
CTaskSimpleArrestPed,StartAnim,0x0068B7E0,1,0,S
CTaskSimpleAnim,MakeAbortable,0x00000000,1,0,V
CTaskSimpleAffectSecondaryBehaviour,Clone,0x00000000,1,0,V
CTaskSimpleAffectSecondaryBehaviour,Constructor,0x00691270,1,0,S
CTaskSimpleAffectSecondaryBehaviour,GetTaskType,0x00000000,1,0,V
CTaskSimpleAffectSecondaryBehaviour,MakeAbortable,0x00000000,1,0,V
CTaskSimpleAffectSecondaryBehaviour,ProcessPed,0x00000000,1,0,V
CTaskSimpleAchieveHeading,Clone,0x00000000,1,0,V
CTaskSimpleAchieveHeading,GetTaskType,0x00000000,1,0,V
CTaskSimpleAchieveHeading,MakeAbortable,0x00000000,1,0,V
CTaskSimpleAchieveHeading,ProcessPed,0x00000000,1,0,V
CTaskSimpleAchieveHeading,SetUpIK,0x00667F20,1,0,S
CTaskLeanOnVehicle,Constructor,0x00660F90,1,0,S
CTaskLeanOnVehicle,Destructor,0x00661030,1,0,S
CTaskLeanOnVehicle,FinishAnimCB,0x00661160,1,0,S
CTaskLeanOnVehicle,MakeAbortable,0x00000000,0,1,V
CTaskLeanOnVehicle,ProcessPed,0x00000000,0,1,V
CTaskGoToVehicleAndLean,Clone,0x006621B0,0,1,S
CTaskGoToVehicleAndLean,Constructor,0x00660E60,1,0,S
CTaskGoToVehicleAndLean,ControlSubTask,0x00664E60,0,1,S
CTaskGoToVehicleAndLean,CreateFirstSubTask,0x00664D40,0,1,S
CTaskGoToVehicleAndLean,CreateNextSubTask,0x00664590,0,1,S
CTaskGoToVehicleAndLean,Destructor,0x00660EE0,1,0,S
CTaskGoToVehicleAndLean,MakeAbortable,0x00664500,0,1,S
CTaskGangHassleVehicle,CalcTargetOffset,0x006641A0,0,1,S
CTaskGangHassleVehicle,Clone,0x0065FC00,0,1,S
CTaskGangHassleVehicle,Constructor,0x0065FAC0,1,0,S
CTaskGangHassleVehicle,ControlSubTask,0x006637C0,0,1,S
CTaskGangHassleVehicle,CreateFirstSubTask,0x00664BA0,0,1,S
CTaskGangHassleVehicle,CreateNextSubTask,0x0065FC80,0,1,S
CTaskGangHassleVehicle,Destructor,0x0065FB60,1,0,S
CTaskGangHassleVehicle,GetTargetHeading,0x0065FDD0,0,1,S
CTaskGangHasslePed,Constructor,0x0065FED0,1,0,S
CTaskGangHasslePed,ControlSubTask,0x00000000,0,1,V
CTaskGangHasslePed,CreateFirstSubTask,0x00000000,0,1,V
CTaskGangHasslePed,CreateNextSubTask,0x00000000,0,1,V
CTaskGangHasslePed,Destructor,0x0065FF60,1,0,S
CTaskComplexWanderFlee,Clone,0x00000000,1,0,V
CTaskComplexWanderFlee,Constructor,0x0065B320,1,0,S
CTaskComplexWanderFlee,ControlSubTask,0x00000000,1,0,V
CTaskComplexWanderFlee,Destructor,0x0065B370,1,0,S
CTaskComplexWanderFlee,GetWanderType,0x00000000,1,0,V
CTaskComplexWanderFlee,ScanForStuff,0x00000000,1,0,V
CTaskComplexWanderCop,Constructor,0x00460C80,1,0,S
CTaskComplexWanderCop,ControlSubTask,0x00000000,1,0,V
CTaskComplexWanderCop,CreateFirstSubTask,0x00000000,1,0,V
CTaskComplexWanderCop,CreateNextSubTask,0x00000000,1,0,V
CTaskComplexWanderCop,LookForCarAlarms,0x0066B1B0,1,0,S
CTaskComplexWanderCop,LookForCriminals,0x0066B300,1,0,S
CTaskComplexWanderCop,LookForStolenCopCars,0x0066B290,1,0,S
CTaskComplexWanderCop,ScanForStuff,0x00000000,1,0,V
CTaskComplexWanderCop,ShouldPursuePlayer,0x0066B160,1,0,S
CTaskComplexWander,ComputeTargetHeading,0x0066F530,1,0,S
CTaskComplexWander,ComputeTargetPos,0x00669F60,1,0,S
CTaskComplexWander,Constructor,0x0066F450,1,0,S
CTaskComplexWander,ControlSubTask,0x00000000,1,0,V
CTaskComplexWander,CreateFirstSubTask,0x00000000,1,0,V
CTaskComplexWander,CreateNextSubTask,0x00000000,0,1,V
CTaskComplexWander,CreateSubTask,0x00671CB0,1,0,S
CTaskComplexWander,GetWanderTaskByPedType,0x00673D00,1,0,S
CTaskComplexWander,ScanForBlockedNode-,0x00671EF0,1,0,S
CTaskComplexWander,ScanForBlockedNode-1,0x0066F4C0,1,0,S
CTaskComplexWander,ScanForBlockedNodes,0x00674560,1,0,S
CTaskComplexWander,UpdateDir,0x00000000,1,0,V
CTaskComplexWander,UpdatePathNodes,0x00000000,1,0,V
CTaskComplexWander,ValidNodes,0x00669F30,1,0,S
CTaskComplexWalkRoundObject,Constructor,0x00655020,1,0,S
CTaskComplexWalkRoundFire,Clone,0x00000000,1,0,V
CTaskComplexWalkRoundFire,ComputeDetourTarget,0x006581B0,1,0,S
CTaskComplexWalkRoundFire,Constructor,0x00655720,1,0,S
CTaskComplexWalkRoundFire,ControlSubTask,0x00000000,1,0,V
CTaskComplexWalkRoundFire,CreateFirstSubTask,0x00000000,1,0,V
CTaskComplexWalkRoundFire,CreateNextSubTask,0x00000000,1,0,V
CTaskComplexWalkRoundFire,Destructor,0x00655780,1,0,S
CTaskComplexWalkRoundFire,GetTaskType,0x00000000,1,0,V
CTaskComplexWalkRoundCar,Clone,0x00000000,1,0,V
CTaskComplexWalkRoundCar,ComputeRoute,0x00657B80,1,0,S
CTaskComplexWalkRoundCar,ComputeRouteRoundBigCar,0x00656BB0,0,1,S
CTaskComplexWalkRoundCar,ComputeRouteRoundSmallCar,0x006544F0,0,1,S
CTaskComplexWalkRoundCar,Constructor,0x006541B0,1,0,S
CTaskComplexWalkRoundCar,ControlSubTask,0x00000000,0,1,V
CTaskComplexWalkRoundCar,CreateFirstSubTask,0x00000000,0,1,V
CTaskComplexWalkRoundCar,CreateNextSubTask,0x00000000,1,0,V
CTaskComplexWalkRoundCar,CreateRouteTask,0x006542E0,1,0,S
CTaskComplexWalkRoundCar,Destructor,0x00656B00,1,0,S
CTaskComplexWalkRoundCar,GetTaskType,0x00000000,1,0,V
CTaskComplexWalkRoundCar,GoingForDoor,0x00654720,1,0,S
CTaskComplexWalkRoundCar,SetNewVehicle,0x00654290,1,0,S
CTaskComplexWalkRoundBuildingAttempt,Clone,0x00000000,1,0,V
CTaskComplexWalkRoundBuildingAttempt,ComputeCrapRoute,0x00656F80,1,0,S
CTaskComplexWalkRoundBuildingAttempt,ComputeMoveDir,0x00654B80,1,0,S
CTaskComplexWalkRoundBuildingAttempt,ComputeRoute,0x00657BA0,1,0,S
CTaskComplexWalkRoundBuildingAttempt,Constructor,0x00654740,1,0,S
CTaskComplexWalkRoundBuildingAttempt,ControlSubTask,0x00000000,1,0,V
CTaskComplexWalkRoundBuildingAttempt,CreateFirstSubTask,0x00000000,1,0,V
CTaskComplexWalkRoundBuildingAttempt,CreateNextSubTask,0x00000000,1,0,V
CTaskComplexWalkRoundBuildingAttempt,CreateSubTask,0x00654C80,1,0,S
CTaskComplexWalkRoundBuildingAttempt,Destructor,0x00654950,1,0,S
CTaskComplexWalkRoundBuildingAttempt,GetTaskType,0x00000000,1,0,V
CTaskComplexWalkRoundBuildingAttempt,MakeAbortable,0x00000000,1,0,V
CTaskComplexWalkAlongsidePed,Clone,0x00000000,1,0,V
CTaskComplexWalkAlongsidePed,Constructor,0x00683240,1,0,S
CTaskComplexWalkAlongsidePed,ControlSubTask,0x00000000,1,0,V
CTaskComplexWalkAlongsidePed,CreateFirstSubTask,0x00000000,1,0,V
CTaskComplexWalkAlongsidePed,CreateNextSubTask,0x00000000,1,0,V
CTaskComplexWalkAlongsidePed,CreateSubTask,0x00685000,1,0,S
CTaskComplexWalkAlongsidePed,Destructor,0x006832C0,1,0,S
CTaskComplexWalkAlongsidePed,GetTaskType,0x00000000,1,0,V
CTaskComplexWalkAlongsidePed,MakeAbortable,0x00000000,1,0,V
CTaskComplexWaitForDryWeather,Clone,0x00000000,1,0,V
CTaskComplexWaitForDryWeather,Constructor,0x00632800,1,0,S
CTaskComplexWaitForDryWeather,ControlSubTask,0x00000000,1,0,V
CTaskComplexWaitForDryWeather,CreateFirstSubTask,0x00000000,1,0,V
CTaskComplexWaitForDryWeather,CreateNextSubTask,0x00000000,1,0,V
CTaskComplexWaitForDryWeather,Destructor,0x00632830,1,0,S
CTaskComplexWaitForDryWeather,GetTaskType,0x00000000,1,0,V
CTaskComplexWaitForBus,Clone,0x00000000,0,1,V
CTaskComplexWaitForBus,Constructor,0x00632900,1,0,S
CTaskComplexWaitForBus,ControlSubTask,0x00000000,0,1,V
CTaskComplexWaitForBus,CreateFirstSubTask,0x00000000,0,1,V
CTaskComplexWaitForBus,CreateNextSubTask,0x00000000,0,1,V
CTaskComplexWaitForBus,Destructor,0x00632930,1,0,S
CTaskComplexWaitForBus,GetTaskType,0x00000000,0,1,V
CTaskComplexWaitForBackup,Clone,0x00000000,1,0,V
CTaskComplexWaitForBackup,Constructor,0x00697290,1,0,S
CTaskComplexWaitForBackup,ControlSubTask,0x00000000,1,0,V
CTaskComplexWaitForBackup,CreateFirstSubTask,0x00000000,1,0,V
CTaskComplexWaitForBackup,CreateNextSubTask,0x00000000,1,0,V
CTaskComplexWaitForBackup,CreateSubTask,0x006973B0,1,0,S
CTaskComplexWaitForBackup,Destructor,0x00697330,1,0,S
CTaskComplexWaitForBackup,GetTaskType,0x00000000,1,0,V
CTaskComplexWaitAtAttractor,Clone,0x00000000,1,0,V
CTaskComplexWaitAtAttractor,Constructor,0x006325F0,1,0,S
CTaskComplexWaitAtAttractor,ControlSubTask,0x00000000,1,0,V
CTaskComplexWaitAtAttractor,CreateFirstSubTask,0x00000000,1,0,V
CTaskComplexWaitAtAttractor,CreateNextSubTask,0x00000000,1,0,V
CTaskComplexWaitAtAttractor,Destructor,0x00632630,1,0,S
CTaskComplexWaitAtAttractor,GetTaskType,0x00000000,1,0,V
CTaskComplexUseWaterCannon,Clone,0x00000000,1,0,V
CTaskComplexUseWaterCannon,Constructor,0x00659780,1,0,S
CTaskComplexUseWaterCannon,ControlSubTask,0x00000000,1,0,V
CTaskComplexUseWaterCannon,CreateFirstSubTask,0x00000000,1,0,V
CTaskComplexUseWaterCannon,CreateNextSubTask,0x00000000,1,0,V
CTaskComplexUseSwatRope,Clone,0x00000000,1,0,V
CTaskComplexUseSwatRope,Constructor,0x00659470,1,0,S
CTaskComplexUseSwatRope,ControlSubTask,0x00000000,1,0,V
CTaskComplexUseSwatRope,CreateFirstSubTask,0x00000000,1,0,V
CTaskComplexUseSwatRope,CreateNextSubTask,0x00000000,1,0,V
CTaskComplexUseSwatRope,CreateSubTask,0x00659620,1,0,S
CTaskComplexUseSwatRope,MakeAbortable,0x00000000,1,0,V
CTaskComplexUseScriptedBrain,Clone,0x00000000,1,0,V
CTaskComplexUseScriptedBrain,Constructor,0x006358B0,1,0,S
CTaskComplexUseScriptedBrain,ControlSubTask,0x00000000,1,0,V
CTaskComplexUseScriptedBrain,CreateFirstSubTask,0x00000000,1,0,V
CTaskComplexUseScriptedBrain,CreateNextSubTask,0x00000000,1,0,V
CTaskComplexUseScriptedBrain,Destructor,0x00635900,1,0,S
CTaskComplexUseScriptedBrain,GetTaskType,0x00000000,1,0,V
CTaskComplexUseScriptedBrain,MakeAbortable,0x00000000,1,0,V
CTaskComplexUseScriptedAttractor,Clone,0x00000000,1,0,V
CTaskComplexUseScriptedAttractor,Constructor,0x00633330,1,0,S
CTaskComplexUseScriptedAttractor,ControlSubTask,0x00000000,1,0,V
CTaskComplexUseScriptedAttractor,CreateFirstSubTask,0x00000000,1,0,V
CTaskComplexUseScriptedAttractor,CreateNextSubTask,0x00000000,1,0,V
CTaskComplexUseScriptedAttractor,Destructor,0x00633360,1,0,S
CTaskComplexUseScriptedAttractor,GetTaskType,0x00000000,1,0,V
CTaskComplexUseGoggles,Clone,0x00000000,1,0,V
CTaskComplexUseGoggles,ControlSubTask,0x00000000,1,0,V
CTaskComplexUseGoggles,CreateFirstSubTask,0x00000000,1,0,V
CTaskComplexUseGoggles,CreateNextSubTask,0x00000000,1,0,V
CTaskComplexUseGoggles,GetTaskType,0x00000000,1,0,V
CTaskComplexUseEffectSprinting,Clone,0x00000000,1,0,V
CTaskComplexUseEffectSprinting,GetTaskType,0x00000000,1,0,V
CTaskComplexUseEffectRunning,Clone,0x00000000,1,0,V
CTaskComplexUseEffectRunning,GetTaskType,0x00000000,1,0,V
CTaskComplexUseEffect,Clone,0x00000000,1,0,V
CTaskComplexUseEffect,Constructor,0x006321F0,1,0,S
CTaskComplexUseEffect,ControlSubTask,0x00000000,1,0,V
CTaskComplexUseEffect,CreateFirstSubTask,0x00000000,1,0,V
CTaskComplexUseEffect,CreateNextSubTask,0x00000000,1,0,V
CTaskComplexUseEffect,Destructor,0x00632270,1,0,S
CTaskComplexUseEffect,GetTaskType,0x00000000,1,0,V
CTaskComplexUseEffect,MakeAbortable,0x00000000,1,0,V
CTaskComplexUseClosestFreeScriptedAttractorSprint,Clone,0x00000000,0,1,V
CTaskComplexUseClosestFreeScriptedAttractorSprint,Constructor,0x004B8850,1,0,S
CTaskComplexUseClosestFreeScriptedAttractorSprint,Destructor,0x004B8900,1,0,S
CTaskComplexUseClosestFreeScriptedAttractorSprint,GetTaskType,0x00000000,0,1,V
CTaskComplexUseClosestFreeScriptedAttractorRun,Clone,0x00000000,1,0,V
CTaskComplexUseClosestFreeScriptedAttractorRun,Constructor,0x004B8790,1,0,S
CTaskComplexUseClosestFreeScriptedAttractorRun,Destructor,0x004B8840,1,0,S
CTaskComplexUseClosestFreeScriptedAttractorRun,GetTaskType,0x00000000,1,0,V
CTaskComplexUseClosestFreeScriptedAttractor,Clone,0x00000000,1,0,V
CTaskComplexUseClosestFreeScriptedAttractor,ComputeClosestFreeScriptedEffect,0x00634740,0,1,S
CTaskComplexUseClosestFreeScriptedAttractor,Constructor,0x006346F0,1,0,S
CTaskComplexUseClosestFreeScriptedAttractor,ControlSubTask,0x00000000,1,0,V
CTaskComplexUseClosestFreeScriptedAttractor,CreateFirstSubTask,0x00000000,0,1,V
CTaskComplexUseClosestFreeScriptedAttractor,CreateNextSubTask,0x00000000,1,0,V
CTaskComplexUseClosestFreeScriptedAttractor,Destructor,0x00634720,1,0,S
CTaskComplexUseClosestFreeScriptedAttractor,GetTaskType,0x00000000,1,0,V
CTaskComplexUseAttractorPartner,Clone,0x00000000,1,0,V
CTaskComplexUseAttractorPartner,Constructor,0x006332C0,1,0,S
CTaskComplexUseAttractorPartner,ControlSubTask,0x00000000,1,0,V
CTaskComplexUseAttractorPartner,CreateFirstSubTask,0x00000000,1,0,V
CTaskComplexUseAttractorPartner,CreateNextSubTask,0x00000000,1,0,V
CTaskComplexUseAttractorPartner,Destructor,0x00633300,1,0,S
CTaskComplexUseAttractorPartner,GetTaskType,0x00000000,1,0,V
CTaskComplexUseAttractor,Clone,0x00000000,1,0,V
CTaskComplexUseAttractor,Constructor,0x006326F0,1,0,S
CTaskComplexUseAttractor,ControlSubTask,0x00000000,1,0,V
CTaskComplexUseAttractor,CreateFirstSubTask,0x00000000,1,0,V
CTaskComplexUseAttractor,CreateNextSubTask,0x00000000,1,0,V
CTaskComplexUseAttractor,Destructor,0x00632720,1,0,S
CTaskComplexUseAttractor,GetTaskType,0x00000000,1,0,V
CTaskComplexTurnToFaceEntityOrCoord,Clone,0x00000000,1,0,V
CTaskComplexTurnToFaceEntityOrCoord,ComputeTargetHeading,0x0066B9D0,1,0,S
CTaskComplexTurnToFaceEntityOrCoord,Constructor-Coords,0x0066B890,1,0,S
CTaskComplexTurnToFaceEntityOrCoord,Constructor-Entity,0x0066B910,1,0,S
CTaskComplexTurnToFaceEntityOrCoord,ControlSubTask,0x00000000,1,0,V
CTaskComplexTurnToFaceEntityOrCoord,CreateFirstSubTask,0x00000000,1,0,V
CTaskComplexTurnToFaceEntityOrCoord,CreateNextSubTask,0x00000000,1,0,V
CTaskComplexTurnToFaceEntityOrCoord,Destructor,0x0066B960,1,0,S
CTaskComplexTurnToFaceEntityOrCoord,GetTaskType,0x00000000,1,0,V
CTaskComplexTreatAccident,Clone,0x00000000,1,0,V
CTaskComplexTreatAccident,ComputeHeading,0x00658AF0,1,0,S
CTaskComplexTreatAccident,Constructor,0x00658AB0,1,0,S
CTaskComplexTreatAccident,ControlSubTask,0x00000000,1,0,V
CTaskComplexTreatAccident,CreateFirstSubTask,0x00000000,1,0,V
CTaskComplexTreatAccident,CreateNextSubTask,0x00000000,1,0,V
CTaskComplexTreatAccident,CreateSubTask,0x00659E90,1,0,S
CTaskComplexTrackEntity,CalcMoveRatio,0x0065F930,1,1,S
CTaskComplexTrackEntity,CalcTargetPos,0x0065F780,1,1,S
CTaskComplexTrackEntity,Clone,0x00000000,1,0,V
CTaskComplexTrackEntity,Constructor,0x0065F3B0,1,0,S
CTaskComplexTrackEntity,ControlSubTask,0x00000000,1,1,V
CTaskComplexTrackEntity,CreateFirstSubTask,0x00000000,1,0,V
CTaskComplexTrackEntity,CreateNextSubTask,0x00000000,1,0,V
CTaskComplexTrackEntity,Destructor,0x0065F460,1,0,S
CTaskComplexTrackEntity,GetTaskType,0x00000000,1,0,V
CTaskComplexTrackEntity,MakeAbortable,0x00000000,1,0,V
CTaskComplexTrackEntity,SetOffsetPos,0x0065F760,1,1,S
CTaskComplexSunbathe,Clone,0x00000000,0,1,V
CTaskComplexSunbathe,Constructor,0x00631F80,1,0,S
CTaskComplexSunbathe,ControlSubTask,0x00000000,0,1,V
CTaskComplexSunbathe,CreateFirstSubTask,0x00000000,0,1,V
CTaskComplexSunbathe,CreateNextSubTask,0x00000000,0,1,V
CTaskComplexSunbathe,Destructor,0x00632050,1,0,S
CTaskComplexSunbathe,GetTaskType,0x00000000,0,1,V
CTaskComplexSunbathe,MakeAbortable,0x00000000,0,1,V
CTaskComplexStuckInAir,Clone,0x00000000,1,0,V
CTaskComplexStuckInAir,ControlSubTask,0x00000000,1,0,V
CTaskComplexStuckInAir,CreateFirstSubTask,0x00000000,1,0,V
CTaskComplexStuckInAir,CreateNextSubTask,0x00000000,1,0,V
CTaskComplexStuckInAir,CreateSubTask,0x0067BA80,1,0,S
CTaskComplexStuckInAir,GetTaskType,0x00000000,1,0,V
CTaskComplexStealCar,Clone,0x00000000,1,0,V
CTaskComplexStealCar,Constructor,0x0063B7D0,1,0,S
CTaskComplexStealCar,ControlSubTask,0x00000000,1,0,V
CTaskComplexStealCar,CreateFirstSubTask,0x00000000,1,0,V
CTaskComplexStealCar,CreateNextSubTask,0x00000000,1,0,V
CTaskComplexStealCar,CreateSubTask,0x00640F30,1,0,S
CTaskComplexStealCar,Destructor,0x0063B850,1,0,S
CTaskComplexStealCar,GetTaskType,0x00000000,1,0,V
CTaskComplexStareAtPed,Clone,0x00000000,1,0,V
CTaskComplexStareAtPed,Constructor,0x00660270,1,0,S
CTaskComplexStareAtPed,ControlSubTask,0x00000000,1,0,V
CTaskComplexStareAtPed,CreateFirstSubTask,0x00000000,1,0,V
CTaskComplexStareAtPed,CreateNextSubTask,0x00000000,1,0,V
CTaskComplexStareAtPed,Destructor,0x00660310,1,0,S
CTaskComplexStareAtPed,GetTaskType,0x00000000,1,0,V
CTaskComplexSmartFleePoint,Clone,0x00000000,0,1,V
CTaskComplexSmartFleePoint,ComputeFleeDir,0x0065BE40,0,1,S
CTaskComplexSmartFleePoint,Constructor,0x0065BD20,1,0,S
CTaskComplexSmartFleePoint,ControlSubTask,0x00000000,0,1,V
CTaskComplexSmartFleePoint,CreateFirstSubTask,0x00000000,0,1,V
CTaskComplexSmartFleePoint,CreateNextSubTask,0x00000000,0,1,V
CTaskComplexSmartFleePoint,CreateSubTask,0x0065BE80,0,1,S
CTaskComplexSmartFleePoint,Destructor,0x0065BDB0,1,0,S
CTaskComplexSmartFleePoint,GetTaskType,0x00000000,0,1,V
CTaskComplexSmartFleePoint,MakeAbortable,0x00000000,0,1,V
CTaskComplexSmartFleePoint,SetDefaultTaskWanderDir,0x0065BE00,0,1,S
CTaskComplexSmartFleePoint,SetFleePosition,0x0065C3C0,0,1,S
CTaskComplexSmartFleeEntity,Clone,0x00000000,1,0,V
CTaskComplexSmartFleeEntity,Constructor,0x0065C430,1,0,S
CTaskComplexSmartFleeEntity,ControlSubTask,0x00000000,1,0,V
CTaskComplexSmartFleeEntity,CreateFirstSubTask,0x00000000,1,0,V
CTaskComplexSmartFleeEntity,CreateNextSubTask,0x00000000,1,0,V
CTaskComplexSmartFleeEntity,Destructor,0x0065C4D0,1,0,S
CTaskComplexSmartFleeEntity,GetTaskType,0x00000000,1,0,V
CTaskComplexSitDownThenIdleThenStandUp,Clone,0x00000000,1,0,V
CTaskComplexSitDownThenIdleThenStandUp,Constructor,0x00631460,1,0,S
CTaskComplexSitDownThenIdleThenStandUp,ControlSubTask,0x00000000,1,0,V
CTaskComplexSitDownThenIdleThenStandUp,CreateFirstSubTask,0x00000000,1,0,V
CTaskComplexSitDownThenIdleThenStandUp,CreateNextSubTask,0x00000000,1,0,V
CTaskComplexSitDownThenIdleThenStandUp,CreateSubTask,0x00631550,1,0,S
CTaskComplexSitDownThenIdleThenStandUp,Destructor,0x006314A0,1,0,S
CTaskComplexSitDownThenIdleThenStandUp,GetTaskType,0x00000000,1,0,V
CTaskComplexSitDownThenIdleThenStandUp,MakeAbortable,0x00000000,1,0,V
CTaskComplexSignalAtPed,Clone,0x00000000,1,0,V
CTaskComplexSignalAtPed,Constructor,0x00660A30,1,0,S
CTaskComplexSignalAtPed,ControlSubTask,0x00000000,0,1,V
CTaskComplexSignalAtPed,CreateFirstSubTask,0x00000000,0,1,V
CTaskComplexSignalAtPed,CreateNextSubTask,0x00000000,0,1,V
CTaskComplexSignalAtPed,Destructor,0x00660AB0,1,0,S
CTaskComplexSignalAtPed,GetTaskType,0x00000000,1,0,V
CTaskComplexShuffleSeats,Clone,0x00000000,1,0,V
CTaskComplexShuffleSeats,Constructor,0x0063D130,1,0,S
CTaskComplexShuffleSeats,ControlSubTask,0x00000000,1,0,V
CTaskComplexShuffleSeats,CreateFirstSubTask,0x00000000,1,0,V
CTaskComplexShuffleSeats,CreateNextSubTask,0x00000000,1,0,V
CTaskComplexShuffleSeats,CreateSubTask,0x0063D240,1,0,S
CTaskComplexShuffleSeats,CreateTaskUtilityLineUpPedWithCar,0x0063D610,1,0,S
CTaskComplexShuffleSeats,Destructor,0x0063D1A0,1,0,S
CTaskComplexShuffleSeats,GetTaskType,0x00000000,1,0,V
CTaskComplexShuffleSeats,MakeAbortable,0x00000000,1,0,V
CTaskComplexSeekEntityAnyMeansXYOffset,Clone,0x00000000,1,0,V
CTaskComplexSeekEntityAnyMeansXYOffset,ControlSubTask,0x00000000,1,0,V
CTaskComplexSeekEntityAnyMeansXYOffset,CreateFirstSubTask,0x00000000,1,0,V
CTaskComplexSeekEntityAnyMeansXYOffset,CreateNextSubTask,0x00000000,1,0,V
CTaskComplexSeekEntityAnyMeansXYOffset,GetTaskType,0x00000000,1,0,V
CTaskComplexSeekEntityAiming,Clone,0x00000000,1,0,V
CTaskComplexSeekEntityAiming,Constructor,0x00694B90,1,0,S
CTaskComplexSeekEntityAiming,ControlSubTask,0x00000000,1,0,V
CTaskComplexSeekEntityAiming,CreateFirstSubTask,0x00000000,1,0,V
CTaskComplexSeekEntityAiming,CreateNextSubTask,0x00000000,1,0,V
CTaskComplexSeekEntityAiming,Destructor,0x00694C10,1,0,S
CTaskComplexSeekEntityAiming,GetTaskType,0x00000000,1,0,V
CTaskComplexSeekCoverUntilTargetDead,Clone,0x00000000,1,0,V
CTaskComplexSeekCoverUntilTargetDead,Constructor_Grp,0x00622B80,1,0,S
CTaskComplexSeekCoverUntilTargetDead,Constructor_Ped,0x00622BC0,1,0,S
CTaskComplexSeekCoverUntilTargetDead,ControlSubTask,0x00000000,1,0,V
CTaskComplexSeekCoverUntilTargetDead,CreateFirstSubTask,0x00000000,1,0,V
CTaskComplexSeekCoverUntilTargetDead,CreateNextSubTask,0x00000000,1,0,V
CTaskComplexSeekCoverUntilTargetDead,Destructor,0x00622C20,1,0,S
CTaskComplexSeekCoverUntilTargetDead,GetCoverPed,0x00622D50,1,0,S
CTaskComplexSeekCoverUntilTargetDead,GetTargetPed,0x00622CC0,1,0,S
CTaskComplexSeekCoverUntilTargetDead,GetTaskType,0x00000000,1,0,V
CTaskComplexRoadRage,Clone,0x00000000,1,0,V
CTaskComplexRoadRage,Constructor,0x006220A0,1,0,S
CTaskComplexRoadRage,ControlSubTask,0x00000000,1,0,V
CTaskComplexRoadRage,CreateFirstSubTask,0x00000000,1,0,V
CTaskComplexRoadRage,CreateNextSubTask,0x00000000,1,0,V
CTaskComplexRoadRage,CreateSubTask,0x00629080,1,0,S
CTaskComplexRoadRage,Destructor,0x00622110,1,0,S
CTaskComplexRoadRage,GetTaskType,0x00000000,1,0,V
CTaskComplexRoadRage,MakeAbortable,0x00000000,1,0,V
CTaskComplexReactToGunAimedAt,Clone,0x00000000,1,0,V
CTaskComplexReactToGunAimedAt,Constructor,0x006971B0,1,0,S
CTaskComplexReactToGunAimedAt,ControlSubTask,0x00000000,1,0,V
CTaskComplexReactToGunAimedAt,CreateFirstSubTask,0x00000000,1,0,V
CTaskComplexReactToGunAimedAt,CreateNextSubTask,0x00000000,1,0,V
CTaskComplexReactToGunAimedAt,CreateSubTask,0x00697B70,1,0,S
CTaskComplexReactToGunAimedAt,Destructor,0x00697230,1,0,S
CTaskComplexReactToGunAimedAt,GetTaskType,0x00000000,1,0,V
CTaskComplexPolicePursuit,ClearPursuit,0x0068BD90,1,0,S
CTaskComplexPolicePursuit,Clone,0x00000000,1,0,V
CTaskComplexPolicePursuit,Constructor,0x0068BA70,1,0,S
CTaskComplexPolicePursuit,ControlSubTask,0x00000000,1,0,V
CTaskComplexPolicePursuit,CreateFirstSubTask,0x00000000,1,0,V
CTaskComplexPolicePursuit,CreateNextSubTask,0x00000000,1,0,V
CTaskComplexPolicePursuit,CreateSubTask,0x0068D910,1,0,S
CTaskComplexPolicePursuit,Destructor,0x0068D880,1,0,S
CTaskComplexPolicePursuit,GetTaskType,0x00000000,1,0,V
CTaskComplexPolicePursuit,MakeAbortable,0x00000000,1,0,V
CTaskComplexPolicePursuit,PersistPursuit,0x0068BDC0,1,0,S
CTaskComplexPolicePursuit,SetPursuit,0x0068BBD0,1,0,S
CTaskComplexPolicePursuit,SetWeapon,0x0068BAD0,1,0,S
CTaskComplexPlayHandSignalAnim,Clone,0x00000000,0,1,V
CTaskComplexPlayHandSignalAnim,Constructor,0x0061B2B0,1,0,S
CTaskComplexPlayHandSignalAnim,ControlSubTask,0x00000000,0,1,V
CTaskComplexPlayHandSignalAnim,CreateFirstSubTask,0x00000000,0,1,V
CTaskComplexPlayHandSignalAnim,CreateNextSubTask,0x00000000,0,1,V
CTaskComplexPlayHandSignalAnim,CreateSubTask,0x0061B2F0,0,1,S
CTaskComplexPlayHandSignalAnim,Destructor,0x0061BDF0,1,0,S
CTaskComplexPlayHandSignalAnim,GetAnimIdForPed,0x0061B460,0,1,S
CTaskComplexPlayHandSignalAnim,GetTaskType,0x00000000,1,0,V
CTaskComplexPassObject,AbortIK,0x00661290,1,0,S
CTaskComplexPassObject,Clone,0x00000000,1,0,V
CTaskComplexPassObject,Constructor,0x006611B0,1,0,S
CTaskComplexPassObject,ControlSubTask,0x00000000,1,0,V
CTaskComplexPassObject,CreateFirstSubTask,0x00000000,1,0,V
CTaskComplexPassObject,CreateNextSubTask,0x00000000,1,0,V
CTaskComplexPassObject,Destructor,0x00661230,1,0,S
CTaskComplexPassObject,GetTaskType,0x00000000,1,0,V
CTaskComplexPassObject,MakeAbortable,0x00000000,1,0,V
CTaskComplexPartnerShove,Constructor,0x006846F0,1,0,S
CTaskComplexPartnerGreet,Clone,0x00000000,1,0,V
CTaskComplexPartnerGreet,Constructor,0x00684210,1,0,S
CTaskComplexPartnerGreet,CreateFirstSubTask,0x00000000,1,0,V
CTaskComplexPartnerGreet,Destructor,0x00684280,1,0,S
CTaskComplexPartnerGreet,GetPartnerSequence,0x00000000,1,0,V
CTaskComplexPartnerGreet,GetTaskType,0x00000000,1,0,V
CTaskComplexPartnerGreet,StreamRequiredAnims,0x00000000,1,0,V
CTaskComplexPartnerChat,Constructor,0x00684290,1,0,S
CTaskComplexPartner,Constructor,0x00681E70,1,0,S
CTaskComplexOnFire,Clone,0x00000000,1,0,V
CTaskComplexOnFire,ComputeFireDamage,0x006333D0,1,0,S
CTaskComplexOnFire,Constructor,0x00633390,1,0,S
CTaskComplexOnFire,ControlSubTask,0x00000000,1,0,V
CTaskComplexOnFire,CreateFirstSubTask,0x00000000,1,0,V
CTaskComplexOnFire,CreateNextSubTask,0x00000000,1,0,V
CTaskComplexOnFire,CreateSubTask,0x00633470,1,0,S
CTaskComplexOnFire,Destructor,0x006333C0,1,0,S
CTaskComplexOnFire,GetTaskType,0x00000000,1,0,V
CTaskComplexObserveTrafficLightsAndAchieveHeading,Clone,0x00000000,1,0,V
CTaskComplexObserveTrafficLightsAndAchieveHeading,ControlSubTask,0x00000000,1,0,V
CTaskComplexObserveTrafficLightsAndAchieveHeading,CreateFirstSubTask,0x00000000,1,0,V
CTaskComplexObserveTrafficLightsAndAchieveHeading,CreateNextSubTask,0x00000000,1,0,V
CTaskComplexObserveTrafficLightsAndAchieveHeading,MakeAbortable,0x00000000,1,0,V
CTaskComplexMoveBackAndJump,Clone,0x00000000,1,0,V
CTaskComplexMoveBackAndJump,Constructor,0x00655340,1,0,S
CTaskComplexMoveBackAndJump,ControlSubTask,0x00000000,1,0,V
CTaskComplexMoveBackAndJump,CreateFirstSubTask,0x00000000,1,0,V
CTaskComplexMoveBackAndJump,CreateNextSubTask,0x00000000,1,0,V
CTaskComplexMoveBackAndJump,CreateSubTask,0x00655390,1,0,S
CTaskComplexMoveBackAndJump,Destructor,0x00655370,1,0,S
CTaskComplexMoveBackAndJump,GetTaskType,0x00000000,1,0,V
CTaskComplexMedicTreatInjuredPed,CalcTargetPosWithOffset,0x00658D20,1,0,S
CTaskComplexMedicTreatInjuredPed,Clone,0x00000000,1,0,V
CTaskComplexMedicTreatInjuredPed,Constructor,0x00658BA0,1,0,S
CTaskComplexMedicTreatInjuredPed,ControlSubTask,0x00000000,1,0,V
CTaskComplexMedicTreatInjuredPed,CreateDealWithNextAccidentTask,0x0065A020,1,0,S
CTaskComplexMedicTreatInjuredPed,CreateFirstSubTask,0x00000000,1,0,V
CTaskComplexMedicTreatInjuredPed,CreateNextSubTask,0x00000000,1,0,V
CTaskComplexMedicTreatInjuredPed,CreateSubTask,0x00658DB0,1,0,S
CTaskComplexMedicTreatInjuredPed,FindNearestAccident,0x00658CC0,1,0,S
CTaskComplexLeaveCarAsPassengerWait,Clone,0x00000000,1,0,V
CTaskComplexLeaveCarAsPassengerWait,Constructor,0x0063B430,1,0,S
CTaskComplexLeaveCarAsPassengerWait,ControlSubTask,0x00000000,1,0,V
CTaskComplexLeaveCarAsPassengerWait,CreateFirstSubTask,0x00000000,1,0,V
CTaskComplexLeaveCarAsPassengerWait,CreateNextSubTask,0x00000000,1,0,V
CTaskComplexLeaveCarAsPassengerWait,CreateSubTask,0x00640BE0,1,0,S
CTaskComplexLeaveCarAsPassengerWait,Destructor,0x0063B4A0,1,0,S
CTaskComplexLeaveCarAsPassengerWait,GetNextPassengerToLeave,0x0063B500,1,0,S
CTaskComplexLeaveCarAsPassengerWait,GetTaskType,0x00000000,1,0,V
CTaskComplexLeaveCarAsPassengerWait,SetPedInZerothPassengerSeat,0x0063B540,1,0,S
CTaskComplexLeaveCarAndWander,Clone,0x00000000,0,1,V
CTaskComplexLeaveCarAndWander,Constructor,0x0063BDD0,1,0,S
CTaskComplexLeaveCarAndWander,ControlSubTask,0x00000000,0,1,V
CTaskComplexLeaveCarAndWander,CreateFirstSubTask,0x00000000,0,1,V
CTaskComplexLeaveCarAndWander,CreateNextSubTask,0x00000000,0,1,V
CTaskComplexLeaveCarAndWander,CreateSubTask,0x0063BEC0,0,1,S
CTaskComplexLeaveCarAndWander,Destructor,0x0063BE50,1,0,S
CTaskComplexLeaveCarAndWander,GetTaskType,0x00000000,0,1,V
CTaskComplexLeaveCarAndFlee,Clone,0x00000000,1,0,V
CTaskComplexLeaveCarAndFlee,Constructor,0x0063BF90,1,0,S
CTaskComplexLeaveCarAndFlee,ControlSubTask,0x00000000,1,0,V
CTaskComplexLeaveCarAndFlee,CreateFirstSubTask,0x00000000,1,0,V
CTaskComplexLeaveCarAndFlee,CreateNextSubTask,0x00000000,1,0,V
CTaskComplexLeaveCarAndFlee,CreateSubTask,0x0063C0A0,1,0,S
CTaskComplexLeaveCarAndFlee,Destructor,0x0063C030,1,0,S
CTaskComplexLeaveCarAndFlee,GetTaskType,0x00000000,1,0,V
CTaskComplexLeaveCarAndDie,Clone,0x00000000,1,0,V
CTaskComplexLeaveCarAndDie,CreateFirstSubTask,0x00000000,1,0,V
CTaskComplexLeaveCarAndDie,GetTaskType,0x00000000,1,0,V
CTaskComplexLeaveBoat,Clone,0x00000000,1,0,V
CTaskComplexLeaveBoat,Constructor,0x0063BB60,1,0,S
CTaskComplexLeaveBoat,ControlSubTask,0x00000000,1,0,V
CTaskComplexLeaveBoat,CreateFirstSubTask,0x00000000,1,0,V
CTaskComplexLeaveBoat,CreateNextSubTask,0x00000000,1,0,V
CTaskComplexLeaveBoat,CreateSubTask,0x0063BC50,1,0,S
CTaskComplexLeaveBoat,Destructor,0x00642250,1,0,S
CTaskComplexLeaveBoat,GetTaskType,0x00000000,1,0,V
CTaskComplexLeaveAnyCar,Clone,0x00000000,1,0,V
CTaskComplexLeaveAnyCar,Constructor,0x00421150,1,0,S
CTaskComplexLeaveAnyCar,ControlSubTask,0x00000000,1,0,V
CTaskComplexLeaveAnyCar,CreateFirstSubTask,0x00000000,1,0,V
CTaskComplexLeaveAnyCar,CreateNextSubTask,0x00000000,1,0,V
CTaskComplexLeaveAnyCar,Destructor,0x00421270,1,0,S
CTaskComplexLeaveAnyCar,GetTaskType,0x00000000,1,0,V
CTaskComplexKillPedOnFootStealth,Clone,0x00000000,1,0,V
CTaskComplexKillPedOnFootStealth,Constructor,0x00620F70,1,0,S
CTaskComplexKillPedOnFootStealth,ControlSubTask,0x00000000,1,0,V
CTaskComplexKillPedOnFootStealth,CreateFirstSubTask,0x00000000,1,0,V
CTaskComplexKillPedOnFootStealth,CreateNextSubTask,0x00000000,1,0,V
CTaskComplexKillPedOnFootStealth,Destructor,0x00620FF0,1,0,S
CTaskComplexKillPedOnFootStealth,GetTaskType,0x00000000,1,0,V
CTaskComplexKillPedOnFootMelee,CalculateSearchPositionAndRanges,0x00621100,1,0,S
CTaskComplexKillPedOnFootMelee,Clone,0x00000000,1,0,V
CTaskComplexKillPedOnFootMelee,Constructor,0x00621000,1,0,S
CTaskComplexKillPedOnFootMelee,ControlSubTask,0x00000000,1,0,V
CTaskComplexKillPedOnFootMelee,CreateFirstSubTask,0x00000000,1,0,V
CTaskComplexKillPedOnFootMelee,CreateNextSubTask,0x00000000,1,0,V
CTaskComplexKillPedOnFootMelee,CreateSubTask,0x00626AC0,1,0,S
CTaskComplexKillPedOnFootMelee,Destructor,0x00621090,1,0,S
CTaskComplexKillPedOnFootMelee,GetTaskType,0x00000000,1,0,V
CTaskComplexKillPedOnFootMelee,MakeAbortable,0x00000000,1,0,V
CTaskComplexKillPedOnFootArmed,Clone,0x00000000,1,0,V
CTaskComplexKillPedOnFootArmed,Constructor,0x00621190,1,0,S
CTaskComplexKillPedOnFootArmed,ControlSubTask,0x00000000,1,0,V
CTaskComplexKillPedOnFootArmed,CreateFirstSubTask,0x00000000,1,0,V
CTaskComplexKillPedOnFootArmed,CreateNextSubTask,0x00000000,0,1,V
CTaskComplexKillPedOnFootArmed,CreateSubTask,0x00626FC0,0,1,S
CTaskComplexKillPedOnFootArmed,Destructor,0x00621250,1,0,S
CTaskComplexKillPedOnFootArmed,GetTaskType,0x00000000,1,0,V
CTaskComplexKillPedOnFootArmed,IsPedInLeaderFiringLine,0x00621300,1,0,S
CTaskComplexKillPedOnFootArmed,LineOfSightClearForAttack,0x00621500,1,0,S
CTaskComplexKillPedOnFootArmed,MakeAbortable,0x00000000,1,0,V
CTaskComplexKillPedOnFoot,Constructor,0x00620E30,1,0,S
CTaskComplexKillPedGroupOnFoot,Clone,0x00000000,1,0,V
CTaskComplexKillPedGroupOnFoot,ComputeNearestLivingGroupPed,0x00622450,1,0,S
CTaskComplexKillPedGroupOnFoot,Constructor,0x00622240,1,0,S
CTaskComplexKillPedGroupOnFoot,ControlSubTask,0x00000000,1,0,V
CTaskComplexKillPedGroupOnFoot,CreateFirstSubTask,0x00000000,1,0,V
CTaskComplexKillPedGroupOnFoot,CreateNextSubTask,0x00000000,1,0,V
CTaskComplexKillPedGroupOnFoot,CreateSubTask,0x00622320,1,0,S
CTaskComplexKillPedGroupOnFoot,Destructor,0x006222B0,1,0,S
CTaskComplexKillPedGroupOnFoot,GetTaskType,0x00000000,1,0,V
CTaskComplexKillPedFromBoat,Clone,0x00000000,0,1,V
CTaskComplexKillPedFromBoat,Constructor,0x006227C0,1,0,S
CTaskComplexKillPedFromBoat,ControlSubTask,0x00000000,0,1,V
CTaskComplexKillPedFromBoat,CreateFirstSubTask,0x00000000,0,1,V
CTaskComplexKillPedFromBoat,CreateNextSubTask,0x00000000,0,1,V
CTaskComplexKillPedFromBoat,Destructor,0x00622830,1,0,S
CTaskComplexKillPedFromBoat,GetTaskType,0x00000000,0,1,V
CTaskComplexKillCriminal,ChangeTarget,0x0068C6E0,1,0,S
CTaskComplexKillCriminal,Clone,0x00000000,1,0,V
CTaskComplexKillCriminal,Constructor,0x0068BE70,1,0,S
CTaskComplexKillCriminal,ControlSubTask,0x00000000,0,1,V
CTaskComplexKillCriminal,CreateFirstSubTask,0x00000000,0,1,V
CTaskComplexKillCriminal,CreateNextSubTask,0x00000000,1,0,V
CTaskComplexKillCriminal,CreateSubTask,0x0068C050,1,0,S
CTaskComplexKillCriminal,Destructor,0x0068BF30,1,0,S
CTaskComplexKillCriminal,FindNextCriminalToKill,0x0068C3C0,1,0,S
CTaskComplexKillCriminal,GetTaskType,0x00000000,1,0,V
CTaskComplexKillCriminal,MakeAbortable,0x00000000,1,0,V
CTaskComplexJump,Clone,0x00000000,1,0,V
CTaskComplexJump,Constructor,0x0067A030,1,0,S
CTaskComplexJump,CreateFirstSubTask,0x00000000,1,0,V
CTaskComplexJump,CreateNextSubTask,0x00000000,1,0,V
CTaskComplexJump,CreateSubTask,0x0067D980,1,0,S
CTaskComplexJump,MakeAbortable,0x00000000,1,0,V
CTaskComplexInvestigateDisturbance,Clone,0x00000000,1,0,V
CTaskComplexInvestigateDisturbance,Constructor,0x0066C720,1,0,S
CTaskComplexInvestigateDisturbance,ControlSubTask,0x00000000,1,0,V
CTaskComplexInvestigateDisturbance,CreateFirstSubTask,0x00000000,1,0,V
CTaskComplexInvestigateDisturbance,CreateNextSubTask,0x00000000,1,0,V
CTaskComplexInvestigateDisturbance,Destructor,0x0066C7A0,1,0,S
CTaskComplexInvestigateDisturbance,GetTaskType,0x00000000,1,0,V
CTaskComplexInvestigateDisturbance,MakeAbortable,0x00000000,1,0,V
CTaskComplexInvestigateDeadPed,Clone,0x00000000,1,0,V
CTaskComplexInvestigateDeadPed,ComputeTargetPos,0x00696EE0,1,0,S
CTaskComplexInvestigateDeadPed,Constructor,0x00696DF0,1,0,S
CTaskComplexInvestigateDeadPed,ControlSubTask,0x00000000,1,0,V
CTaskComplexInvestigateDeadPed,CreateFirstSubTask,0x00000000,1,0,V
CTaskComplexInvestigateDeadPed,CreateNextSubTask,0x00000000,1,0,V
CTaskComplexInvestigateDeadPed,CreateSubTask,0x00696F90,1,0,S
CTaskComplexInvestigateDeadPed,Destructor,0x00696E80,1,0,S
CTaskComplexInvestigateDeadPed,GetTaskType,0x00000000,1,0,V
CTaskComplexInWater,Clone,0x00000000,1,0,V
CTaskComplexInWater,Constructor,0x006350D0,1,0,S
CTaskComplexInWater,ControlSubTask,0x00000000,1,0,V
CTaskComplexInWater,CreateFirstSubTask,0x00000000,1,0,V
CTaskComplexInWater,CreateNextSubTask,0x00000000,1,0,V
CTaskComplexInWater,Destructor,0x00635100,1,0,S
CTaskComplexInWater,GetTaskType,0x00000000,1,0,V
CTaskComplexInAirAndLand,Constructor,0x00678C80,1,0,S
CTaskComplexInAirAndLand,ControlSubTask,0x00000000,1,0,V
CTaskComplexInAirAndLand,CreateFirstSubTask,0x00000000,1,0,V
CTaskComplexInAirAndLand,CreateNextSubTask,0x00000000,1,0,V
CTaskComplexHitResponse,Clone,0x00000000,1,0,V
CTaskComplexHitResponse,Constructor,0x00631D70,1,0,S
CTaskComplexHitResponse,ControlSubTask,0x00000000,1,0,V
CTaskComplexHitResponse,CreateFirstSubTask,0x00000000,1,0,V
CTaskComplexHitResponse,CreateNextSubTask,0x00000000,1,0,V
CTaskComplexHitResponse,Destructor,0x00631DA0,1,0,S
CTaskComplexHitResponse,GetTaskType,0x00000000,1,0,V
CTaskComplexHitByGunResponse,Clone,0x00000000,1,0,V
CTaskComplexHitByGunResponse,Constructor,0x00631DD0,1,0,S
CTaskComplexHitByGunResponse,ControlSubTask,0x00000000,1,0,V
CTaskComplexHitByGunResponse,CreateFirstSubTask,0x00000000,1,0,V
CTaskComplexHitByGunResponse,CreateNextSubTask,0x00000000,1,0,V
CTaskComplexHitByGunResponse,Destructor,0x00631E30,1,0,S
CTaskComplexHitByGunResponse,GetTaskType,0x00000000,1,0,V
CTaskComplexHitByGunResponse,MakeAbortable,0x00000000,1,0,V
CTaskComplexGotoDoorAndOpen,Clone,0x0066BCA0,0,1,S
CTaskComplexGotoDoorAndOpen,Constructor-0,0x0066BB20,1,0,S
CTaskComplexGotoDoorAndOpen,Constructor-1,0x0066BBA0,1,0,S
CTaskComplexGotoDoorAndOpen,ControlSubTask,0x0066C1F0,0,1,S
CTaskComplexGotoDoorAndOpen,CreateFirstSubTask,0x0066BD40,0,1,S
CTaskComplexGotoDoorAndOpen,CreateNextSubTask,0x0066C0D0,0,1,S
CTaskComplexGotoDoorAndOpen,Destructor,0x0066BC00,1,0,S
CTaskComplexGoToPointShooting,Clone,0x00000000,0,1,V
CTaskComplexGoToPointShooting,Constructor,0x00668C70,1,0,S
CTaskComplexGoToPointShooting,GetTaskType,0x00000000,0,1,V
CTaskComplexGoToPointAnyMeans,Constructor-1,0x0066B720,1,0,S
CTaskComplexGoToPointAnyMeans,Constructor-2,0x0066B790,1,0,S
CTaskComplexGoToPointAnyMeans,ControlSubTask,0x00672A50,0,1,S
CTaskComplexGoToPointAnyMeans,CreateFirstSubTask,0x006729C0,0,1,S
CTaskComplexGoToPointAnyMeans,CreateNextSubTask,0x006728A0,0,1,S
CTaskComplexGoToPointAnyMeans,CreateSubTask,0x006705D0,0,1,S
CTaskComplexGoToPointAnyMeans,Destructor,0x0066B830,1,0,S
CTaskComplexGoToPointAndStandStillTimed,Clone,0x00000000,1,0,V
CTaskComplexGoToPointAndStandStillTimed,Constructor,0x006685E0,1,0,S
CTaskComplexGoToPointAndStandStillTimed,ControlSubTask,0x00000000,1,0,V
CTaskComplexGoToPointAndStandStillTimed,CreateFirstSubTask,0x00000000,1,0,V
CTaskComplexGoToPointAndStandStillTimed,MakeAbortable,0x00000000,1,0,V
CTaskComplexGoToPointAndStandStillTimed,StopTimer,0x00000000,1,0,V
CTaskComplexGoToPointAndStandStillAndAchieveHeading,Clone,0x0066CFD0,0,1,S
CTaskComplexGoToPointAndStandStillAndAchieveHeading,Constructor,0x00668CD0,1,0,S
CTaskComplexGoToPointAndStandStillAndAchieveHeading,ControlSubTask,0x00668E80,0,1,S
CTaskComplexGoToPointAndStandStillAndAchieveHeading,CreateFirstSubTask,0x0066E030,0,1,S
CTaskComplexGoToPointAndStandStillAndAchieveHeading,CreateNextSubTask,0x0066DFD0,0,1,S
CTaskComplexGoToPointAndStandStillAndAchieveHeading,Destructor,0x00668D40,1,0,S
CTaskComplexGoToPointAndStandStillAndAchieveHeading,GetTaskType,0x00668D30,1,0,S
CTaskComplexGoToPointAndStandStill,Clone,0x00000000,1,0,V
CTaskComplexGoToPointAndStandStill,Constructor,0x00668120,1,0,S
CTaskComplexGoToPointAndStandStill,ControlSubTask,0x00000000,1,0,V
CTaskComplexGoToPointAndStandStill,CreateFirstSubTask,0x00000000,1,0,V
CTaskComplexGoToPointAndStandStill,CreateNextSubTask,0x00000000,1,0,V
CTaskComplexGoToPointAndStandStill,GetTaskType,0x00000000,1,0,V
CTaskComplexGoToPointAndStandStill,GoToPoint,0x0046FE60,1,0,S
CTaskComplexGoToPointAiming,Clone,0x00000000,1,0,V
CTaskComplexGoToPointAiming,Constructor,0x00668790,1,0,S
CTaskComplexGoToPointAiming,ControlSubTask,0x00000000,0,1,V
CTaskComplexGoToPointAiming,CreateFirstSubTask,0x00000000,0,1,V
CTaskComplexGoToPointAiming,CreateNextSubTask,0x00000000,1,0,V
CTaskComplexGoToPointAiming,CreateSubTask,0x006688D0,0,1,S
CTaskComplexGoToPointAiming,Destructor,0x00668870,1,0,S
CTaskComplexGoToPointAiming,GetTaskType,0x00000000,1,0,V
CTaskComplexGoToCarDoorAndStandStill,Clone,0x00000000,1,0,V
CTaskComplexGoToCarDoorAndStandStill,ComputeRouteToDoor,0x00645910,1,0,S
CTaskComplexGoToCarDoorAndStandStill,Constructor,0x00645780,1,0,S
CTaskComplexGoToCarDoorAndStandStill,ControlSubTask,0x00000000,1,0,V
CTaskComplexGoToCarDoorAndStandStill,CreateFirstSubTask,0x00000000,1,0,V
CTaskComplexGoToCarDoorAndStandStill,CreateNextSubTask,0x00000000,1,0,V
CTaskComplexGoToCarDoorAndStandStill,CreateSubTask,0x0064A5F0,1,0,S
CTaskComplexGoToCarDoorAndStandStill,Destructor,0x0064A580,1,0,S
CTaskComplexGoToCarDoorAndStandStill,GetTaskType,0x00000000,1,0,V
CTaskComplexGoToCarDoorAndStandStill,IsVehicleInRange,0x006458A0,1,0,S
CTaskComplexGoToCarDoorAndStandStill,MakeAbortable,0x00000000,1,0,V
CTaskComplexGoToBoatSteeringWheel,Clone,0x00000000,1,0,V
CTaskComplexGoToBoatSteeringWheel,Constructor,0x00649090,1,0,S
CTaskComplexGoToBoatSteeringWheel,ControlSubTask,0x00000000,1,0,V
CTaskComplexGoToBoatSteeringWheel,CreateFirstSubTask,0x00000000,1,0,V
CTaskComplexGoToBoatSteeringWheel,CreateNextSubTask,0x00000000,1,0,V
CTaskComplexGoToBoatSteeringWheel,Destructor,0x00649100,1,0,S
CTaskComplexGoToAttractor,Clone,0x00000000,0,1,V
CTaskComplexGoToAttractor,Constructor,0x0066B640,1,0,S
CTaskComplexGoToAttractor,CreateFirstSubTask,0x00000000,0,1,V
CTaskComplexGoToAttractor,CreateNextSubTask,0x00000000,0,1,V
CTaskComplexGoToAttractor,Destructor,0x0066B6A0,1,0,S
CTaskComplexGetUpAndStandStill,Constructor,0x00678130,1,0,S
CTaskComplexGetUpAndStandStill,ControlSubTask,0x00000000,1,0,V
CTaskComplexGetUpAndStandStill,CreateFirstSubTask,0x00000000,1,0,V
CTaskComplexGetUpAndStandStill,CreateNextSubTask,0x00000000,1,0,V
CTaskComplexGetUpAndStandStill,CreateSubTask,0x00678170,1,0,S
CTaskComplexGetOnBoatSeat,Clone,0x00000000,1,0,V
CTaskComplexGetOnBoatSeat,Constructor,0x00649210,1,0,S
CTaskComplexGetOnBoatSeat,ControlSubTask,0x00000000,1,0,V
CTaskComplexGetOnBoatSeat,CreateFirstSubTask,0x00000000,1,0,V
CTaskComplexGetOnBoatSeat,CreateNextSubTask,0x00000000,1,0,V
CTaskComplexGetOnBoatSeat,Destructor,0x00649280,1,0,S
CTaskComplexGetOnBoatSeat,GetTaskType,0x00000000,1,0,V
CTaskComplexGetOnBoatSeat,MakeAbortable,0x00000000,1,0,V
CTaskComplexGangLeader,Clone,0x00000000,1,1,V
CTaskComplexGangLeader,Constructor,0x0065DED0,1,0,S
CTaskComplexGangLeader,ControlSubTask,0x00000000,1,1,V
CTaskComplexGangLeader,CreateFirstSubTask,0x00000000,1,1,V
CTaskComplexGangLeader,CreateNextSubTask,0x00000000,1,1,V
CTaskComplexGangLeader,Destructor,0x0065DF30,1,0,S
CTaskComplexGangLeader,DoGangAbuseSpeech,0x0065E860,1,1,S
CTaskComplexGangLeader,GetRandomGangAmbientAnim,0x0065E730,1,1,S
CTaskComplexGangLeader,GetTaskType,0x00000000,1,1,V
CTaskComplexGangLeader,MakeAbortable,0x00000000,1,1,V
CTaskComplexGangLeader,ScanForStuff,0x00000000,1,1,V
CTaskComplexGangLeader,ShouldLoadGangAnims,0x0065E7F0,1,1,S
CTaskComplexGangLeader,TryToPassObject,0x0065EA50,1,1,S
CTaskComplexGangJoinRespond,Clone,0x00000000,0,1,V
CTaskComplexGangJoinRespond,Constructor,0x006616F0,1,0,S
CTaskComplexGangJoinRespond,ControlSubTask,0x00000000,0,1,V
CTaskComplexGangJoinRespond,CreateFirstSubTask,0x00000000,0,1,V
CTaskComplexGangJoinRespond,CreateNextSubTask,0x00000000,0,1,V
CTaskComplexGangJoinRespond,Destructor,0x00661720,1,0,S
CTaskComplexGangJoinRespond,MakeAbortable,0x00000000,0,1,V
CTaskComplexGangFollower,Clone,0x0065ECB0,0,1,S
CTaskComplexGangFollower,Constructor,0x0065EAA0,0,1,S
CTaskComplexGangFollower,ControlSubTask,0x00662A10,0,1,S
CTaskComplexGangFollower,CreateFirstSubTask,0x00666160,0,1,S
CTaskComplexGangFollower,CreateNextSubTask,0x00665E00,0,1,S
CTaskComplexGangFollower,Destructor,0x0065EBB0,0,1,S
CTaskComplexGangFollower,MakeAbortable,0x0065EC30,0,1,S
CTaskComplexFollowPointRoute,CalcBlendRatio,0x0066E710,1,0,S
CTaskComplexFollowPointRoute,CalcGoToTaskType,0x0066E150,1,0,S
CTaskComplexFollowPointRoute,Clone,0x00000000,1,0,V
CTaskComplexFollowPointRoute,Constructor,0x00671510,1,0,S
CTaskComplexFollowPointRoute,ControlSubTask,0x00000000,1,0,V
CTaskComplexFollowPointRoute,CreateFirstSubTask,0x00000000,1,0,V
CTaskComplexFollowPointRoute,CreateNextSubTask,0x00000000,1,0,V
CTaskComplexFollowPointRoute,CreateTask,0x00669090,1,0,S
CTaskComplexFollowPointRoute,GetLastWaypoint,0x00669340,1,0,S
CTaskComplexFollowPointRoute,GetNextWaypoint,0x00669420,1,0,S
CTaskComplexFollowPointRoute,GetSubTaskType,0x00668FE0,1,0,S
CTaskComplexFollowPointRoute,GetTaskType,0x00000000,1,0,V
CTaskComplexFollowPointRoute,MakeAbortable,0x00000000,1,0,V
CTaskComplexFollowPedFootsteps,Constructor,0x00694E20,1,0,S
CTaskComplexFollowNodeRoute,CalcBlendRatio,0x0066EDC0,1,0,S
CTaskComplexFollowNodeRoute,CalcGoToTaskType,0x0066EBE0,1,0,S
CTaskComplexFollowNodeRoute,CanGoStraightThere,0x0066EF20,1,0,S
CTaskComplexFollowNodeRoute,Clone,0x00000000,1,0,V
CTaskComplexFollowNodeRoute,ComputePathNodes,0x0066EFA0,1,0,S
CTaskComplexFollowNodeRoute,ComputeRoute,0x006699E0,1,0,S
CTaskComplexFollowNodeRoute,Constructor,0x0066EA30,1,0,S
CTaskComplexFollowNodeRoute,ControlSubTask,0x00000000,1,0,V
CTaskComplexFollowNodeRoute,CreateFirstSubTask,0x00000000,1,0,V
CTaskComplexFollowNodeRoute,CreateNextSubTask,0x00000000,1,0,V
CTaskComplexFollowNodeRoute,CreateSubTask,0x00669690,1,0,S
CTaskComplexFollowNodeRoute,Destructor,0x0066EB70,1,0,S
CTaskComplexFollowNodeRoute,GetLastWaypoint,0x006698E0,1,0,S
CTaskComplexFollowNodeRoute,GetNextWaypoint,0x00669980,1,0,S
CTaskComplexFollowNodeRoute,GetSubTaskType,0x00669650,1,0,S
CTaskComplexFollowNodeRoute,GetTaskType,0x00000000,1,0,V
CTaskComplexFollowNodeRoute,MakeAbortable,0x00000000,1,0,V
CTaskComplexFollowNodeRoute,SetTarget,0x00671750,1,0,S
CTaskComplexFollowNodeRoute,StopTimer,0x00000000,1,0,V
CTaskComplexFollowLeaderInFormation,Clone,0x00000000,0,1,V
CTaskComplexFollowLeaderInFormation,Constructor,0x006949A0,0,1,S
CTaskComplexFollowLeaderInFormation,ControlSubTask,0x00000000,0,1,V
CTaskComplexFollowLeaderInFormation,CreateFirstSubTask,0x00000000,0,1,V
CTaskComplexFollowLeaderInFormation,CreateNextSubTask,0x00000000,0,1,V
CTaskComplexFollowLeaderInFormation,Destructor,0x00694A40,1,0,S
CTaskComplexFollowLeaderInFormation,GetTaskType,0x00000000,0,1,V
CTaskComplexFollowLeaderAnyMeans,Clone,0x00000000,1,0,V
CTaskComplexFollowLeaderAnyMeans,Constructor,0x00694AA0,1,0,S
CTaskComplexFollowLeaderAnyMeans,ControlSubTask,0x00000000,1,0,V
CTaskComplexFollowLeaderAnyMeans,CreateFirstSubTask,0x00000000,1,0,V
CTaskComplexFollowLeaderAnyMeans,CreateNextSubTask,0x00000000,1,0,V
CTaskComplexFollowLeaderAnyMeans,CreateSubTask,0x00696680,1,0,S
CTaskComplexFollowLeaderAnyMeans,Destructor,0x00694B30,1,0,S
CTaskComplexFollowLeaderAnyMeans,GetTaskType,0x00000000,1,0,V
CTaskComplexFleeShooting,Clone,0x00000000,1,0,V
CTaskComplexFleeShooting,Constructor,0x0065C900,1,0,S
CTaskComplexFleeShooting,ControlSubTask,0x00000000,1,0,V
CTaskComplexFleeShooting,CreateFirstSubTask,0x00000000,1,0,V
CTaskComplexFleeShooting,CreateNextSubTask,0x00000000,1,0,V
CTaskComplexFleeShooting,Destructor,0x0065C9A0,1,0,S
CTaskComplexFleeShooting,GetTaskType,0x00000000,1,0,V
CTaskComplexFleeShooting,MakeAbortable,0x00000000,1,0,V
CTaskComplexFleePoint,Clone,0x00000000,1,0,V
CTaskComplexFleePoint,ComputeTargetPoint,0x0065B820,1,0,S
CTaskComplexFleePoint,Constructor,0x0065B390,1,0,S
CTaskComplexFleePoint,ControlSubTask,0x00000000,1,0,V
CTaskComplexFleePoint,CreateFirstSubTask,0x00000000,1,0,V
CTaskComplexFleePoint,CreateNextSubTask,0x00000000,1,0,V
CTaskComplexFleePoint,CreateSubTask,0x0065B460,1,0,S
CTaskComplexFleePoint,Destructor,0x0065B410,1,0,S
CTaskComplexFleePoint,GetTaskType,0x00000000,1,0,V
CTaskComplexFleePoint,MakeAbortable,0x00000000,1,0,V
CTaskComplexFleePoint,SetFleePosition,0x0065B7B0,1,0,S
CTaskComplexFleeEntity,Clone,0x00000000,1,0,V
CTaskComplexFleeEntity,Constructor,0x0065B930,1,0,S
CTaskComplexFleeEntity,ControlSubTask,0x00000000,1,0,V
CTaskComplexFleeEntity,CreateFirstSubTask,0x00000000,1,0,V
CTaskComplexFleeEntity,CreateNextSubTask,0x00000000,1,0,V
CTaskComplexFleeEntity,CreateSubTask,0x0065BA30,1,0,S
CTaskComplexFleeEntity,Destructor,0x0065B9D0,1,0,S
CTaskComplexFleeEntity,GetTaskType,0x00000000,1,0,V
CTaskComplexFleeAnyMeans,Clone,0x00000000,1,0,V
CTaskComplexFleeAnyMeans,Constructor,0x0065CC60,1,0,S
CTaskComplexFleeAnyMeans,ControlSubTask,0x00000000,1,0,V
CTaskComplexFleeAnyMeans,CreateFirstSubTask,0x00000000,1,0,V
CTaskComplexFleeAnyMeans,CreateNextSubTask,0x00000000,1,0,V
CTaskComplexFleeAnyMeans,CreateSubTask,0x0065D2E0,1,0,S
CTaskComplexFleeAnyMeans,Destructor,0x0065CD10,1,0,S
CTaskComplexFleeAnyMeans,GetTaskType,0x00000000,1,0,V
CTaskComplexFallToDeath,CalcFall,0x006796C0,1,0,S
CTaskComplexFallToDeath,Constructor,0x00679040,1,0,S
CTaskComplexFallToDeath,ControlSubTask,0x00000000,1,0,V
CTaskComplexFallToDeath,CreateFirstSubTask,0x00000000,1,0,V
CTaskComplexFallToDeath,CreateNextSubTask,0x00000000,1,0,V
CTaskComplexFallToDeath,MakeAbortable,0x00000000,1,0,V
CTaskComplexFallAndGetUp,Constructor,0x006786C0,1,0,S
CTaskComplexFallAndGetUp,Constructor2,0x00678700,1,0,S
CTaskComplexFallAndGetUp,ControlSubTask,0x00000000,1,0,V
CTaskComplexFallAndGetUp,CreateFirstSubTask,0x00000000,1,0,V
CTaskComplexFallAndGetUp,CreateNextSubTask,0x00000000,1,0,V
CTaskComplexFallAndGetUp,CreateSubTask,0x00678900,1,0,S
CTaskComplexFallAndGetUp,IsFalling,0x006787D0,1,0,S
CTaskComplexFallAndGetUp,MakeAbortable,0x00000000,1,0,V
CTaskComplexFallAndGetUp,SetDownTime,0x006787A0,1,0,S
CTaskComplexFacial,Clone,0x00000000,1,0,V
CTaskComplexFacial,Constructor,0x00690D20,1,0,S
CTaskComplexFacial,ControlSubTask,0x00000000,1,0,V
CTaskComplexFacial,CreateFirstSubTask,0x00000000,1,0,V
CTaskComplexFacial,CreateNextSubTask,0x00000000,1,0,V
CTaskComplexFacial,GetTaskType,0x00000000,1,0,V
CTaskComplexFacial,MakeAbortable,0x00000000,1,0,V
CTaskComplexFacial,SetRequest,0x00691230,1,0,S
CTaskComplexFacial,StopAll,0x00691250,1,0,S
CTaskComplexExtinguishFires,Clone,0x00000000,1,0,V
CTaskComplexExtinguishFires,Constructor,0x006975C0,1,0,S
CTaskComplexExtinguishFires,ControlSubTask,0x00000000,1,0,V
CTaskComplexExtinguishFires,CreateFirstSubTask,0x00000000,1,0,V
CTaskComplexExtinguishFires,CreateNextSubTask,0x00000000,1,0,V
CTaskComplexExtinguishFires,Destructor,0x006975F0,1,0,S
CTaskComplexExtinguishFires,GetNearestFire,0x00697600,1,0,S
CTaskComplexExtinguishFires,GetTaskType,0x00000000,1,0,V
CTaskComplexEvasiveDiveAndGetUp,Clone,0x00000000,1,0,V
CTaskComplexEvasiveDiveAndGetUp,Constructor,0x006536B0,1,0,S
CTaskComplexEvasiveDiveAndGetUp,ControlSubTask,0x00000000,1,0,V
CTaskComplexEvasiveDiveAndGetUp,CreateFirstSubTask,0x00000000,1,0,V
CTaskComplexEvasiveDiveAndGetUp,CreateNextSubTask,0x00000000,1,0,V
CTaskComplexEvasiveDiveAndGetUp,CreateSubTask,0x00653820,1,0,S
CTaskComplexEvasiveDiveAndGetUp,Destructor,0x00653740,1,0,S
CTaskComplexEvasiveDiveAndGetUp,GetTaskType,0x00000000,1,0,V
CTaskComplexEvasiveDiveAndGetUp,MakeAbortable,0x00000000,1,0,V
CTaskComplexEnterCarAsPassengerTimed,Clone,0x00000000,1,0,V
CTaskComplexEnterCarAsPassengerTimed,Constructor,0x0063B030,1,0,S
CTaskComplexEnterCarAsPassengerTimed,ControlSubTask,0x00000000,1,0,V
CTaskComplexEnterCarAsPassengerTimed,CreateFirstSubTask,0x00000000,1,0,V
CTaskComplexEnterCarAsPassengerTimed,CreateNextSubTask,0x00000000,1,0,V
CTaskComplexEnterCarAsPassengerTimed,Destructor,0x0063B0C0,1,0,S
CTaskComplexEnterCarAsPassengerTimed,GetTaskType,0x00000000,1,0,V
CTaskComplexEnterCarAsPassengerTimed,MakeAbortable,0x00000000,1,0,V
CTaskComplexEnterCarAsPassengerTimed,StopTimer,0x00000000,1,0,V
CTaskComplexEnterCarAsDriverTimed,Clone,0x00000000,1,0,V
CTaskComplexEnterCarAsDriverTimed,Constructor,0x0063AD70,1,0,S
CTaskComplexEnterCarAsDriverTimed,ControlSubTask,0x00000000,1,0,V
CTaskComplexEnterCarAsDriverTimed,CreateFirstSubTask,0x00000000,1,0,V
CTaskComplexEnterCarAsDriverTimed,CreateNextSubTask,0x00000000,1,0,V
CTaskComplexEnterCarAsDriverTimed,Destructor,0x0063AE00,1,0,S
CTaskComplexEnterCarAsDriverTimed,GetTaskType,0x00000000,1,0,V
CTaskComplexEnterCarAsDriverTimed,MakeAbortable,0x00000000,1,0,V
CTaskComplexEnterCarAsDriverTimed,StopTimer,0x00000000,1,0,V
CTaskComplexEnterCar,Constructor,0x0063A220,1,0,S
CTaskComplexEnterCar,ControlSubTask,0x00000000,1,0,V
CTaskComplexEnterCar,CreateFirstSubTask,0x00000000,1,0,V
CTaskComplexEnterCar,CreateNextSubTask,0x00000000,1,0,V
CTaskComplexEnterCar,CreateNextSubTask_AfterSimpleCarAlign,0x00000000,1,0,V
CTaskComplexEnterCar,CreateSubTask,0x0063E040,1,0,S
CTaskComplexEnterCar,CreateTaskUtilityLineUpPedWithCar,0x0063ACC0,1,0,S
CTaskComplexEnterCar,Destructor,0x0063DFA0,1,0,S
CTaskComplexEnterCar,GetCameraAvoidVehicle,0x0063A690,1,0,S
CTaskComplexEnterCar,GetTargetPos,0x0063A300,1,0,S
CTaskComplexEnterCar,MakeAbortable,0x00000000,1,0,V
CTaskComplexEnterCar,PreparePedForVehicleEnter,0x0063AC80,1,0,S
CTaskComplexEnterCar,PrepareVehicleForPedEnter,0x0063AC10,1,0,S
CTaskComplexEnterCar,SetVehicleFlags,0x0063AB90,1,0,S
CTaskComplexEnterBoatAsDriver,Clone,0x00000000,1,0,V
CTaskComplexEnterBoatAsDriver,Constructor,0x0063B5E0,1,0,S
CTaskComplexEnterBoatAsDriver,ControlSubTask,0x00000000,1,0,V
CTaskComplexEnterBoatAsDriver,CreateFirstSubTask,0x00000000,1,0,V
CTaskComplexEnterBoatAsDriver,CreateNextSubTask,0x00000000,1,0,V
CTaskComplexEnterBoatAsDriver,CreateSubTask,0x0063B6C0,1,0,S
CTaskComplexEnterBoatAsDriver,Destructor,0x0063B650,1,0,S
CTaskComplexEnterBoatAsDriver,GetTaskType,0x00000000,1,0,V
CTaskComplexEnterAnyCarAsDriver,Clone,0x00000000,1,0,V
CTaskComplexEnterAnyCarAsDriver,ControlSubTask,0x00000000,1,0,V
CTaskComplexEnterAnyCarAsDriver,CreateFirstSubTask,0x00000000,1,0,V
CTaskComplexEnterAnyCarAsDriver,CreateNextSubTask,0x00000000,1,0,V
CTaskComplexEnterAnyCarAsDriver,GetTaskType,0x00000000,1,0,V
CTaskComplexDrivePointRoute,Clone,0x00000000,1,0,V
CTaskComplexDrivePointRoute,Constructor,0x006433E0,1,0,S
CTaskComplexDrivePointRoute,ControlSubTask,0x00000000,1,0,V
CTaskComplexDrivePointRoute,CreateFirstSubTask,0x00000000,1,0,V
CTaskComplexDrivePointRoute,CreateNextSubTask,0x00000000,1,0,V
CTaskComplexDrivePointRoute,Destructor,0x00643490,1,0,S
CTaskComplexDrivePointRoute,GetTaskType,0x00000000,1,0,V
CTaskComplexDriveFireTruck,Clone,0x00000000,1,0,V
CTaskComplexDriveFireTruck,Constructor,0x00659310,1,0,S
CTaskComplexDriveFireTruck,ControlSubTask,0x00000000,1,0,V
CTaskComplexDriveFireTruck,CreateFirstSubTask,0x00000000,1,0,V
CTaskComplexDriveFireTruck,CreateNextSubTask,0x00000000,1,0,V
CTaskComplexDriveFireTruck,CreateSubTask,0x0065A240,1,0,S
CTaskComplexDragPedFromCar,ControlSubTask,0x00000000,1,0,V
CTaskComplexDragPedFromCar,CreateFirstSubTask,0x00000000,0,1,V
CTaskComplexDiveFromAttachedEntityAndGetUp,Clone,0x00000000,1,0,V
CTaskComplexDiveFromAttachedEntityAndGetUp,Constructor,0x00492E20,1,0,S
CTaskComplexDiveFromAttachedEntityAndGetUp,ControlSubTask,0x00000000,1,0,V
CTaskComplexDiveFromAttachedEntityAndGetUp,CreateFirstSubTask,0x00000000,1,0,V
CTaskComplexDiveFromAttachedEntityAndGetUp,CreateNextSubTask,0x00000000,1,0,V
CTaskComplexDiveFromAttachedEntityAndGetUp,Destructor,0x00492F10,1,0,S
CTaskComplexDiveFromAttachedEntityAndGetUp,GetTaskType,0x00000000,1,0,V
CTaskComplexDieInCar,ControlSubTask,0x00000000,1,0,V
CTaskComplexDieInCar,CreateFirstSubTask,0x00000000,1,0,V
CTaskComplexDieInCar,CreateNextSubTask,0x00000000,1,0,V
CTaskComplexDieInCar,CreateSubTask,0x0062FD50,1,0,S
CTaskComplexDieInCar,MakeAbortable,0x00000000,1,0,V
CTaskComplexDieInCar,PreparePedVehicleForPedDeath,0x0062FD00,1,0,S
CTaskComplexDie,Constructor,0x00630040,1,0,S
CTaskComplexDie,CreateFirstSubTask,0x00000000,1,0,V
CTaskComplexDie,CreateNextSubTask,0x00000000,1,0,V
CTaskComplexDie,MakeAbortable,0x00000000,1,0,V
CTaskComplexDie,SayDeathSample,0x00630100,1,0,S
CTaskComplexDestroyCarMelee,CalculateSearchPositionAndRanges,0x006289F0,1,0,S
CTaskComplexDestroyCarMelee,Clone,0x00000000,1,0,V
CTaskComplexDestroyCarMelee,Constructor,0x00621D10,1,0,S
CTaskComplexDestroyCarMelee,ControlSubTask,0x00000000,1,0,V
CTaskComplexDestroyCarMelee,CreateFirstSubTask,0x00000000,1,0,V
CTaskComplexDestroyCarMelee,CreateNextSubTask,0x00000000,1,0,V
CTaskComplexDestroyCarMelee,CreateSubTask,0x00628A70,1,0,S
CTaskComplexDestroyCarMelee,Destructor,0x00621DA0,1,0,S
CTaskComplexDestroyCarMelee,GetTaskType,0x00000000,1,0,V
CTaskComplexDestroyCarMelee,MakeAbortable,0x00000000,1,0,V
CTaskComplexDestroyCarArmed,CalculateSearchPositionAndRanges,0x00628C80,1,1,S
CTaskComplexDestroyCarArmed,Clone,0x00000000,1,0,V
CTaskComplexDestroyCarArmed,Constructor,0x00621F50,1,0,S
CTaskComplexDestroyCarArmed,ControlSubTask,0x00000000,1,0,V
CTaskComplexDestroyCarArmed,CreateFirstSubTask,0x00000000,1,0,V
CTaskComplexDestroyCarArmed,CreateNextSubTask,0x00000000,1,0,V
CTaskComplexDestroyCarArmed,CreateSubTask,0x00628DA0,1,1,S
CTaskComplexDestroyCarArmed,Destructor,0x00622010,1,0,S
CTaskComplexDestroyCarArmed,GetTaskType,0x00000000,1,0,V
CTaskComplexDestroyCarArmed,MakeAbortable,0x00000000,1,0,V
CTaskComplexDestroyCar,Clone,0x00000000,1,0,V
CTaskComplexDestroyCar,Constructor,0x00621C00,1,0,S
CTaskComplexDestroyCar,ControlSubTask,0x00000000,0,1,V
CTaskComplexDestroyCar,CreateFirstSubTask,0x00000000,1,0,V
CTaskComplexDestroyCar,CreateNextSubTask,0x00000000,1,0,V
CTaskComplexDestroyCar,CreateSubTask,0x006287A0,1,0,S
CTaskComplexDestroyCar,Destructor,0x00621CB0,1,0,S
CTaskComplexDestroyCar,GetTaskType,0x00000000,1,0,V
CTaskComplexDestroyCar,MakeAbortable,0x00000000,1,0,V
CTaskComplexCopInCar,Clone,0x00000000,1,0,V
CTaskComplexCopInCar,Constructor,0x0068C7F0,1,0,S
CTaskComplexCopInCar,ControlSubTask,0x00000000,1,0,V
CTaskComplexCopInCar,CreateFirstSubTask,0x00000000,1,0,V
CTaskComplexCopInCar,CreateNextSubTask,0x00000000,1,0,V
CTaskComplexCopInCar,CreateSubTask,0x0068C9E0,1,0,S
CTaskComplexCopInCar,Destructor,0x0068C8C0,1,0,S
CTaskComplexCopInCar,GetTaskType,0x00000000,1,0,V
CTaskComplexCopInCar,MakeAbortable,0x00000000,1,0,V
CTaskComplexCarSlowBeDraggedOutAndStandUp,Clone,0x0064A190,0,1,S
CTaskComplexCarSlowBeDraggedOutAndStandUp,Constructor,0x00648620,1,0,S
CTaskComplexCarSlowBeDraggedOutAndStandUp,ControlSubTask,0x00648B80,0,1,S
CTaskComplexCarSlowBeDraggedOutAndStandUp,CreateFirstSubTask,0x00648A10,0,1,S
CTaskComplexCarSlowBeDraggedOutAndStandUp,CreateNextSubTask,0x006488F0,0,1,S
CTaskComplexCarSlowBeDraggedOutAndStandUp,CreateSubTask,0x00648710,0,1,S
CTaskComplexCarSlowBeDraggedOutAndStandUp,Destructor,0x00648690,1,0,S
CTaskComplexCarSlowBeDraggedOutAndStandUp,GetTaskType,0x00648680,1,0,S
CTaskComplexCarSlowBeDraggedOutAndStandUp,MakeAbortable,0x006486F0,0,1,S
CTaskComplexCarSlowBeDraggedOut,Clone,0x00000000,1,0,V
CTaskComplexCarSlowBeDraggedOut,Constructor,0x00648490,1,0,S
CTaskComplexCarSlowBeDraggedOut,ControlSubTask,0x00000000,1,0,V
CTaskComplexCarSlowBeDraggedOut,CreateFirstSubTask,0x00000000,1,0,V
CTaskComplexCarSlowBeDraggedOut,CreateNextSubTask,0x00000000,1,0,V
CTaskComplexCarSlowBeDraggedOut,CreateSubTask,0x0064C6A0,1,0,S
CTaskComplexCarSlowBeDraggedOut,CreateTaskUtilityLineUpPedWithCar,0x00648520,1,0,S
CTaskComplexCarSlowBeDraggedOut,Destructor,0x0064C580,1,0,S
CTaskComplexCarSlowBeDraggedOut,GetTaskType,0x00000000,1,0,V
CTaskComplexCarSlowBeDraggedOut,MakeAbortable,0x00000000,1,0,V
CTaskComplexCarSlowBeDraggedOut,PrepareVehicleForPedExit,0x006485A0,1,0,S
CTaskComplexCarDriveMission,Clone,0x00000000,1,0,V
CTaskComplexCarDriveMission,Constructor,0x0063CC30,1,0,S
CTaskComplexCarDriveMission,Destructor,0x0063CCC0,1,0,S
CTaskComplexCarDriveMission,GetTaskType,0x00000000,1,0,V
CTaskComplexCarDriveMission,SetUpCar,0x00000000,1,0,V
CTaskComplexCarDrive,Clone,0x00000000,1,0,V
CTaskComplexCarDrive,Constructor_0,0x0063C9D0,1,0,S
CTaskComplexCarDrive,Constructor_1,0x0063C940,1,0,S
CTaskComplexCarDrive,ControlSubTask,0x00000000,1,0,V
CTaskComplexCarDrive,CreateFirstSubTask,0x00000000,1,0,V
CTaskComplexCarDrive,CreateNextSubTask,0x00000000,1,0,V
CTaskComplexCarDrive,CreateSubTask,0x00642FA0,1,0,S
CTaskComplexCarDrive,CreateSubTaskCannotGetInCar,0x00643200,1,0,S
CTaskComplexCarDrive,Destructor,0x0063CA40,1,0,S
CTaskComplexCarDrive,Drive,0x00000000,1,0,V
CTaskComplexCarDrive,SetUpCar,0x00000000,1,0,V
CTaskComplexBeInGroup,Clone,0x00000000,1,0,V
CTaskComplexBeInGroup,Constructor,0x00632E50,1,0,S
CTaskComplexBeInGroup,ControlSubTask,0x00000000,1,0,V
CTaskComplexBeInGroup,CreateFirstSubTask,0x00000000,1,0,V
CTaskComplexBeInGroup,CreateNextSubTask,0x00000000,1,0,V
CTaskComplexBeInGroup,Destructor,0x00632EA0,1,0,S
CTaskComplexBeInGroup,GetTaskType,0x00000000,1,0,V
CTaskComplexBeInGroup,MakeAbortable,0x00000000,1,0,V
CTaskComplexBeInGroup,MonitorMainGroupTask,0x00633010,1,0,S
CTaskComplexBeInGroup,MonitorSecondaryGroupTask,0x006330B0,1,0,S
CTaskComplexAvoidOtherPedWhileWandering,Clone,0x00000000,1,0,V
CTaskComplexAvoidOtherPedWhileWandering,ComputeAvoidSphere,0x00672080,1,0,S
CTaskComplexAvoidOtherPedWhileWandering,ComputeDetourTarget,0x00672180,1,0,S
CTaskComplexAvoidOtherPedWhileWandering,ComputeRouteRoundSphere,0x0066A7B0,1,0,S
CTaskComplexAvoidOtherPedWhileWandering,ComputeSphere,0x0066A320,1,0,S
CTaskComplexAvoidOtherPedWhileWandering,Constructor,0x0066A100,1,0,S
CTaskComplexAvoidOtherPedWhileWandering,ControlSubTask,0x00000000,1,0,V
CTaskComplexAvoidOtherPedWhileWandering,CreateFirstSubTask,0x00000000,1,0,V
CTaskComplexAvoidOtherPedWhileWandering,CreateNextSubTask,0x00000000,1,0,V
CTaskComplexAvoidOtherPedWhileWandering,Destructor,0x0066A1D0,1,0,S
CTaskComplexAvoidOtherPedWhileWandering,GetTaskType,0x00000000,1,0,V
CTaskComplexAvoidOtherPedWhileWandering,MakeAbortable,0x00000000,1,0,V
CTaskComplexAvoidOtherPedWhileWandering,NearbyPedsInSphere,0x00671FE0,1,0,S
CTaskComplexAvoidOtherPedWhileWandering,QuitIK,0x0066A230,1,0,S
CTaskComplexAvoidOtherPedWhileWandering,SetUpIK,0x0066A850,1,0,S
CTaskComplexAttractorPartnerWait,Clone,0x00000000,1,0,V
CTaskComplexAttractorPartnerWait,ControlSubTask,0x00000000,1,0,V
CTaskComplexAttractorPartnerWait,CreateFirstSubTask,0x00000000,1,0,V
CTaskComplexAttractorPartnerWait,CreateNextSubTask,0x00000000,1,0,V
CTaskComplexAttractorPartnerWait,GetTaskType,0x00000000,1,0,V
CTaskComplexArrestPed,Constructor,0x0068B990,1,0,S
CTaskComplexArrestPed,ControlSubTask,0x00000000,0,1,V
CTaskComplexArrestPed,CreateFirstSubTask,0x00000000,1,0,V
CTaskComplexArrestPed,CreateNextSubTask,0x00000000,0,1,V
CTaskComplexArrestPed,CreateSubTask,0x0068CF80,0,1,S
CTaskComplexArrestPed,Destructor,0x0068BA00,1,0,S
CTaskComplexArrestPed,MakeAbortable,0x00000000,1,0,V
CScriptsForBrains,GetIndexOfScriptBrainWithThisName,0x0046AA30,1,0,S
CScriptsForBrains,HasAttractorScriptBrainWithThisNameLoaded,0x0046AB20,1,0,S
CScriptsForBrains,Init,0x0046A8C0,0,1,S
CScriptsForBrains,IsObjectWithinBrainActivationRange,0x0046B3D0,0,1,S
CScriptsForBrains,StartAttractorScriptBrainWithThisName,0x0046B390,1,0,S
CScriptsForBrains,StartOrRequestNewStreamedScriptBrain,0x0046CD80,0,1,S
CPedGroupDefaultTaskAllocatorStandStill,AllocateDefaultTasks,0x00000000,1,0,V
CPedGroupDefaultTaskAllocatorStandStill,GetType,0x00000000,1,0,V
CPedGroupDefaultTaskAllocatorSitInLeaderCar,AllocateDefaultTasks,0x00000000,0,1,V
CPedGroupDefaultTaskAllocatorSitInLeaderCar,GetType,0x00000000,1,0,V
CPedGroupDefaultTaskAllocatorRandom,AllocateDefaultTasks,0x00000000,0,1,V
CPedGroupDefaultTaskAllocatorRandom,GetType,0x00000000,1,0,V
CPedGroupDefaultTaskAllocatorFollowLimited,AllocateDefaultTasks,0x00000000,1,0,V
CPedGroupDefaultTaskAllocatorFollowLimited,GetType,0x00000000,1,0,V
CPedGroupDefaultTaskAllocatorFollowAnyMeans,AllocateDefaultTasks,0x00000000,1,0,V
CPedGroupDefaultTaskAllocatorFollowAnyMeans,GetType,0x00000000,1,0,V
CPedGroupDefaultTaskAllocatorChat,AllocateDefaultTasks,0x00000000,1,0,V
CPedGroupDefaultTaskAllocatorChat,GetType,0x00000000,1,0,V
CTaskAllocator,Abort,0x00000000,1,0,V
CTaskAllocator,IsFinished,0x00000000,1,0,V
CTaskAllocator,ProcessGroup,0x00000000,1,0,V
CTaskAllocatorPlayerCommandAttack,AllocateTasks,0x00000000,1,0,V
CTaskAllocatorPlayerCommandAttack,GetType,0x00000000,1,0,V
CTaskAllocatorPlayerCommandAttack,ProcessGroup,0x00000000,1,0,V
CTaskAllocatorKillThreatsDriveby,AllocateTasks,0x00000000,1,0,V
CTaskAllocatorKillThreatsDriveby,Constructor,0x0069CAF0,1,0,S
CTaskAllocatorKillThreatsDriveby,Destructor,0x0069CB60,1,0,S
CTaskAllocatorKillThreatsDriveby,GetType,0x00000000,1,0,V
CTaskAllocatorKillThreatsDriveby,ProcessGroup,0x00000000,1,0,V
CTaskAllocatorKillThreatsBasicRandomGroup,AllocateTasks,0x0069D460,1,0,S
CTaskAllocatorKillThreatsBasicRandomGroup,GetType,0x005F68F0,1,0,S
CTaskAllocatorKillThreatsBasic,AllocateTasks,0x00000000,1,0,V
CTaskAllocatorKillThreatsBasic,ComputeClosestPeds,0x0069C850,0,1,S
CTaskAllocatorKillThreatsBasic,Constructor,0x0069C710,1,0,S
CTaskAllocatorKillThreatsBasic,Destructor,0x0069C780,1,0,S
CTaskAllocatorKillThreatsBasic,GetType,0x00000000,1,0,V
CTaskAllocatorKillThreatsBasic,ProcessGroup,0x00000000,1,0,V
CTaskAllocatorKillOnFoot,AllocateTasks,0x00000000,1,0,V
CTaskAllocatorKillOnFoot,Constructor,0x0069BB80,1,0,S
CTaskAllocatorKillOnFoot,Destructor,0x0069BBF0,1,0,S
CTaskAllocatorKillOnFoot,GetType,0x00000000,1,0,V
CTaskAllocatorAttack,AllocateTasks,0x00000000,1,0,V
CTaskAllocatorAttack,Constructor,0x0069C240,1,0,S
CTaskAllocatorAttack,Destructor,0x0069C2D0,1,0,S
CTaskAllocatorAttack,GetType,0x00000000,1,0,V
CTaskAllocatorAttack,ProcessGroup,0x00000000,1,0,V
CTaskManager,AddSubTasks,0x00681A30,1,0,S
CTaskManager,ClearTaskEventResponse,0x00681BD0,1,0,S
CTaskManager,Constructor,0x006816A0,1,0,S
CTaskManager,Destructor,0x006816D0,1,0,S
CTaskManager,FindActiveTaskByType,0x00681740,1,0,S
CTaskManager,FindTaskByType,0x006817D0,1,0,S
CTaskManager,Flush,0x00681850,1,0,S
CTaskManager,FlushImmediately,0x006818A0,1,0,S
CTaskManager,GetActiveTask,0x00681720,1,0,S
CTaskManager,GetSimplestActiveTask,0x006819D0,1,0,S
CTaskManager,GetTaskSecondary,0x00681810,1,0,S
CTaskManager,HasTaskSecondary,0x00681820,1,0,S
CTaskManager,ManageTasks,0x00681C10,1,0,S
CTaskManager,ParentsControlChildren,0x00681A80,1,0,S
CTaskManager,SetNextSubTask,0x00681920,1,0,S
CTaskManager,SetTask,0x00681AF0,1,0,S
CTaskManager,SetTaskSecondary,0x00681B60,1,0,S
CTaskManager,StopTimers,0x006819A0,1,0,S
CTaskComplexSequence,AddTask-0,0x00632D10,1,0,S
CTaskComplexSequence,AddTask-1,0x00632D50,1,0,S
CTaskComplexSequence,Clone,0x00000000,1,0,V
CTaskComplexSequence,Constructor,0x00632BD0,1,0,S
CTaskComplexSequence,Contains,0x0041BF10,1,0,S
CTaskComplexSequence,ControlSubTask,0x00000000,1,0,V
CTaskComplexSequence,CreateFirstSubTask,0x00000000,1,0,V
CTaskComplexSequence,CreateNextSubTask-Internal,0x00632C70,1,0,S
CTaskComplexSequence,CreateNextSubTask-V,0x00000000,1,0,V
CTaskComplexSequence,DeRegister,0x00636BC0,1,0,S
CTaskComplexSequence,Flush,0x00632C10,1,0,S
CTaskComplexSequence,MakeAbortable,0x00000000,1,0,V
CTaskComplexSequence,SetCanBeEmptied,0x00463610,1,0,S
CTask,IsTaskPtr,0x0061A4B0,1,0,S
CTask,StopTimer,0x00000000,1,0,V
CTask,operator delete,0x0061A5B0,1,0,S
CTask,operator new,0x0061A5A0,1,0,S
CScriptedBrainTaskStore,Clear-ped,0x00635850,1,0,S
CScriptedBrainTaskStore,Clear-task,0x006357F0,1,0,S
CScriptedBrainTaskStore,GetTask,0x006357C0,1,0,S
CScriptedBrainTaskStore,SetTask,0x00635720,1,0,S
CScriptedBrainTaskEntry,Constructor,0x0062EC40,1,0,S
CPedScriptedTaskRecordData,AssociateWithEvent,0x00608500,1,0,S
CPedScriptedTaskRecordData,AssociateWithTask,0x00608520,1,0,S
CPedScriptedTaskRecordData,Constructor,0x00608330,1,0,S
CPedScriptedTaskRecordData,Flush,0x00608350,1,0,S
CPedScriptedTaskRecordData,Set-CEventScriptCommand,0x00608390,1,0,S
CPedScriptedTaskRecordData,Set-CTask,0x006083E0,1,0,S
CPedScriptedTaskRecordData,SetAsAttractorScriptTask,0x00608440,1,0,S
CPedScriptedTaskRecordData,SetAsGroupTask,0x006084A0,1,0,S
CPedScriptedTaskRecord,GetRecordAssociatedWithEvent,0x00608580,1,0,S
CPedScriptedTaskRecord,GetStatus-,0x00608750,1,0,S
CPedScriptedTaskRecord,GetStatus-opcode,0x00608710,1,0,S
CPedScriptedTaskRecord,GetVacantSlot,0x00608540,1,0,S
CPedScriptedTaskRecord,Process,0x006085E0,1,0,S
CPlayerPed,AnnoyPlayerPed,0x0060A040,1,0,S
CPlayerPed,Busted,0x00609EF0,1,0,S
CPlayerPed,CanIKReachThisTarget,0x00609F80,1,0,S
CPlayerPed,CanPlayerStartMission,0x00609590,1,0,S
CPlayerPed,CheatWantedLevel,0x00609F50,1,0,S
CPlayerPed,Clear3rdPersonMouseTarget,0x00609ED0,1,0,S
CPlayerPed,ClearAdrenaline,0x0060A070,1,0,S
CPlayerPed,ClearWeaponTarget,0x00609C80,1,0,S
CPlayerPed,DeactivatePlayerPed,0x00609520,1,0,S
CPlayerPed,DisbandPlayerGroup,0x0060A0A0,1,0,S
CPlayerPed,DoStuffToGoOnFire,0x0060A020,1,0,S
CPlayerPed,DoesPlayerWantNewWeapon,0x00609710,1,0,S
CPlayerPed,DoesTargetHaveToBeBroken,0x0060C0C0,1,0,S
CPlayerPed,EvaluateTarget,0x0060D020,1,0,S
CPlayerPed,FindPedToAttack,0x0060C5F0,1,0,S
CPlayerPed,FindTargetPriority,0x00609DE0,1,0,S
CPlayerPed,ForceGroupToAlwaysFollow,0x0060C7C0,1,0,S
CPlayerPed,ForceGroupToNeverFollow,0x0060C800,1,0,S
CPlayerPed,GetButtonSprintResults,0x0060A820,0,1,S
CPlayerPed,GetPadFromPlayer,0x00609560,1,0,S
CPlayerPed,GetPlayerInfoForThisPlayerPed,0x00609FF0,1,0,S
CPlayerPed,GetWantedLevel,0x0041BE60,1,0,S
CPlayerPed,GetWeaponRadiusOnScreen,0x00609CD0,1,0,S
CPlayerPed,HandlePlayerBreath,0x0060A8D0,1,0,S
CPlayerPed,HandleSprintEnergy,0x0060A550,1,0,S
CPlayerPed,IsHidden,0x00609620,1,0,S
CPlayerPed,LOSBlockedBetweenPeds,0x0060B550,1,0,S
CPlayerPed,Load,0x00000000,1,0,V
CPlayerPed,MakeChangesForNewWeapon-,0x0060B460,1,0,S
CPlayerPed,MakeChangesForNewWeapon-BySlot,0x0060D000,1,0,S
CPlayerPed,MakeGroupRespondToPlayerTakingDamage,0x0060A110,1,0,S
CPlayerPed,MakePlayerGroupDisappear,0x0060A440,1,0,S
CPlayerPed,MakePlayerGroupReappear,0x0060A4B0,1,0,S
CPlayerPed,PedCanBeTargettedVehicleWise,0x00609D90,1,0,S
CPlayerPed,PickWeaponAllowedFor2Player,0x00609800,1,0,S
CPlayerPed,PlayerHasJustAttackedSomeone,0x0060D5A0,1,0,S
CPlayerPed,ProcessControl,0x00000000,1,0,V
CPlayerPed,ProcessPlayerWeapon,0x006097F0,1,0,S
CPlayerPed,ReApplyMoveAnims,0x00609650,1,0,S
CPlayerPed,ReactivatePlayerPed,0x00609540,1,0,S
CPlayerPed,RemovePlayerPed,0x006094A0,1,0,S
CPlayerPed,ResetPlayerBreath,0x0060A8A0,1,0,S
CPlayerPed,ResetSprintEnergy,0x0060A530,1,0,S
CPlayerPed,Save,0x00000000,1,0,V
CPlayerPed,SetMoveAnim,0x00000000,1,0,V
CPlayerPed,SetPlayerMoveBlendRatio,0x0060C520,1,0,S
CPlayerPed,SetWantedLevel,0x00609F10,1,0,S
CPlayerPed,SetWantedLevelNoDrop,0x00609F30,1,0,S
CPlayerPed,SetupPlayerPed,0x0060D790,1,0,S
CPlayerPed,TellGroupToStartFollowingPlayer,0x0060A1D0,1,0,S
CPlayerPed,UpdateCameraWeaponModes,0x00609830,1,0,S
CPed,AddGogglesModel,0x005E3A90,1,0,S
CPed,AddWeaponModel,0x005E5ED0,1,0,S
CPed,AttachPedToBike,0x005E7E60,1,0,S
CPed,AttachPedToEntity,0x005E7CB0,1,0,S
CPed,CalculateNewOrientation,0x005E52E0,1,0,S
CPed,CalculateNewVelocity,0x005E4C50,0,1,S
CPed,CanBeArrested,0x005DF060,1,0,S
CPed,CanBeDeleted,0x005DF100,1,0,S
CPed,CanBeDeletedEvenInVehicle,0x005DF150,1,0,S
CPed,CanPedHoldConversation,0x005EFFA0,1,0,S
CPed,CanPedReturnToState,0x005DF000,1,0,S
CPed,CanSeeEntity,0x005E0730,1,0,S
CPed,CanSetPedState,0x005DF030,1,0,S
CPed,CanStrafeOrMouseControl,0x005DF090,1,0,S
CPed,CanThrowEntityThatThisPedIsHolding,0x005E0400,1,0,S
CPed,CanUseTorsoWhenLooking,0x005DED90,1,0,S
CPed,ClearAimFlag,0x005DEF20,1,0,S
CPed,ClearAll,0x005E5320,1,0,S
CPed,ClearLook,0x005E3FF0,1,0,S
CPed,ClearLookFlag,0x005E1950,1,0,S
CPed,ClearWeapon,0x005E62B0,1,0,S
CPed,ClearWeapons,0x005E6320,1,0,S
CPed,Constructor,0x005E8030,1,0,S
CPed,CreateDeadPedMoney,0x004590F0,1,0,S
CPed,CreateDeadPedPickupCoors-,0x00459180,1,0,S
CPed,CreateDeadPedWeaponPickups,0x004591D0,1,0,S
CPed,DeadPedMakesTyresBloody,0x006B4200,1,0,S
CPed,DeleteRwObject,0x00000000,1,0,V
CPed,Destructor,0x005E8620,1,0,S
CPed,DettachPedFromEntity,0x005E7EC0,1,0,S
CPed,DisablePedSpeech,0x005EFF60,1,0,S
CPed,DisablePedSpeechForScriptSpeech,0x005EFF80,1,0,S
CPed,DoFootLanded,0x005E5380,0,1,S
CPed,DoGunFlash,0x005DF340,1,0,S
CPed,DoWeHaveWeaponAvailable,0x005DF300,1,0,S
CPed,DoesLOSBulletHitPed,0x005F01A0,1,0,S
CPed,Dress,0x005E0130,1,0,S
CPed,DropEntityThatThisPedIsHolding,0x005E0360,1,0,S
CPed,EnablePedSpeech,0x005EFF70,1,0,S
CPed,EnablePedSpeechForScriptSpeech,0x005EFF90,1,0,S
CPed,FlagToDestroyWhenNextProcessed,0x00000000,1,0,V
CPed,GetBikeRidingSkill,0x005DF510,1,0,S
CPed,GetBonePosition-Original,0x005E4280,1,0,S
CPed,GetEntityThatThisPedIsHolding,0x005E02E0,1,0,S
CPed,GetHoldingTask,0x005E0290,1,0,S
CPed,GetLocalDirection,0x005DEF60,1,0,S
CPed,GetPedTalking,0x005EFF50,1,0,S
CPed,GetTransformedBonePosition,0x005E01C0,1,0,S
CPed,GetWalkAnimSpeed,0x005E04B0,1,0,S
CPed,GetWeaponSkill-Current,0x005E6580,1,0,S
CPed,GetWeaponSkill-WeaponType,0x005E3B60,1,0,S
CPed,GetWeaponSlot,0x005DF200,1,0,S
CPed,GiveDelayedWeapon,0x005E89B0,1,0,S
CPed,GiveObjectToPedToHold,0x005E4390,1,0,S
CPed,GiveWeapon-,0x005E6080,1,0,S
CPed,GiveWeaponAtStartOfFight,0x005E8AB0,1,0,S
CPed,GiveWeaponWhenJoiningGang,0x005E8BE0,1,0,S
CPed,GrantAmmo,0x005DF220,1,0,S
CPed,Initialise,0x005DEBB0,1,0,S
CPed,IsAlive,0x005E0170,1,0,S
CPed,IsPedHeadAbovePos,0x005F02C0,1,0,S
CPed,IsPedInControl,0x005E3960,1,0,S
CPed,IsPedShootable,0x005DEFD0,1,0,S
CPed,IsPlayer,0x005DF8F0,1,0,S
CPed,IsPlayingHandSignal,0x005E0460,1,0,S
CPed,IsPointerValid,0x005E4220,1,0,S
CPed,IsWearingGoggles,0x00479D10,1,0,S
CPed,KillPedWithCar,0x005F0360,0,1,S
CPed,Load,0x00000000,1,0,V
CPed,Look,0x005E7B20,1,0,S
CPed,MakeTyresMuddySectorList<CPtrListSingleLink<CPhysical*>>,0x006AE0D0,0,1,S
CPed,OurPedCanSeeThisEntity,0x005E1660,1,0,S
CPed,PedCanPickUpPickUp,0x00455560,1,0,S
CPed,PedIsInvolvedInConversation,0x0043AB90,1,0,S
CPed,PedIsReadyForConversation,0x0043ABA0,1,0,S
CPed,PlayFootSteps,0x005E57F0,0,1,S
CPed,PositionAnyPedOutOfCollision,0x005E13C0,1,0,S
CPed,PositionAttachedPed,0x005DFDF0,0,1,S
CPed,PositionPedOutOfCollision,0x005E0820,0,1,S
CPed,PreRender,0x00000000,1,0,V
CPed,PreRenderAfterTest,0x005E65A0,1,0,S
CPed,ProcessBuoyancy,0x005E1FA0,1,0,S
CPed,PutOnGoggles,0x005E3AE0,1,0,S
CPed,ReleaseCoverPoint,0x005E0270,1,0,S
CPed,RemoveBodyPart,0x005F0140,1,0,S
CPed,RemoveGogglesModel,0x005DF170,1,0,S
CPed,RemoveLighting,0x00000000,1,0,V
CPed,RemoveWeaponAnims,0x005F0250,1,0,S
CPed,RemoveWeaponForScriptedCutscene,0x005E6550,1,0,S
CPed,RemoveWeaponModel,0x005E3990,1,0,S
CPed,RemoveWeaponWhenEnteringVehicle,0x005E6370,1,0,S
CPed,Render,0x00000000,1,0,V
CPed,ReplaceWeaponForScriptedCutscene,0x005E6530,1,0,S
CPed,ReplaceWeaponWhenExitingVehicle,0x005E6490,1,0,S
CPed,RequestDelayedWeapon,0x005E8910,1,0,S
CPed,ResetGunFlashAlpha,0x005DF4E0,1,0,S
CPed,RestartNonPartialAnims,0x005DED50,1,0,S
CPed,RestoreHeadingRate,0x005DFD60,1,0,S
CPed,RestoreHeadingRateCB,0x005DFD70,1,0,S
CPed,Save,0x00000000,1,0,V
CPed,Say,0x005EFFE0,1,0,S
CPed,SayScript,0x005EFFB0,1,0,S
CPed,SetAimFlag-Entity,0x005DEED0,1,0,S
CPed,SetAimFlag-Heading,0x005E8830,1,0,S
CPed,SetAmmo,0x005DF290,1,0,S
CPed,SetCharCreatedBy,0x005E47E0,1,0,S
CPed,SetCurrentWeapon-Slot,0x005E61F0,1,0,S
CPed,SetCurrentWeapon-WepType,0x005E6280,1,0,S
CPed,SetGunFlashAlpha,0x005DF400,1,0,S
CPed,SetIdle,0x005E7980,1,0,S
CPed,SetLook-Entity,0x005E7A60,1,0,S
CPed,SetLook-Heading,0x005E79B0,1,0,S
CPed,SetLookFlag-Entity,0x005DEE40,1,0,S
CPed,SetLookFlag-Heading,0x005DEDC0,1,0,S
CPed,SetLookTimer,0x005DF8D0,1,0,S
CPed,SetModelIndex,0x00000000,1,0,V
CPed,SetMoveAnim,0x00000000,1,0,V
CPed,SetMoveAnimSpeed,0x005DEC10,1,0,S
CPed,SetMoveState,0x005DEC00,1,0,S
CPed,SetPedAtomicVisibilityCB,0x005F0060,1,0,S
CPed,SetPedDefaultDecisionMaker,0x005E06E0,1,0,S
CPed,SetPedPositionInCar,0x005DF910,1,0,S
CPed,SetPedState,0x005E4500,1,0,S
CPed,SetPedStats,0x005DEBC0,1,0,S
CPed,SetRadioStation,0x005DFD90,1,0,S
CPed,SetStayInSamePlace,0x00481090,1,0,S
CPed,SetWeaponSkill,0x005E3C10,1,0,S
CPed,SetupLighting,0x00000000,1,0,V
CPed,ShoulderBoneRotation,0x005DF560,1,0,S
CPed,SpawnFlyingComponent,0x005F0190,1,0,S
CPed,StopNonPartialAnims,0x005DED10,1,0,S
CPed,StopPlayingHandSignal,0x005E0480,1,0,S
CPed,TakeOffGoggles,0x005E6010,1,0,S
CPed,Teleport,0x00000000,1,0,V
CPed,TurnBody,0x005E4000,1,0,S
CPed,Undress,0x005E00F0,1,0,S
CPed,Update,0x005DEBE0,1,0,S
CPed,UpdatePosition,0x005E1B10,0,1,S
CPed,UpdateStatEnteringVehicle,0x005E01A0,1,0,S
CPed,UpdateStatLeavingVehicle,0x005E01B0,1,0,S
CPed,UseGroundColModel,0x005DEFE0,1,0,S
CPed,WorkOutHeadingForMovingFirstPerson,0x005E1A00,1,0,S
CPed,operator delete-anon,0x005E4760,1,0,S
CPed,operator new-anon,0x005E4720,1,0,S
CPed,operator new-poolIndexed,0x005E4730,1,0,S
CCopPed,AddCriminalToKill,0x005DDEB0,1,0,S
CCopPed,ClearCriminalsToKill,0x005DE070,1,0,S
CCopPed,Constructor,0x005DDC60,1,0,S
CCopPed,Destructor,0x005DE0D0,1,0,S
CCopPed,ProcessControl,0x00000000,1,0,V
CCopPed,RemoveCriminalToKill,0x005DE040,1,0,S
CCopPed,SetPartner,0x005DDE80,1,0,S
CObject,AddToControlCodeList,0x0059F400,1,0,S
CObject,CanBeDeleted,0x0059F120,1,0,S
CObject,CanBeTargetted,0x0059F320,1,0,S
CObject,CanBeUsedToTakeCoverBehind,0x005A1B60,1,0,S
CObject,Create-dummy,0x005A2070,1,0,S
CObject,Create-intbool,0x005A1F60,1,0,S
CObject,CreateRwObject,0x00000000,1,0,V
CObject,DeleteAllMissionObjects,0x005A1910,1,0,S
CObject,DeleteAllTempObjects,0x005A18B0,1,0,S
CObject,DeleteAllTempObjectsInArea,0x005A1980,1,0,S
CObject,DoBurnEffect,0x0059FB50,1,0,S
CObject,Explode,0x005A1340,1,0,S
CObject,GetLightingFromCollisionBelow,0x0059FD00,1,0,S
CObject,GetObjectCarriedWithRope,0x0059F3C0,1,0,S
CObject,GetRopeHeight,0x0059F380,1,0,S
CObject,GrabObjectToCarryWithRope,0x005A1AB0,1,0,S
CObject,Init,0x0059F840,1,0,S
CObject,IsObjectPointerValid,0x005A2C20,1,0,S
CObject,IsObjectPointerValid_NotInWorld,0x005A2B90,1,0,S
CObject,Load,0x005D2870,1,0,S
CObject,LockDoor,0x0059F5C0,1,0,S
CObject,ObjectDamage,0x005A0D90,1,0,S
CObject,ObjectFireDamage,0x005A1580,1,0,S
CObject,PreRender,0x00000000,1,0,V
CObject,ProcessControl,0x00000000,1,0,V
CObject,ProcessControlLogic,0x005A29A0,1,0,S
CObject,ProcessGarageDoorBehaviour,0x0044A4D0,1,0,S
CObject,ProcessSamSiteBehaviour,0x005A07D0,1,0,S
CObject,ProcessTrainCrossingBehaviour,0x005A0B50,1,0,S
CObject,RefModelInfo,0x0059F330,1,0,S
CObject,ReleaseObjectCarriedWithRope,0x0059F3E0,1,0,S
CObject,RemoveFromControlCodeList,0x0059F450,1,0,S
CObject,RemoveLighting,0x00000000,1,0,V
CObject,Render,0x00000000,1,0,V
CObject,ResetDoorAngle,0x0059F4B0,1,0,S
CObject,Save,0x005D2830,1,0,S
CObject,SetIsStatic,0x00000000,1,0,V
CObject,SetMatrixForTrainCrossing,0x0059F200,1,0,S
CObject,SetObjectTargettable,0x0059F300,1,0,S
CObject,SetRelatedDummy,0x0059F160,1,0,S
CObject,SetRemapTexture,0x0059F350,1,0,S
CObject,SetRopeHeight,0x0059F3A0,1,0,S
CObject,SetupLighting,0x00000000,1,0,V
CObject,SpecialEntityCalcCollisionSteps,0x00000000,1,0,V
CObject,SpecialEntityPreCollisionStuff,0x00000000,1,0,V
CObject,Teleport,0x00000000,1,0,V
CObject,TryToExplode,0x0059F2D0,1,0,S
CObject,TryToFreeUpTempObjects,0x005A1840,1,0,S
CHandObject,PreRender,0x00000000,1,0,V
CHandObject,ProcessControl,0x00000000,1,0,V
CHandObject,Render,0x00000000,1,0,V
CCutsceneObject,PreRender,0x00000000,1,0,V
CCutsceneObject,ProcessControl,0x00000000,1,0,V
CCutsceneObject,RemoveLighting,0x00000000,1,0,V
CCutsceneObject,SetModelIndex,0x00000000,1,0,V
CCutsceneObject,SetupCarPipeAtomicsForClump,0x005B1AB0,1,0,S
CCutsceneObject,SetupLighting,0x00000000,1,0,V
CDummyObject,CreateObject,0x0059EAC0,1,0,S
CDummyObject,UpdateFromObject,0x0059EB70,1,0,S
CDummy,IsDummyPointerValid,0x00532730,1,0,S
CCivilianPed,Constructor,0x005DDB70,1,0,S
CCivilianPed,Destructor,0x005DDC30,1,0,S
CCivilianPed,ProcessControl,0x00000000,1,0,V
CPlaceable,AllocateMatrix,0x0054F560,1,0,S
CPlaceable,AllocateStaticMatrix,0x0054F4C0,1,0,S
CPlaceable,FreeStaticMatrix,0x0054F010,1,0,S
CPlaceable,GetHeading,0x00441DB0,1,0,S
CPlaceable,GetMatrix,0x00411990,1,0,S
CPlaceable,GetRoll,0x00420B30,1,0,S
CPlaceable,InitMatrixArray,0x0054F3A0,1,0,S
CPlaceable,IsWithinArea-xy,0x0054F200,1,0,S
CPlaceable,IsWithinArea-xyz,0x0054F2B0,1,0,S
CPlaceable,RemoveMatrix,0x0054F3B0,1,0,S
CPlaceable,SetHeading,0x0043E0C0,1,0,S
CPlaceable,SetMatrix,0x0054F610,1,0,S
CPlaceable,SetOrientation-xyz,0x00439A80,1,0,S
CPlaceable,SetPosn-vector,0x004241C0,1,0,S
CPlaceable,SetPosn-xyz,0x00420B80,1,0,S
CPlaceable,ShutdownMatrixArray,0x0054EFD0,1,0,S
CPhysical,Add,0x00000000,1,1,V
CPhysical,AddCollisionRecord,0x00543490,1,0,S
CPhysical,AddToMovingList,0x00542800,1,0,S
CPhysical,ApplyAirResistance,0x00544C40,1,0,S
CPhysical,ApplyCollision-1,0x005435C0,1,0,S
CPhysical,ApplyCollision-2,0x00548680,1,0,S
CPhysical,ApplyCollisionAlt,0x00544D50,1,0,S
CPhysical,ApplyForce,0x00542B50,1,0,S
CPhysical,ApplyFriction-other,0x00545980,1,0,S
CPhysical,ApplyFriction-self,0x005454C0,1,0,S
CPhysical,ApplyFriction-void,0x005483D0,1,0,S
CPhysical,ApplyFrictionForce,0x00543220,1,0,S
CPhysical,ApplyFrictionMoveForce,0x005430A0,1,0,S
CPhysical,ApplyGravity,0x00542FE0,1,0,S
CPhysical,ApplyMoveForce-vec,0x005429F0,1,0,S
CPhysical,ApplyMoveSpeed,0x00542DD0,1,0,S
CPhysical,ApplySoftCollision-1,0x00543890,1,0,S
CPhysical,ApplySoftCollision-2,0x0054A2C0,1,0,S
CPhysical,ApplySpeed,0x00547B80,1,0,S
CPhysical,ApplySpringCollision,0x00543C90,1,0,S
CPhysical,ApplySpringCollisionAlt,0x00543D60,1,0,S
CPhysical,ApplySpringDampening,0x00543E90,1,0,S
CPhysical,ApplyTurnForce,0x00542A50,1,0,S
CPhysical,ApplyTurnSpeed,0x00542E20,1,0,S
CPhysical,AttachEntityToEntity-quat,0x0054D690,1,0,S
CPhysical,AttachEntityToEntity-vec,0x0054D570,1,0,S
CPhysical,CanPhysicalBeDamaged,0x005448B0,1,0,S
CPhysical,CheckCollision,0x0054D920,1,0,S
CPhysical,CheckCollision_SimpleCar,0x0054DAB0,1,0,S
CPhysical,Constructor,0x00542260,1,0,S
CPhysical,Destructor,0x00542450,1,0,S
CPhysical,DettachAutoAttachedEntity,0x005446A0,1,0,S
CPhysical,DettachEntityFromEntity,0x005442F0,1,0,S
CPhysical,GetBoundRect,0x00000000,1,0,V
CPhysical,GetHasCollidedWith,0x00543540,1,0,S
CPhysical,GetHasCollidedWithAnyObject,0x00543580,1,0,S
CPhysical,GetLightingFromCol,0x005447B0,1,0,S
CPhysical,GetLightingTotal,0x00544850,1,0,S
CPhysical,GetSpeed,0x00542CE0,1,0,S
CPhysical,PlacePhysicalRelativeToOtherPhysical,0x00546DB0,1,0,S
CPhysical,PositionAttachedEntity,0x00546FF0,1,0,S
CPhysical,ProcessCollision,0x00000000,1,0,V
CPhysical,ProcessCollisionSectorList,0x0054BA60,1,0,S
CPhysical,ProcessCollisionSectorList_SimpleCar,0x0054CFF0,1,0,S
CPhysical,ProcessControl,0x00000000,1,0,V
CPhysical,ProcessEntityCollision,0x00000000,1,0,V
CPhysical,ProcessShift,0x00000000,1,0,V
CPhysical,ProcessShiftSectorList,0x00546670,1,0,S
CPhysical,Remove,0x00000000,1,0,V
CPhysical,RemoveAndAdd,0x00542560,1,1,S
CPhysical,RemoveFromMovingList,0x00542860,1,0,S
CPhysical,RemoveRefsToEntity,0x00544280,1,0,S
CPhysical,SetDamagedPieceRecord,0x005428C0,1,0,S
CPhysical,SkipPhysics,0x005433B0,1,0,S
CPhysical,TestCollision,0x00000000,1,0,V
CPhysical,UnsetIsInSafePosition,0x00548320,1,0,S
CEntity,Add-rect,0x005347D0,1,0,S
CEntity,AttachToRwObject,0x00533ED0,1,0,S
CEntity,BuildWindSockMatrix,0x00532DB0,1,0,S
CEntity,CalculateBBProjection,0x00535340,1,0,S
CEntity,CleanUpOldReference-,0x00571A00,1,0,S
CEntity,Constructor,0x00532A90,1,0,S
CEntity,CreateEffects,0x00533790,1,0,S
CEntity,CreateRwObject,0x00000000,1,0,V
CEntity,DeleteRwObject,0x00000000,1,0,V
CEntity,DestroyEffects,0x00533BF0,1,0,S
CEntity,Destructor,0x00535E90,1,0,S
CEntity,DetachFromRwObject,0x00533FB0,1,0,S
CEntity,DoesNotCollideWithFlyers,0x00532D40,1,0,S
CEntity,FindTriggerPointCoors,0x00533380,1,0,S
CEntity,FlagToDestroyWhenNextProcessed,0x00000000,1,0,V
CEntity,GetBoundCentre-ref,0x00534290,1,0,S
CEntity,GetBoundCentre-vec,0x00534250,1,0,S
CEntity,GetBoundRect,0x00000000,1,0,V
CEntity,GetColModel,0x00535300,1,0,S
CEntity,GetDistanceFromCentreOfMassToBaseOfModel,0x00536BE0,1,0,S
CEntity,GetIsBoundingBoxOnScreen,0x005345D0,1,0,S
CEntity,GetIsOnScreen,0x00534540,1,0,S
CEntity,GetIsStatic,0x004633E0,1,0,S
CEntity,GetIsTouching-ent,0x005343F0,1,0,S
CEntity,GetIsTouching-vec,0x005344B0,1,0,S
CEntity,GetIsTypePhysical,0x004DA030,1,0,S
CEntity,GetModellingMatrix,0x0046A2D0,1,0,S
CEntity,GetRandom2dEffect,0x00533410,1,0,S
CEntity,HasPreRenderEffects,0x00532B70,1,0,S
CEntity,IsEntityOccluded,0x0071FAE0,1,0,S
CEntity,IsEntityPointerValid,0x00533310,1,0,S
CEntity,IsVisible,0x00536BC0,1,0,S
CEntity,LivesInThisNonOverlapSector,0x00533050,1,0,S
CEntity,MaterialUpdateUVAnimCB,0x00532D70,1,0,S
CEntity,ModifyMatrixForBannerInWind,0x00535040,1,0,S
CEntity,ModifyMatrixForCrane,0x00533170,1,0,S
CEntity,ModifyMatrixForTreeInWind,0x00534E90,1,0,S
CEntity,PreRender,0x00000000,1,0,V
CEntity,PreRenderForGlassWindow,0x00533240,1,0,S
CEntity,ProcessCollision,0x00000000,1,0,V
CEntity,ProcessControl,0x00000000,1,0,V
CEntity,ProcessLightsForEntity,0x006FC7A0,1,0,S
CEntity,ProcessShift,0x00000000,1,0,V
CEntity,PruneReferences,0x00571A90,1,0,S
CEntity,RegisterReference-,0x00571B70,1,0,S
CEntity,Remove,0x00000000,1,0,V
CEntity,RemoveEscalatorsForEntity,0x00717900,1,0,S
CEntity,RemoveLighting,0x00000000,1,0,V
CEntity,Render,0x00000000,1,0,V
CEntity,RenderEffects,0x005342B0,1,0,S
CEntity,ResolveReferences,0x00571A40,1,0,S
CEntity,SetAtomicAlpha,0x00533290,1,0,S
CEntity,SetCompAlphaCB,0x00533280,1,0,S
CEntity,SetIsStatic,0x00000000,1,0,V
CEntity,SetModelIndex,0x00000000,1,0,V
CEntity,SetModelIndexNoCreate,0x00000000,1,0,V
CEntity,SetRwObjectAlpha,0x005332C0,1,0,S
CEntity,SetupBigBuilding,0x00533150,1,0,S
CEntity,SetupLighting,0x00000000,1,0,V
CEntity,SpecialEntityCalcCollisionSteps,0x00000000,1,0,V
CEntity,SpecialEntityPreCollisionStuff,0x00000000,1,0,V
CEntity,Teleport,0x00000000,1,0,V
CEntity,TestCollision,0x00000000,1,0,V
CEntity,TransformFromObjectSpace-ptr,0x00533560,1,0,S
CEntity,TransformFromObjectSpace-ref,0x005334F0,1,0,S
CEntity,TreatAsPlayerForCollisions,0x00541F70,1,0,S
CEntity,UpdateAnim,0x00535F00,1,0,S
CEntity,UpdateRpHAnim,0x00532B20,1,0,S
CEntity,UpdateRwFrame,0x00532B00,1,0,S
CEntity,UpdateRwMatrix,0x00446F90,1,0,S
CBuilding,IsBuildingPointerValid,0x004040E0,1,0,S
CBuilding,ReplaceWithNewModel,0x00403EC0,1,0,S
CAnimatedBuilding,PreRender,0x00000000,1,0,V
CAnimatedBuilding,ProcessCollision,0x00000000,1,0,V
CAnimatedBuilding,ProcessControl,0x00000000,1,0,V
CTempColModels,Initialise,0x005BA8C0,1,0,S
CTempColModels,Shutdown,0x0041B360,1,0,S
CCollisionData,CalculateTrianglePlanes,0x0040F590,1,0,S
CCollisionData,Copy,0x0040F120,1,0,S
CCollisionData,GetLinkPtr,0x0040F6E0,1,0,S
CCollisionData,GetShadTrianglePoint,0x0040F640,1,0,S
CCollisionData,GetTrianglePoint,0x0040F5E0,1,0,S
CCollisionData,RemoveCollisionVolumes,0x0040F070,1,0,S
CCollisionData,RemoveTrianglePlanes,0x0040F6A0,1,0,S
CCollisionData,SetLinkPtr,0x0040F6C0,1,0,S
CColTrianglePlane,GetNormal-Out,0x00411610,1,0,S
CColTrianglePlane,Set,0x00411660,1,0,S
CColStore,AddColSlot,0x00411140,1,0,S
CColStore,AddCollisionNeededAtPosn,0x004103A0,1,0,S
CColStore,AddRef,0x004107A0,1,0,S
CColStore,BoundingBoxesPostProcess,0x00410EC0,1,0,S
CColStore,EnsureCollisionIsInMemory,0x00410AD0,1,0,S
CColStore,GetBoundingBox,0x00410800,1,0,S
CColStore,HasCollisionLoaded,0x00410CE0,1,0,S
CColStore,IncludeModelIndex,0x00410820,1,0,S
CColStore,Initialise,0x004113F0,1,0,S
CColStore,LoadAllBoundingBoxes,0x004113D0,1,0,S
CColStore,LoadAllCollision,0x00410E60,1,0,S
CColStore,LoadCol-,0x00410690,1,0,S
CColStore,LoadCol-2,0x004106D0,1,0,S
CColStore,LoadCollision,0x00410860,1,0,S
CColStore,RemoveAllCollision,0x00410E00,1,0,S
CColStore,RemoveCol,0x00410730,1,0,S
CColStore,RemoveColSlot,0x00411330,1,0,S
CColStore,RemoveRef,0x004107D0,1,0,S
CColStore,RequestCollision,0x00410C00,1,0,S
CColStore,SetCollisionRequired,0x004104E0,1,0,S
CColStore,SetIfCollisionIsRequired,0x004103D0,1,0,S
CColStore,SetIfCollisionIsRequiredReducedBB,0x00410470,1,0,S
CColStore,Shutdown,0x004114D0,1,0,S
CColSphere,IntersectEdge,0x004100E0,1,0,S
CColSphere,IntersectPoint,0x00410040,1,0,S
CColSphere,IntersectRay,0x0040FF20,1,0,S
CColSphere,IntersectSphere,0x00410090,1,0,S
CColSphere,Set,0x0040FD10,1,0,S
CColModel,AllocateData-params,0x0040F870,1,0,S
CColModel,AllocateData-void,0x0040F810,1,0,S
CColModel,CalculateTrianglePlanes,0x0040FA30,1,0,S
CColModel,MakeMultipleAlloc,0x0040F740,1,0,S
CColModel,RemoveCollisionVolumes,0x0040F9E0,1,0,S
CColModel,RemoveTrianglePlanes,0x0040FA40,1,0,S
CColModel,operator delete,0x0040FC40,1,0,S
CColModel,operator new,0x0040FC30,1,0,S
CColModel,operator=,0x0040F7C0,1,0,S
CColLine,Set,0x0040EF10,1,0,S
CColAccel,addCacheCol,0x005B2C20,1,0,S
CColAccel,addColDef,0x005B2DD0,1,0,S
CColAccel,addIPLEntity,0x005B3040,1,0,S
CColAccel,cacheIPLSection,0x005B2F10,1,0,S
CColAccel,cacheLoadCol,0x005B2CC0,1,0,S
CColAccel,endCache,0x005B2AD0,1,0,S
CColAccel,getColDef,0x005B2E60,1,0,S
CColAccel,getIplDef,0x005B2EF0,1,0,S
CColAccel,isCacheLoading,0x005B2AC0,1,0,S
CColAccel,setIplDef,0x005B2ED0,1,0,S
CColAccel,startCache,0x005B31A0,1,0,S
CBox,Recalc,0x0040EE20,1,0,S
CBox,Set,0x0040EDE0,1,0,S
RtAnim,RtAnimInterpolatorSetCurrentAnim,0x007CD5A0,1,0,S
RpAnimBlend,ClumpAnimConstruct,0x004D5F40,1,0,S
RpAnimBlend,ClumpAnimCopy,0x004D5F90,1,0,S
RpAnimBlend,ClumpAnimDestruct,0x004D6110,1,0,S
RpAnimBlend,FrameUpdateCallBackCompressedNonSkinned,0x004D32D0,1,0,S
RpAnimBlend,FrameUpdateCallBackCompressedSkinned,0x004D2E40,1,0,S
RpAnimBlend,FrameUpdateCallBackNonSkinned,0x004D30A0,1,0,S
RpAnimBlend,FrameUpdateCallBackSkinned,0x004D2B90,1,0,S
RpAnimBlend,RpAnimBlendAllocateData,0x004D5F50,1,0,S
RpAnimBlend,RpAnimBlendClumpAddAssociation,0x004D6790,1,0,S
RpAnimBlend,RpAnimBlendClumpExtractAssociations,0x004D6BE0,1,0,S
RpAnimBlend,RpAnimBlendClumpFillFrameArray,0x004D64A0,1,0,S
RpAnimBlend,RpAnimBlendClumpFindBone,0x004D6400,1,0,S
RpAnimBlend,RpAnimBlendClumpFindFrame,0x004D62A0,1,0,S
RpAnimBlend,RpAnimBlendClumpFindFrameFromHashKey,0x004D6370,1,0,S
RpAnimBlend,RpAnimBlendClumpGetAssociation-AnimId,0x004D68B0,1,0,S
RpAnimBlend,RpAnimBlendClumpGetAssociation-AnimName,0x004D6870,1,0,S
RpAnimBlend,RpAnimBlendClumpGetAssociation-Hier,0x004D68E0,1,0,S
RpAnimBlend,RpAnimBlendClumpGetFirstAssociation-,0x004D15E0,1,0,S
RpAnimBlend,RpAnimBlendClumpGetFirstAssociation-Flags,0x004D6A70,1,0,S
RpAnimBlend,RpAnimBlendClumpGetMainAssociation,0x004D6910,1,0,S
RpAnimBlend,RpAnimBlendClumpGetMainAssociation_N,0x004D6A30,1,0,S
RpAnimBlend,RpAnimBlendClumpGetMainPartialAssociation,0x004D69A0,1,0,S
RpAnimBlend,RpAnimBlendClumpGetMainPartialAssociation_N,0x004D69F0,1,0,S
RpAnimBlend,RpAnimBlendClumpGetNumAssociations,0x004D6B60,1,0,S
RpAnimBlend,RpAnimBlendClumpGetNumNonPartialAssociations,0x004D6BB0,1,0,S
RpAnimBlend,RpAnimBlendClumpGetNumPartialAssociations,0x004D6B80,1,0,S
RpAnimBlend,RpAnimBlendClumpGiveAssociations,0x004D6C30,1,0,S
RpAnimBlend,RpAnimBlendClumpInit,0x004D6720,1,0,S
RpAnimBlend,RpAnimBlendClumpIsInitialized,0x004D6760,1,0,S
RpAnimBlend,RpAnimBlendClumpPauseAllAnimations,0x004D6B00,1,0,S
RpAnimBlend,RpAnimBlendClumpRemoveAllAssociations,0x004D6C00,1,0,S
RpAnimBlend,RpAnimBlendClumpRemoveAssociations,0x004D6820,1,0,S
RpAnimBlend,RpAnimBlendClumpSetBlendDeltas,0x004D67E0,1,0,S
RpAnimBlend,RpAnimBlendClumpUnPauseAllAnimations,0x004D6B30,1,0,S
RpAnimBlend,RpAnimBlendClumpUpdateAnimations,0x004D34F0,0,1,S
RpAnimBlend,RpAnimBlendCreateAnimationForHierarchy,0x004D60E0,1,0,S
RpAnimBlend,RpAnimBlendFrameGetName,0x004D5EF0,1,0,S
RpAnimBlend,RpAnimBlendFrameSetName,0x004D5F00,1,0,S
RpAnimBlend,RpAnimBlendGetNextAssociation-Any,0x004D6AB0,1,0,S
RpAnimBlend,RpAnimBlendGetNextAssociation-Flags,0x004D6AD0,1,0,S
RpAnimBlend,RpAnimBlendKeyFrameInterpolate,0x004D60C0,1,0,S
RpAnimBlend,RpAnimBlendPluginAttach,0x004D6150,1,0,S
RpAnimBlend,RtAnimBlendKeyFrameApply,0x004D5FA0,1,0,S
PipelinePlugin,GetPipelineID,0x0072FC40,1,0,S
PipelinePlugin,PipelinePluginAttach,0x0072FBD0,1,0,S
PipelinePlugin,SetPipelineID,0x0072FC50,1,0,S
NodeNamePlugin,GetFrameNodeName,0x0072FB30,1,0,S
NodeNamePlugin,NodeNamePluginAttach,0x0072FAB0,1,0,S
NodeNamePlugin,SetFrameNodeName,0x0072FB00,1,0,S
JPegPlugin,JPegCompressScreen,0x005D0470,1,0,S
JPegPlugin,JPegCompressScreenToBuffer,0x005D0740,1,0,S
JPegPlugin,JPegCompressScreenToFile,0x005D0820,1,0,S
JPegPlugin,JPegDecompressToRaster,0x005D05F0,1,0,S
JPegPlugin,JPegDecompressToVramFromBuffer,0x005D0320,1,0,S
CCollisionPlugin,PluginAttach,0x0041B310,1,0,S
CCollisionPlugin,SetModelInfo,0x0041B350,1,0,S
C2dEffect,DestroyAtomic,0x004C54E0,1,0,S
C2dEffect,PluginAttach,0x006FA970,1,0,S
C2dEffect,Roadsign_GetNumLettersFromFlags,0x006FA670,1,0,S
C2dEffect,Roadsign_GetNumLinesFromFlags,0x006FA640,1,0,S
C2dEffect,Roadsign_GetPaletteIDFromFlags,0x006FA6A0,1,0,S
C2dEffect,RpGeometryGet2dFxAtIndex,0x004C4A40,1,0,S
C2dEffect,RpGeometryGet2dFxCount,0x004C4340,1,0,S
C2dEffect,Rwt2dEffectPluginDataChunkGetSizeCallBack,0x006FA630,1,0,S
C2dEffect,Rwt2dEffectPluginDataChunkReadCallBack,0x006F9FD0,1,0,S
C2dEffect,Rwt2dEffectPluginDataChunkWriteCallBack,0x006FA620,1,0,S
C2dEffect,Shutdown,0x004C57D0,1,0,S
C2dEffect,t2dEffectPluginConstructor,0x006F9F90,1,0,S
C2dEffect,t2dEffectPluginCopyConstructor,0x006F9FB0,1,0,S
C2dEffect,t2dEffectPluginDestructor,0x006FA880,1,0,S
BreakablePlugin,BreakableConstructor,0x0059CD70,1,0,S
BreakablePlugin,BreakableDestructor,0x0059CD90,1,0,S
BreakablePlugin,BreakablePluginAttach,0x0059D100,1,0,S
BreakablePlugin,BreakableStreamGetSize,0x0059D0F0,1,0,S
BreakablePlugin,BreakableStreamRead,0x0059CEC0,1,0,S
BreakablePlugin,BreakableStreamWrite,0x0059CDE0,1,0,S
ProcSurfaceInfo_c,AddObject,0x005A32D0,1,0,S
ProcSurfaceInfo_c,AddObjects,0x005A3850,1,0,S
ProcSurfaceInfo_c,Exit,0x005A3270,1,0,S
ProcSurfaceInfo_c,Init,0x005A2EB0,1,0,S
ProcObjectMan_c,Exit,0x005A3EE0,1,0,S
ProcObjectMan_c,GetEntityFromPool,0x005A3120,1,0,S
ProcObjectMan_c,Init,0x005A3EA0,1,0,S
ProcObjectMan_c,LoadDataFile,0x005A3140,1,0,S
ProcObjectMan_c,ProcessTriangleAdded,0x005A3F20,1,0,S
ProcObjectMan_c,ProcessTriangleRemoved,0x005A3F70,1,0,S
ProcObjectMan_c,ReturnEntityToPool,0x005A3130,1,0,S
ProcObjectMan_c,Update,0x005A3110,1,0,S
CPlantSurfPropMgr,AllocSurfProperties,0x005DD370,1,0,S
CPlantSurfPropMgr,GetSurfProperties,0x006F9DE0,1,0,S
CPlantSurfPropMgr,Initialise,0x005DD6C0,1,0,S
CPlantSurfPropMgr,LoadPlantsDat,0x005DD3B0,1,0,S
CPlantMgr,CalculateWindBending,0x005DB3D0,1,0,S
CPlantMgr,Initialise,0x005DD910,1,0,S
CPlantMgr,MoveColEntToList,0x005DB5F0,1,0,S
CPlantMgr,MoveLocTriToList,0x005DB590,1,0,S
CPlantMgr,PreUpdateOnceForNewCameraPos,0x005DCF30,1,0,S
CPlantMgr,ReloadConfig,0x005DD780,1,0,S
CPlantMgr,Render,0x005DBAE0,1,0,S
CPlantMgr,SetPlantFriendlyFlagInAtomicMI,0x005DB650,1,0,S
CPlantMgr,Shutdown,0x005DB940,1,0,S
CPlantMgr,Update,0x005DCFA0,1,0,S
CPlantMgr,UpdateAmbientColor,0x005DB310,1,0,S
CPlantMgr,_ColEntityCache_Add,0x005DBEB0,1,0,S
CPlantMgr,_ColEntityCache_FindInCache,0x005DB530,1,0,S
CPlantMgr,_ColEntityCache_Remove,0x005DBEF0,1,0,S
CPlantMgr,_ColEntityCache_Update,0x005DC510,1,0,S
CPlantMgr,_ProcessEntryCollisionDataSections,0x005DCD80,1,0,S
CPlantMgr,_ProcessEntryCollisionDataSections_AddLocTris,0x005DC8B0,1,0,S
CPlantMgr,_ProcessEntryCollisionDataSections_RemoveLocTris,0x005DBF20,1,0,S
CPlantMgr,_UpdateLocTris,0x005DCF00,1,0,S
CPlantLocTri,Add,0x005DC290,1,0,S
CPlantLocTri,GetPlantDensity,0x005DC210,1,0,S
CPlantLocTri,Release,0x005DB6D0,1,0,S
CPlantColEntEntry,AddEntry,0x005DB7D0,1,0,S
CPlantColEntEntry,ReleaseEntry,0x005DB8A0,1,0,S
CPPTriPlantBuffer,ChangeCurrentPlantModelsSet,0x005DB170,1,0,S
CPPTriPlantBuffer,Flush,0x005DB0C0,1,0,S
CPPTriPlantBuffer,GetPPTriPlantPtr,0x005DB140,1,0,S
CPPTriPlantBuffer,GetPlantModelsTab,0x005DACA0,1,0,S
CPPTriPlantBuffer,IncreaseBufferIndex,0x005DB1A0,1,0,S
CPPTriPlantBuffer,SetGrassMaterialCB,0x005DAC10,1,0,S
CPPTriPlantBuffer,SetPlantModelsTab,0x005DAC80,1,0,S
CGrassRenderer,AddTriPlant,0x005DB1D0,1,0,S
CGrassRenderer,DrawTriPlants,0x005DAD00,1,0,S
CGrassRenderer,FlushTriPlantBuffer,0x005DB250,1,0,S
CGrassRenderer,GenPointInTriangle,0x005DAB00,1,0,S
CGrassRenderer,GetPlantModelsTab,0x005DACE0,1,0,S
CGrassRenderer,Initialise,0x005DD6B0,1,0,S
CGrassRenderer,SetCloseFarAlphaDist,0x005DABE0,1,0,S
CGrassRenderer,SetCurrentScanCode,0x005DABB0,1,0,S
CGrassRenderer,SetGlobalCameraPos,0x005DABC0,1,0,S
CGrassRenderer,SetGlobalWindBending,0x005DAC00,1,0,S
CGrassRenderer,SetPlantModelsTab,0x005DACC0,1,0,S
CGrassRenderer,Shutdown,0x005DABA0,1,0,S
CRect,GetCenter-,0x0043E050,1,0,S
CRect,IsFlipped,0x00404190,1,0,S
CRect,IsPointInside-,0x00404290,1,0,S
CRect,IsPointInside-Tolerance,0x004042D0,1,0,S
CRect,Resize,0x00404260,1,0,S
CRect,Restrict,0x00404200,1,0,S
CRect,SetFromCenter,0x0043E020,1,0,S
CRect,StretchToPoint,0x005327F0,1,0,S
CQuadTreeNode<T>,AddItem,0x00552CD0,1,0,S
CQuadTreeNode<T>,DeleteItem-,0x00552A40,1,0,S
CQuadTreeNode<T>,DeleteItem-rect,0x00552A90,1,0,S
CQuadTreeNode<T>,FindSector-rect,0x005525A0,1,0,S
CQuadTreeNode<T>,FindSector-vec,0x00552640,1,0,S
CQuadTreeNode<T>,ForAllMatching-rect,0x00552980,1,0,S
CQuadTreeNode<T>,ForAllMatching-vec,0x005529F0,1,0,S
CQuadTreeNode<T>,GetAll,0x00552870,1,0,S
CQuadTreeNode<T>,GetAllMatching-rect,0x005528C0,1,0,S
CQuadTreeNode<T>,GetAllMatching-vec,0x00552930,1,0,S
CQuadTreeNode<T>,InSector,0x005526A0,1,0,S
CQuadTreeNode<T>,InitPool,0x00552C00,1,0,S
CNodeRoute,operator delete,0x0041B870,1,0,S
CNodeRoute,operator new,0x0041B860,1,0,S
CMatrixLinkList,AddToList1,0x0054E9D0,1,0,S
CMatrixLinkList,AddToList2,0x0054EA10,1,0,S
CMatrixLinkList,GetNumFree,0x0054EB10,1,0,S
CMatrixLinkList,GetNumUsed1,0x0054EB30,1,0,S
CMatrixLinkList,GetNumUsed2,0x0054EB50,1,0,S
CMatrixLinkList,Init,0x0054F0D0,1,0,S
CMatrixLinkList,MoveToFreeList,0x0054EAD0,1,0,S
CMatrixLinkList,MoveToList1,0x0054EA60,1,0,S
CMatrixLinkList,MoveToList2,0x0054EA90,1,0,S
CMatrixLinkList,Shutdown,0x0054E990,1,0,S
CMatrixLink,Insert,0x0054E8F0,1,0,S
CMatrixLink,Remove,0x0054E910,1,0,S
CKeyGen,AppendStringToKey,0x0053CF70,1,0,S
CKeyGen,GetKey-null-terminated,0x0053CF00,1,0,S
CKeyGen,GetKey-sized,0x0053CED0,1,0,S
CKeyGen,GetUppercaseKey-,0x0053CF30,1,0,S
CEntryInfoNode,operator delete,0x00536DD0,1,1,S
CEntryInfoNode,operator new,0x00536DC0,1,1,S
CEntryInfoList,Flush,0x00536E10,1,0,S
CAnimManager,AddAnimAssocDefinition,0x004D3BA0,1,0,S
CAnimManager,AddAnimBlockRef,0x004D3FB0,1,0,S
CAnimManager,AddAnimToAssocDefinition,0x004D3C80,1,0,S
CAnimManager,AddAnimation-hier,0x004D4330,1,0,S
CAnimManager,AddAnimation-id,0x004D3AA0,1,0,S
CAnimManager,AddAnimationAndSync,0x004D3B30,1,0,S
CAnimManager,BlendAnimation-hier,0x004D4410,1,0,S
CAnimManager,BlendAnimation-id,0x004D4610,1,0,S
CAnimManager,CreateAnimAssocGroups,0x004D3CC0,1,0,S
CAnimManager,CreateAnimAssociation,0x004D3A40,1,0,S
CAnimManager,GetAnimAssociation-by-id,0x004D3A60,1,0,S
CAnimManager,GetAnimAssociation-by-name,0x004D3A80,1,0,S
CAnimManager,GetAnimBlockName,0x004D3A30,1,0,S
CAnimManager,GetAnimGroupName,0x004D3A20,1,0,S
CAnimManager,GetAnimation-0,0x004D39F0,1,0,S
CAnimManager,GetAnimation-1,0x004D42F0,1,0,S
CAnimManager,GetAnimationBlock-,0x004D3940,1,0,S
CAnimManager,GetAnimationBlockIndex-by-name,0x004D3990,1,0,S
CAnimManager,GetFirstAssocGroup,0x004D39B0,1,0,S
CAnimManager,GetNumRefsToAnimBlock,0x004D4010,1,0,S
CAnimManager,Initialise,0x005BF6B0,1,0,S
CAnimManager,LoadAnimFile,0x004D47F0,1,0,S
CAnimManager,LoadAnimFiles,0x004D5620,1,0,S
CAnimManager,ReadAnimAssociationDefinitions,0x005BC910,1,0,S
CAnimManager,RegisterAnimBlock,0x004D3E50,1,0,S
CAnimManager,RemoveAnimBlock,0x004D3F40,1,0,S
CAnimManager,RemoveAnimBlockRefWithoutDelete,0x004D3FF0,1,0,S
CAnimManager,RemoveFromUncompressedCache,0x004D42A0,1,0,S
CAnimManager,RemoveLastAnimFile,0x004D3ED0,1,0,S
CAnimManager,Shutdown,0x004D4130,1,0,S
CAnimManager,UncompressAnimation,0x004D41C0,1,0,S
CAnimBlendStaticAssociation,AllocateSequenceArray,0x004CE960,1,0,S
CAnimBlendStaticAssociation,Constructor1,0x004CE940,1,0,S
CAnimBlendStaticAssociation,Constructor2,0x004CEF60,1,0,S
CAnimBlendStaticAssociation,Destructor,0x004CDF50,1,0,S
CAnimBlendStaticAssociation,FreeSequenceArray,0x004CE9A0,1,0,S
CAnimBlendStaticAssociation,Init,0x004CEC20,1,0,S
CAnimBlendSequence,CompressKeyframes,0x004D0F40,1,0,S
CAnimBlendSequence,Constructor,0x004D0C10,1,0,S
CAnimBlendSequence,Destructor,0x004D0C30,1,0,S
CAnimBlendSequence,GetCKeyFrame,0x004CF220,1,0,S
CAnimBlendSequence,GetDataSize,0x004D0C90,1,0,S
CAnimBlendSequence,GetUKeyFrame,0x004CF1F0,1,0,S
CAnimBlendSequence,MoveMemory,0x004D1150,1,0,S
CAnimBlendSequence,Print,0x004D1180,1,0,S
CAnimBlendSequence,RemoveQuaternionFlips,0x004D1190,1,0,S
CAnimBlendSequence,RemoveUncompressedData,0x004D12A0,1,0,S
CAnimBlendSequence,SetBoneTag,0x004D0C70,1,0,S
CAnimBlendSequence,SetName,0x004D0C50,1,0,S
CAnimBlendSequence,SetNumFrames,0x004D0CD0,1,0,S
CAnimBlendSequence,Uncompress,0x004D0D40,1,0,S
CAnimBlendNode,CalcDeltas,0x004D0190,1,0,S
CAnimBlendNode,CalcDeltasCompressed,0x004D0350,1,0,S
CAnimBlendNode,CalcTheta,0x004D00E0,1,0,S
CAnimBlendNode,FindKeyFrame,0x004D0240,1,0,S
CAnimBlendNode,GetCurrentTranslation,0x004CFC50,1,0,S
CAnimBlendNode,GetCurrentTranslationCompressed,0x004CFE60,1,0,S
CAnimBlendNode,GetEndTranslation,0x004CFD90,1,0,S
CAnimBlendNode,GetEndTranslationCompressed,0x004D0000,1,0,S
CAnimBlendNode,Init,0x004CFB70,1,0,S
CAnimBlendNode,NextKeyFrame,0x004D04A0,1,0,S
CAnimBlendNode,NextKeyFrameCompressed,0x004D0570,1,0,S
CAnimBlendNode,NextKeyFrameNoCalc,0x004CFB90,1,0,S
CAnimBlendNode,SetupKeyFrameCompressed,0x004D0650,1,0,S
CAnimBlendNode,Update,0x004D06C0,1,0,S
CAnimBlendNode,UpdateCompressed,0x004D08D0,1,0,S
CAnimBlendNode,UpdateTime,0x004D0160,1,0,S
CAnimBlendHierarchy,AllocSequenceBlock,0x004CF510,1,0,S
CAnimBlendHierarchy,CalcTotalTime,0x004CF2F0,1,0,S
CAnimBlendHierarchy,CalcTotalTimeCompressed,0x004CF3E0,1,0,S
CAnimBlendHierarchy,CompressKeyframes,0x004CF6C0,1,0,S
CAnimBlendHierarchy,Constructor,0x004CF270,1,0,S
CAnimBlendHierarchy,Destructor,0x004CF970,1,0,S
CAnimBlendHierarchy,FindSequence,0x004CF290,1,0,S
CAnimBlendHierarchy,GetSequenceBlock,0x004CF560,1,0,S
CAnimBlendHierarchy,MoveMemory,0x004CF800,1,0,S
CAnimBlendHierarchy,Print,0x004CF8A0,1,0,S
CAnimBlendHierarchy,RemoveAnimSequences,0x004CF8E0,1,0,S
CAnimBlendHierarchy,RemoveQuaternionFlips,0x004CF4E0,1,0,S
CAnimBlendHierarchy,RemoveUncompressedData,0x004CF760,1,0,S
CAnimBlendHierarchy,SetName,0x004CF2D0,1,0,S
CAnimBlendHierarchy,Shutdown,0x004CF980,1,0,S
CAnimBlendHierarchy,Uncompress,0x004CF5F0,1,0,S
CAnimBlendClumpData,Constructor,0x004CF0E0,1,0,S
CAnimBlendClumpData,Destructor,0x004CF100,1,0,S
CAnimBlendClumpData,ForAllFrames,0x004CF190,1,0,S
CAnimBlendClumpData,ForAllFramesInSPR,0x004CF1E0,1,0,S
CAnimBlendClumpData,LoadFramesIntoSPR,0x004CF1D0,1,0,S
CAnimBlendClumpData,SetNumberOfBones,0x004CF140,1,0,S
CAnimBlendAssociation,AllocateAnimBlendNodeArray,0x004CE9F0,1,0,S
CAnimBlendAssociation,Constructor0-,0x004CE9B0,1,0,S
CAnimBlendAssociation,Constructor1-clump_hier,0x004CEFC0,1,0,S
CAnimBlendAssociation,Constructor2-blend,0x004CF020,1,0,S
CAnimBlendAssociation,Constructor3-static_blend,0x004CF080,1,0,S
CAnimBlendAssociation,FreeAnimBlendNodeArray,0x004CEA40,1,0,S
CAnimBlendAssociation,Init-0,0x004CED50,1,0,S
CAnimBlendAssociation,Init-1,0x004CEE40,1,0,S
CAnimBlendAssociation,Init-2,0x004CEEC0,1,0,S
CAnimBlendAssociation,ReferenceAnimBlock,0x004CEA50,1,0,S
CAnimBlendAssociation,SetBlend,0x004CEBA0,1,0,S
CAnimBlendAssociation,SetBlendTo,0x004CEB80,1,0,S
CAnimBlendAssociation,SetCurrentTime,0x004CEA80,1,0,S
CAnimBlendAssociation,SetDeleteCallback,0x004CEBC0,1,0,S
CAnimBlendAssociation,SetFinishCallback,0x004CEBE0,1,0,S
CAnimBlendAssociation,Start,0x004CEB70,1,0,S
CAnimBlendAssociation,SyncAnimation,0x004CEB40,1,0,S
CAnimBlendAssociation,UpdateBlend,0x004D1490,1,0,S
CAnimBlendAssociation,UpdateTime,0x004D13D0,1,0,S
CAnimBlendAssociation,UpdateTimeStep,0x004D13A0,1,0,S
CAnimBlendAssocGroup,Constructor,0x004CDE70,1,0,S
CAnimBlendAssocGroup,CopyAnimation-AnimationId,0x004CE130,1,0,S
CAnimBlendAssocGroup,CopyAnimation-Name,0x004CE0B0,1,0,S
CAnimBlendAssocGroup,CreateAssociations-1,0x004CE220,1,0,S
CAnimBlendAssocGroup,CreateAssociations-2,0x004CE6E0,1,0,S
CAnimBlendAssocGroup,CreateAssociations-3,0x004CE3B0,1,0,S
CAnimBlendAssocGroup,DestroyAssociations,0x004CDFF0,1,0,S
CAnimBlendAssocGroup,Destructor,0x004CE1D0,1,0,S
CAnimBlendAssocGroup,GetAnimBlock,0x0045B060,1,0,S
CAnimBlendAssocGroup,GetAnimation-AnimationId,0x004CE090,1,0,S
CAnimBlendAssocGroup,GetAnimation-Name,0x004CE040,1,0,S
CAnimBlendAssocGroup,GetAnimationId,0x004CE1B0,1,0,S
CAnimBlendAssocGroup,GetNumAnimations,0x0045B050,1,0,S
CAnimBlendAssocGroup,InitEmptyAssociations,0x004CDFB0,1,0,S
CAnimBlendAssocGroup,IsCreated,0x004D37A0,1,0,S
Interior_c,AddGotoPt,0x00591D20,0,1,S
Interior_c,AddInteriorInfo,0x00591E40,0,1,S
Interior_c,AddPickups,0x00591F90,0,1,S
Interior_c,Bedroom_AddTableItem,0x00593F10,0,1,S
Interior_c,CalcExitPts,0x005924A0,0,1,S
Interior_c,CalcMatrix,0x005914D0,0,1,S
Interior_c,CheckTilesEmpty,0x00591680,0,1,S
Interior_c,Exit,0x00592230,0,1,S
Interior_c,FindBoundingBox,0x005922C0,0,1,S
Interior_c,FindEmptyTiles,0x00591C50,0,1,S
Interior_c,Furnish,0x00591590,0,1,S
Interior_c,FurnishBedroom,0x00593FC0,0,1,S
Interior_c,FurnishKitchen,0x005970B0,0,1,S
Interior_c,FurnishLounge,0x00597740,0,1,S
Interior_c,FurnishOffice,0x00599AF0,0,1,S
Interior_c,FurnishShop,0x0059A790,0,1,S
Interior_c,GetBoundingBox,0x00593DB0,0,1,S
Interior_c,GetFurnitureEntity,0x005913B0,0,1,S
Interior_c,GetNumEmptyTiles,0x00591920,0,1,S
Interior_c,GetRandomTile,0x00591B20,0,1,S
Interior_c,GetTileCentre,0x00591BD0,0,1,S
Interior_c,GetTileStatus,0x005918E0,0,1,S
Interior_c,Init,0x00593BF0,0,1,S
Interior_c,IsPtInside,0x005913E0,0,1,S
Interior_c,IsVisible,0x005929F0,0,1,S
Interior_c,Kitchen_FurnishEdges,0x00596930,0,1,S
Interior_c,Lounge_AddChairInfo,0x005974E0,0,1,S
Interior_c,Lounge_AddHifi,0x00597430,0,1,S
Interior_c,Lounge_AddSofaInfo,0x005975C0,0,1,S
Interior_c,Lounge_AddTV,0x00597240,0,1,S
Interior_c,Office_FurnishCenter,0x00599A30,0,1,S
Interior_c,Office_FurnishEdges,0x00599770,0,1,S
Interior_c,Office_PlaceDesk,0x005993E0,0,1,S
Interior_c,Office_PlaceDeskQuad,0x00599960,0,1,S
Interior_c,Office_PlaceEdgeDesks,0x005995B0,0,1,S
Interior_c,Office_PlaceEdgeFillers,0x00599210,0,1,S
Interior_c,PlaceFurniture,0x00592AA0,0,1,S
Interior_c,PlaceFurnitureInCorner,0x00593340,0,1,S
Interior_c,PlaceFurnitureOnWall,0x00593120,0,1,S
Interior_c,PlaceObject,0x005934E0,0,1,S
Interior_c,ResetTiles,0x00593910,0,1,S
Interior_c,SetCornerTiles,0x005917C0,0,1,S
Interior_c,SetTilesStatus,0x00591700,0,1,S
Interior_c,Shop_AddShelfInfo,0x0059A140,0,1,S
Interior_c,Shop_FurnishAisles,0x0059A590,0,1,S
Interior_c,Shop_FurnishCeiling,0x0059A130,0,1,S
Interior_c,Shop_FurnishEdges,0x0059A1B0,0,1,S
Interior_c,Shop_Place3PieceUnit,0x00599BB0,0,1,S
Interior_c,Shop_PlaceCounter,0x00599EF0,0,1,S
Interior_c,Shop_PlaceEdgeUnits,0x00599DC0,0,1,S
Interior_c,Shop_PlaceFixedUnits,0x0059A030,0,1,S
Interior_c,Unfurnish,0x005915D0,0,1,S
InteriorManager_c,ActivatePeds,0x00598080,1,0,S
InteriorManager_c,AddSameGroupEffectInfos,0x00598430,1,0,S
InteriorManager_c,AreAnimsLoaded,0x005980F0,1,0,S
InteriorManager_c,Exit,0x00598010,1,0,S
InteriorManager_c,FindStealableObjectId-1,0x00598360,1,0,S
InteriorManager_c,FindStealableObjectId-2,0x005982F0,1,0,S
InteriorManager_c,GetBoundingBox,0x00598090,1,0,S
InteriorManager_c,GetInteriorFromPool,0x005984A0,1,0,S
InteriorManager_c,GetPedsInterior,0x00598620,1,0,S
InteriorManager_c,GetPedsInteriorGroup,0x00598240,1,0,S
InteriorManager_c,GetVectorsInterior,0x005983D0,1,0,S
InteriorManager_c,GetVisibleEffects,0x00598D80,1,0,S
InteriorManager_c,HasInteriorHadStealDataSetup,0x005982B0,1,0,S
InteriorManager_c,Init,0x005C0500,1,0,S
InteriorManager_c,IsGroupActive,0x00598280,1,0,S
InteriorManager_c,IsInteriorEffectVisible,0x00598690,1,0,S
InteriorManager_c,PruneVisibleEffects,0x00598A60,1,0,S
InteriorManager_c,ReturnInteriorToPool,0x005984B0,1,0,S
InteriorManager_c,SetEntryExitPtr,0x00598180,1,0,S
InteriorManager_c,SetStealableObjectStolen,0x00598390,1,0,S
InteriorManager_c,Update,0x00598F50,1,0,S
InteriorGroup_c,AddInterior,0x00594840,0,1,S
InteriorGroup_c,ArePathsLoaded,0x00595380,0,1,S
InteriorGroup_c,CalcIsVisible,0x00595200,0,1,S
InteriorGroup_c,ContainsInteriorType,0x00595250,0,1,S
InteriorGroup_c,DereferenceAnims,0x00595160,1,0,S
InteriorGroup_c,Exit,0x00595290,0,1,S
InteriorGroup_c,FindClosestInteriorInfo,0x00594A50,0,1,S
InteriorGroup_c,FindInteriorInfo,0x00594970,0,1,S
InteriorGroup_c,GetEntity,0x00594BD0,0,1,S
InteriorGroup_c,GetNumInteriorInfos,0x00594920,0,1,S
InteriorGroup_c,GetPed,0x00594B90,0,1,S
InteriorGroup_c,GetRandomInterior,0x005948C0,0,1,S
InteriorGroup_c,Init,0x005947E0,0,1,S
InteriorGroup_c,ReferenceAnims,0x005950D0,1,0,S
InteriorGroup_c,RemovePed,0x00594E30,0,1,S
InteriorGroup_c,Setup,0x00595320,0,1,S
InteriorGroup_c,SetupHousePeds,0x005965E0,0,1,S
InteriorGroup_c,SetupOfficePeds,0x00594BF0,0,1,S
InteriorGroup_c,SetupPaths,0x00595590,0,1,S
InteriorGroup_c,SetupPeds,0x00596890,0,1,S
InteriorGroup_c,SetupShopPeds,0x00594C10,0,1,S
InteriorGroup_c,Update,0x005968E0,0,1,S
InteriorGroup_c,UpdateOfficePeds,0x00594E90,0,1,S
InteriorGroup_c,UpdatePeds,0x00596830,0,1,S
FurnitureSubGroup_c,AddFurniture,0x005C00C0,0,1,S
FurnitureSubGroup_c,GetFurniture,0x00590EE0,0,1,S
FurnitureSubGroup_c,GetRandomId,0x00590FD0,0,1,S
FurnitureManager_c,Exit,0x005911A0,1,0,S
FurnitureManager_c,GetFurniture,0x005911E0,1,0,S
FurnitureManager_c,GetGroupId,0x005BFB40,1,0,S
FurnitureManager_c,GetRandomId,0x00591220,1,0,S
FurnitureManager_c,GetSubGroupId,0x005BFBF0,1,0,S
FurnitureManager_c,Init,0x005C04A0,1,0,S
FurnitureManager_c,LoadFurniture,0x005C0280,1,0,S
FurnitureGroup_c,AddFurniture,0x005C0230,1,0,S
FurnitureGroup_c,AddSubGroup,0x005910E0,1,0,S
FurnitureGroup_c,Exit,0x005910B0,1,0,S
FurnitureGroup_c,GetFurniture,0x00591130,1,0,S
FurnitureGroup_c,GetRandomId,0x00591170,1,0,S
FurnitureGroup_c,Init,0x005910A0,1,0,S
CStaticShadow,Free,0x00707670,1,0,S
CShadows,AddPermanentShadow,0x00706F60,0,1,S
CShadows,AffectColourWithLighting,0x00707850,1,0,S
CShadows,CalcPedShadowValues,0x007076C0,1,0,S
CShadows,CastPlayerShadowSectorList<CPtrListSingleLink<CPhysical*>>,0x0070A470,1,0,S
CShadows,CastRealTimeShadowSectorList<CPtrListSingleLink<CPhysical*>>,0x0070A7E0,0,1,S
CShadows,CastShadowEntityXY,0x007086B0,0,1,S
CShadows,CastShadowEntityXYZ,0x0070A040,0,1,S
CShadows,CastShadowSectorList<CPtrListSingleLink<CPhysical*>>,0x0070A630,0,1,S
CShadows,GeneratePolysForStaticShadow,0x0070B730,0,1,S
CShadows,GunShotSetsOilOnFire,0x00707550,1,0,S
CShadows,Init,0x00706CD0,1,0,S
CShadows,PrintDebugPoly,0x007076B0,1,0,S
CShadows,RemoveOilInArea,0x007074F0,1,0,S
CShadows,RenderExtraPlayerShadows,0x00707FA0,1,0,S
CShadows,RenderIndicatorShadow,0x0070CCB0,1,0,S
CShadows,RenderStaticShadows,0x00708300,1,0,S
CShadows,RenderStoredShadows,0x0070A960,1,0,S
CShadows,SetRenderModeForShadowType,0x00707460,1,0,S
CShadows,ShadowRenderTriangleCB,0x00709CF0,0,1,S
CShadows,Shutdown,0x00706ED0,1,0,S
CShadows,StoreCarLightShadow,0x0070C500,1,0,S
CShadows,StoreRealTimeShadow,0x00707CA0,1,0,S
CShadows,StoreShadowForPedObject,0x00707B40,1,0,S
CShadows,StoreShadowForPole,0x0070C750,1,0,S
CShadows,StoreShadowForVehicle,0x0070BDA0,0,1,S
CShadows,StoreShadowToBeRendered-Texture,0x00707390,1,0,S
CShadows,StoreShadowToBeRendered-Type,0x00707930,1,0,S
CShadows,StoreStaticShadow,0x0070BA00,0,1,S
CShadows,TidyUpShadows,0x00707770,1,0,S
CShadows,UpdatePermanentShadows,0x0070C950,0,1,S
CShadows,UpdateStaticShadows,0x00707F40,1,0,S
CShadowCamera,Constructor,0x007053F0,1,0,S
CShadowCamera,Create,0x00705B60,1,0,S
CShadowCamera,Destroy,0x00705400,1,0,S
CShadowCamera,Destructor,0x00705B50,1,0,S
CShadowCamera,DrawBlurryRaster2,0x00706330,1,0,S
CShadowCamera,DrawOutlineBorder,0x00705790,1,0,S
CShadowCamera,GetRwRenderRaster,0x00705770,1,0,S
CShadowCamera,GetRwRenderTexture,0x00705780,1,0,S
CShadowCamera,Im2DRenderQuad,0x00705A20,1,0,S
CShadowCamera,InvertRaster,0x00705660,1,0,S
CShadowCamera,MakeGradientRaster,0x00705D20,1,0,S
CShadowCamera,RasterBlur,0x00706170,1,0,S
CShadowCamera,RasterResample,0x00706070,1,0,S
CShadowCamera,SetCenter,0x00705590,1,0,S
CShadowCamera,SetFrustum,0x007054C0,1,0,S
CShadowCamera,SetLight,0x00705520,1,0,S
CShadowCamera,Update-Atomic,0x00705C80,1,0,S
CShadowCamera,Update-Clump,0x00705BF0,1,0,S
CShadowCamera,atomicQuickRender,0x00705620,1,0,S
CRealTimeShadowManager,DoShadowThisFrame,0x00706BA0,1,0,S
CRealTimeShadowManager,Exit,0x00706A60,1,0,S
CRealTimeShadowManager,GetRealTimeShadow,0x00706970,0,1,S
CRealTimeShadowManager,Init,0x007067C0,1,0,S
CRealTimeShadowManager,ReInit,0x00706870,0,1,S
CRealTimeShadowManager,ReturnRealTimeShadow,0x00705B30,1,0,S
CRealTimeShadowManager,Update,0x00706AB0,1,0,S
CRealTimeShadow,Constructor,0x00706410,1,0,S
CRealTimeShadow,Create,0x00706460,1,0,S
CRealTimeShadow,Destroy,0x00705990,1,0,S
CRealTimeShadow,Destructor,0x00706440,1,0,S
CRealTimeShadow,DrawBorderAroundTexture,0x00705A00,1,0,S
CRealTimeShadow,GetShadowRwTexture,0x007059F0,1,0,S
CRealTimeShadow,SetLightProperties,0x00705900,1,0,S
CRealTimeShadow,Update,0x00706600,1,0,S
CTheScripts,AddScriptCheckpoint,0x004935A0,1,0,S
CTheScripts,AddScriptEffectSystem,0x00492F90,1,0,S
CTheScripts,AddScriptSearchLight,0x00493000,1,0,S
CTheScripts,AddScriptSphere,0x00483B30,1,0,S
CTheScripts,AddToBuildingSwapArray,0x00481140,1,0,S
CTheScripts,AddToInvisibilitySwapArray,0x00481200,1,0,S
CTheScripts,AddToListOfConnectedLodObjects,0x00470980,1,0,S
CTheScripts,AddToListOfSpecialAnimGroupsAttachedToCharModels,0x00474750,1,0,S
CTheScripts,AddToSwitchJumpTable,0x00470390,1,0,S
CTheScripts,AddToVehicleModelsBlockedByScript,0x0046B200,1,0,S
CTheScripts,AddToWaitingForScriptBrainArray,0x0046AB60,1,0,S
CTheScripts,AttachSearchlightToSearchlightObject,0x004934F0,1,0,S
CTheScripts,CheckStreamedScriptVersion,0x00464FF0,1,0,S
CTheScripts,CleanUpThisObject,0x004866C0,1,0,S
CTheScripts,CleanUpThisPed,0x00486300,1,0,S
CTheScripts,CleanUpThisVehicle,0x00486670,1,0,S
CTheScripts,ClearAllSuppressedCarModels,0x0046A7C0,1,0,S
CTheScripts,ClearAllVehicleModelsBlockedByScript,0x0046A840,1,0,S
CTheScripts,ClearSpaceForMissionEntity,0x00486B00,1,0,S
CTheScripts,DoScriptSetupAfterPoolsHaveLoaded,0x005D3390,1,0,S
CTheScripts,DrawDebugAngledSquare,0x00486990,1,0,S
CTheScripts,DrawDebugSquare-,0x00486840,1,0,S
CTheScripts,DrawScriptSpheres,0x004810E0,1,0,S
CTheScripts,DrawScriptSpritesAndRectangles,0x00464980,1,0,S
CTheScripts,GetActualScriptThingIndex,0x004839A0,1,0,S
CTheScripts,GetNewUniqueScriptThingIndex,0x00483720,1,0,S
CTheScripts,GetScriptIndexFromPointer,0x00464D20,1,0,S
CTheScripts,GetUniqueScriptThingIndex,0x004810C0,1,0,S
CTheScripts,HasCarModelBeenSuppressed,0x0046A810,1,0,S
CTheScripts,HasVehicleModelBeenBlockedByScript,0x0046A890,1,0,S
CTheScripts,HighlightImportantAngledArea,0x00485EF0,1,0,S
CTheScripts,HighlightImportantArea-,0x00485E00,1,0,S
CTheScripts,Init,0x00468D50,1,0,S
CTheScripts,InitialiseAllConnectLodObjects,0x00470960,1,0,S
CTheScripts,InitialiseConnectLodObjects,0x00470940,1,0,S
CTheScripts,InitialiseSpecialAnimGroup,0x00474710,1,0,S
CTheScripts,InitialiseSpecialAnimGroupsAttachedToCharModels,0x00474730,1,0,S
CTheScripts,IsPedStopped,0x00486110,1,0,S
CTheScripts,IsPlayerOnAMission,0x00464D50,1,0,S
CTheScripts,IsVehicleStopped,0x004861F0,1,0,S
CTheScripts,Load,0x005D4FD0,1,0,S
CTheScripts,PrintListSizes,0x004646D0,1,0,S
CTheScripts,Process,0x0046A000,1,0,S
CTheScripts,ProcessAllSearchLights,0x004939F0,1,0,S
CTheScripts,ProcessWaitingForScriptBrainArray,0x0046CF00,1,0,S
CTheScripts,ReadMultiScriptFileOffsetsFromScript,0x004867C0,1,0,S
CTheScripts,ReadObjectNamesFromScript,0x00486720,1,0,S
CTheScripts,ReinitialiseSwitchStatementData,0x00470370,1,0,S
CTheScripts,RemoveFromWaitingForScriptBrainArray,0x0046ABC0,1,0,S
CTheScripts,RemoveScriptCheckpoint,0x004936C0,1,0,S
CTheScripts,RemoveScriptEffectSystem,0x00492FD0,1,0,S
CTheScripts,RemoveScriptSearchLight,0x00493160,1,0,S
CTheScripts,RemoveScriptSphere,0x00483BA0,1,0,S
CTheScripts,RemoveScriptTextureDictionary,0x00465A40,1,0,S
CTheScripts,RemoveThisPed,0x00486240,1,0,S
CTheScripts,RenderAllSearchLights,0x00493E30,1,0,S
CTheScripts,Save,0x005D4C40,1,0,S
CTheScripts,ScriptAttachAnimGroupToCharModel,0x00474800,1,0,S
CTheScripts,ScriptConnectLodsFunction,0x00470A20,1,0,S
CTheScripts,ScriptDebugCircle2D,0x00485C20,1,0,S
CTheScripts,ScriptDebugLine3D,0x00485DE0,1,0,S
CTheScripts,StartNewScript-indexed,0x00464C90,1,0,S
CTheScripts,StartNewScript-last-idle,0x00464C20,1,0,S
CTheScripts,StartTestScript,0x00464D40,1,0,S
CTheScripts,UndoBuildingSwaps,0x00481290,1,0,S
CTheScripts,UndoEntityInvisibilitySettings,0x004812D0,1,0,S
CTheScripts,UpdateObjectIndices,0x00486780,1,0,S
CTheScripts,UseSwitchJumpTable,0x004703C0,1,0,S
CTheScripts,WipeLocalVariableMemoryForMissionScript,0x00464BB0,1,0,S
CStreamedScripts,FindStreamedScript,0x00470740,1,0,S
CStreamedScripts,FindStreamedScriptQuiet,0x004706F0,1,0,S
CStreamedScripts,GetProperIndexFromIndexUsedByScript,0x00470810,1,0,S
CStreamedScripts,GetStreamedScriptFilename,0x00470900,1,0,S
CStreamedScripts,GetStreamedScriptWithThisStartAddress,0x00470910,1,0,S
CStreamedScripts,Initialise,0x00470660,1,0,S
CStreamedScripts,LoadStreamedScript,0x00470840,1,0,S
CStreamedScripts,ReInitialise,0x004706A0,1,0,S
CStreamedScripts,ReadStreamedScriptData,0x00470750,1,0,S
CStreamedScripts,RegisterScript,0x004706C0,1,0,S
CStreamedScripts,RemoveStreamedScriptFromMemory,0x004708E0,1,0,S
CStreamedScripts,StartNewStreamedScript,0x00470890,1,0,S
CScripted2dEffects,AddScripted2DEffect,0x006FA7C0,1,0,S
CScripted2dEffects,GetEffectPairs,0x006FA840,1,0,S
CScripted2dEffects,GetIndex,0x006F9F60,1,0,S
CScripted2dEffects,Init,0x006FA6F0,0,1,S
CScripted2dEffects,ReturnScripted2DEffect,0x006F9E80,1,0,S
CScriptResourceManager,AddToResourceManager,0x004704B0,0,1,S
CScriptResourceManager,HasResourceBeenRequested,0x00470620,0,1,S
CScriptResourceManager,Initialise,0x00470480,1,0,S
CScriptResourceManager,RemoveFromResourceManager,0x00470510,0,1,S
CRunningScript,AddScriptToList,0x00464C00,1,0,S
CRunningScript,CarInAreaCheckCommand,0x00488EC0,0,1,S
CRunningScript,CharInAngledAreaCheckCommand,0x00487F60,0,1,S
CRunningScript,CharInAreaCheckCommand,0x00488B50,0,1,S
CRunningScript,CollectNextParameterWithoutIncreasingPC,0x00464250,1,0,S
CRunningScript,CollectParameters,0x00464080,1,0,S
CRunningScript,DoDeathArrestCheck,0x00485A50,1,0,S
CRunningScript,FlameInAngledAreaCheckCommand,0x00488780,0,1,S
CRunningScript,GetCorrectPedModelIndexForEmergencyServiceType,0x00464F50,1,0,S
CRunningScript,GetIndexOfGlobalVariable,0x00464700,1,0,S
CRunningScript,GetPadState,0x00485B10,1,0,S
CRunningScript,GetPointerToLocalArrayElement,0x00463CC0,1,0,S
CRunningScript,GetPointerToLocalVariable,0x00463CA0,1,0,S
CRunningScript,GetPointerToScriptVariable,0x00464790,1,0,S
CRunningScript,GivePedScriptedTask-OG,0x00465C20,1,0,S
CRunningScript,Init,0x004648E0,1,0,S
CRunningScript,IsPedDead,0x00464D70,1,0,S
CRunningScript,LocateCarCommand,0x00487A20,0,1,S
CRunningScript,LocateCharCarCommand,0x00487420,0,1,S
CRunningScript,LocateCharCharCommand,0x004870F0,0,1,S
CRunningScript,LocateCharCommand,0x00486D80,0,1,S
CRunningScript,LocateCharObjectCommand,0x00487720,0,1,S
CRunningScript,LocateObjectCommand,0x00487D10,0,1,S
CRunningScript,ObjectInAngledAreaCheckCommand,0x004883F0,0,1,S
CRunningScript,ObjectInAreaCheckCommand,0x00489150,0,1,S
CRunningScript,PlayAnimScriptCommand,0x00470150,0,1,S
CRunningScript,Process,0x00469F00,1,0,S
CRunningScript,ProcessOneCommand,0x00469EB0,1,0,S
CRunningScript,ReadArrayInformation,0x00463CF0,1,0,S
CRunningScript,ReadParametersForNewlyStartedScript,0x00464500,1,0,S
CRunningScript,ReadTextLabelFromScript,0x00463D50,1,0,S
CRunningScript,RemoveScriptFromList,0x00464BD0,1,0,S
CRunningScript,ScriptTaskPickUpObject,0x0046AF50,0,1,S
CRunningScript,SetCharCoordinates,0x00464DC0,1,0,S
CRunningScript,ShutdownThisScript,0x00465AA0,0,1,S
CRunningScript,StoreParameters,0x00464370,1,0,S
CRunningScript,ThisIsAValidRandomPed,0x00489490,1,0,S
CRunningScript,UpdateCompareFlag,0x004859D0,1,0,S
CRunningScript,UpdatePC,0x00464DA0,1,0,S
VideoPlayer,OnGraphNotify,0x00745FB0,1,0,S
VideoPlayer,Play,0x00747660,1,0,S
VideoPlayer,Release,0x00746740,1,0,S
VideoPlayer,Shutdown,0x007467B0,1,0,S
VideoPlayer,UpdateWindow,0x007466D0,1,0,S
VideoPlayer,WaitState,0x00745F90,1,0,S
Light,ActivateDirectional,0x00735C80,1,0,S
Light,AddAnExtraDirectionalLight,0x00735840,1,0,S
Light,DeActivateDirectional,0x00735C70,1,0,S
Light,GetDayNightBalance,0x006FAB30,1,0,S
Light,LightsCreate,0x005BA520,1,0,S
Light,LightsDestroy,0x00735730,1,0,S
Light,LightsEnable,0x00735720,1,0,S
Light,ReSetAmbientAndDirectionalColours,0x00735C40,1,0,S
Light,RemoveExtraDirectionalLights,0x007359E0,1,0,S
Light,RestoreLightsForInfraredVisionHeatObjects,0x00735EF0,1,0,S
Light,SetAmbientAndDirectionalColours,0x00735A20,1,0,S
Light,SetAmbientColours-color,0x00735D50,1,0,S
Light,SetAmbientColours-void,0x00735D30,1,0,S
Light,SetAmbientColoursToIndicateRoadGroup,0x00735C90,1,0,S
Light,SetBrightMarkerColours,0x00735BD0,1,0,S
Light,SetDirectionalColours,0x00735D70,1,0,S
Light,SetFlashyColours,0x00735AB0,1,0,S
Light,SetFlashyColours_Mild,0x00735B40,1,0,S
Light,SetFullAmbient,0x00735D10,1,0,S
Light,SetLightColoursForPedsCarsAndObjects,0x00735D90,1,0,S
Light,SetLightsForInfraredVisionDefaultObjects,0x00735F20,1,0,S
Light,SetLightsForInfraredVisionHeatObjects,0x00735E40,1,0,S
Light,SetLightsForNightVision,0x00735F70,1,0,S
Light,SetLightsWithTimeOfDayColour,0x007354E0,1,0,S
Light,StoreAndSetLightsForInfraredVisionHeatObjects,0x00735E70,1,0,S
Light,WorldReplaceNormalLightsWithScorched,0x007357E0,1,0,S
Light,WorldReplaceScorchedLightsWithNormal,0x00735820,1,0,S
Input,AttachInputDevices,0x00744A20,1,0,S
Input,HandleKeyDown,0x00743DF0,1,0,S
Input,HandleKeyUp,0x007443C0,1,0,S
Input,KeyboardHandler,0x00744880,1,0,S
Input,PadHandler,0x007449F0,1,0,S
Game,FrontendIdle,0x0053E770,1,1,S
Game,GameInit,0x005BF3B0,1,0,S
Game,Idle,0x0053E920,1,1,S
Game,InitialiseGame,0x0053E580,1,0,S
Game,Render2dStuff,0x0053E230,1,1,S
Game,RenderDebugShit,0x0053E160,1,0,S
Game,RenderEffects,0x0053E170,1,0,S
Game,RenderMenus,0x0053E530,1,0,S
Game,RenderScene,0x0053DF40,1,0,S
Game,RwInitialize,0x005BF390,1,0,S
Game,RwTerminate,0x0053D910,1,0,S
Game,TheGame,0x0053DF10,1,0,S
App,AppEventHandler,0x0053EC10,1,0,S
App,DefinedState,0x00734650,1,0,S
App,DefinedState2d,0x00734750,1,0,S
App,DoRWStuffEndOfFrame,0x0053D840,1,0,S
App,DoRWStuffStartOfFrame,0x0053D690,1,0,S
App,DoRWStuffStartOfFrame_Horizon,0x0053D7A0,1,0,S
App,PluginAttach,0x0053D870,1,0,S
CText,Constructor,0x006A00F0,1,0,S
CText,Destructor,0x006A0140,1,0,S
CText,Get,0x006A0050,1,0,S
CText,GetNameOfLoadedMissionText,0x0069FBD0,1,0,S
CText,Load,0x006A01A0,1,0,S
CText,LoadMissionPackText,0x0069F9A0,1,0,S
CText,LoadMissionText,0x0069FBF0,1,0,S
CText,ReadChunkHeader,0x0069F940,1,0,S
CText,Unload,0x0069FF20,1,0,S
CMissionTextOffsets,Load,0x0069F670,1,0,S
CKeyArray,BinarySearch,0x0069F570,1,0,S
CKeyArray,Load,0x0069F490,1,0,S
CKeyArray,Search,0x006A0000,1,0,S
CKeyArray,Unload,0x0069F510,1,0,S
CData,Load,0x0069F5D0,1,0,S
CData,Unload,0x0069F640,1,0,S
Win,GTATranslateKey,0x00747820,1,0,S
Win,GTATranslateShiftKey,0x00747CD0,1,0,S
Win,IsAlreadyRunning,0x007468E0,1,0,S
Win,IsForegroundApp,0x00746060,1,0,S
Win,MessageLoop,0x00746870,1,1,S
Win,NOTSA_WinMain,0x00748710,1,1,S
Ps,CheckDirectSound,0x00745840,1,0,S
Ps,GetVideoMemInfo,0x007455E0,1,0,S
Ps,InitialiseLanguage,0x007465B0,1,0,S
Ps,psAlwaysOnTop,0x007458B0,1,0,S
Ps,psCameraBeginUpdate,0x00745210,1,0,S
Ps,psCameraShowRaster,0x00745240,1,0,S
Ps,psDebugMessageHandler,0x00745540,1,0,S
Ps,psErrorMessage,0x007451D0,1,0,S
Ps,psGrabScreen,0x007452B0,1,0,S
Ps,psInitialize,0x00747420,1,1,S
Ps,psInstallFileSystem,0x00745520,1,0,S
Ps,psMouseSetPos,0x007453F0,1,0,S
Ps,psMouseSetVisibility,0x007453E0,1,0,S
Ps,psNativeTextureSupport,0x00745530,1,0,S
Ps,psPathGetSeparator,0x00745500,1,0,S
Ps,psPathnameCreate,0x00745470,1,0,S
Ps,psPathnameDestroy,0x007454E0,1,0,S
Ps,psSelectDevice,0x00746190,1,0,S
Ps,psTerminate,0x007458A0,1,1,S
Ps,psTimer,0x00745270,1,0,S
Ps,psWarningMessage,0x007451F0,1,0,S
Ps,psWindowSetText,0x007451B0,1,0,S
CCustomCarEnvMapPipeline,AllocEnvMapPipeAtomicData,0x005D96F0,1,0,S
CCustomCarEnvMapPipeline,CreateCustomObjPipe,0x005D9F80,1,0,S
CCustomCarEnvMapPipeline,CreatePipe,0x005DA020,1,0,S
CCustomCarEnvMapPipeline,CustomPipeAtomicSetup,0x005DA610,1,0,S
CCustomCarEnvMapPipeline,CustomPipeInstanceCB,0x005D8490,1,0,S
CCustomCarEnvMapPipeline,CustomPipeMaterialSetup,0x005DA560,1,0,S
CCustomCarEnvMapPipeline,CustomPipeRenderCB,0x005D9900,1,0,S
CCustomCarEnvMapPipeline,DestroyPipe,0x005DA130,1,0,S
CCustomCarEnvMapPipeline,GetFxEnvScaleX,0x005D6F90,1,0,S
CCustomCarEnvMapPipeline,GetFxEnvScaleY,0x005D6FC0,1,0,S
CCustomCarEnvMapPipeline,GetFxEnvShininess,0x005D8AD0,1,0,S
CCustomCarEnvMapPipeline,GetFxEnvTransSclX,0x005D7040,1,0,S
CCustomCarEnvMapPipeline,GetFxEnvTransSclY,0x005D7070,1,0,S
CCustomCarEnvMapPipeline,GetFxSpecSpecularity,0x005D8B90,1,0,S
CCustomCarEnvMapPipeline,GetFxSpecTexture,0x005D8B50,1,0,S
CCustomCarEnvMapPipeline,PreRenderUpdate,0x005D8870,1,0,S
CCustomCarEnvMapPipeline,RegisterPlugin,0x005DA450,1,0,S
CCustomCarEnvMapPipeline,SetCustomEnvMapPipeMaterialDataDefaults,0x005D8BB0,1,0,S
CCustomCarEnvMapPipeline,SetFxEnvScale,0x005D6F40,1,0,S
CCustomCarEnvMapPipeline,SetFxEnvShininess,0x005D70A0,1,0,S
CCustomCarEnvMapPipeline,SetFxEnvTexture,0x005DA230,1,0,S
CCustomCarEnvMapPipeline,SetFxEnvTransScl,0x005D6FF0,1,0,S
CCustomCarEnvMapPipeline,pluginEnvAtmConstructorCB,0x005D8D30,1,0,S
CCustomCarEnvMapPipeline,pluginEnvAtmCopyConstructorCB,0x005D9780,1,0,S
CCustomCarEnvMapPipeline,pluginEnvAtmDestructorCB,0x005D9730,1,0,S
CCustomCarEnvMapPipeline,pluginEnvMatConstructorCB,0x005D8BD0,1,0,S
CCustomCarEnvMapPipeline,pluginEnvMatCopyConstructorCB,0x005D9600,1,0,S
CCustomCarEnvMapPipeline,pluginEnvMatDestructorCB,0x005D95B0,1,0,S
CCustomCarEnvMapPipeline,pluginEnvMatStreamGetSizeCB,0x005D8D10,1,0,S
CCustomCarEnvMapPipeline,pluginEnvMatStreamReadCB,0x005D9660,1,0,S
CCustomCarEnvMapPipeline,pluginEnvMatStreamWriteCB,0x005D8CD0,1,0,S
CCustomCarEnvMapPipeline,pluginSpecMatConstructorCB,0x005D8D40,1,0,S
CCustomCarEnvMapPipeline,pluginSpecMatCopyConstructorCB,0x005D9830,1,0,S
CCustomCarEnvMapPipeline,pluginSpecMatDestructorCB,0x005D97D0,1,0,S
CCustomCarEnvMapPipeline,pluginSpecMatStreamGetSizeCB,0x005D8DD0,1,0,S
CCustomCarEnvMapPipeline,pluginSpecMatStreamReadCB,0x005D9880,1,0,S
CCustomCarEnvMapPipeline,pluginSpecMatStreamWriteCB,0x005D8D60,1,0,S
CCustomBuildingDNPipeline,CreateCustomObjPipe,0x005D6750,1,0,S
CCustomBuildingDNPipeline,CreatePipe,0x005D7100,1,0,S
CCustomBuildingDNPipeline,CustomPipeAtomicSetup,0x005D71C0,1,0,S
CCustomBuildingDNPipeline,DestroyPipe,0x005D5FA0,1,0,S
CCustomBuildingDNPipeline,ExtraVertColourPluginAttach,0x005D72E0,1,0,S
CCustomBuildingDNPipeline,NVCPipelineProcess,0x005D6850,1,0,S
CCustomBuildingDNPipeline,PreRenderUpdate-Atomic,0x005D7200,1,0,S
CCustomBuildingDNPipeline,PreRenderUpdate-Clump,0x005D72C0,1,0,S
CCustomBuildingDNPipeline,SetFxEnvTexture,0x005D9570,1,0,S
CCustomBuildingDNPipeline,pluginExtraVertColourConstructorCB,0x005D6D10,1,0,S
CCustomBuildingDNPipeline,pluginExtraVertColourDestructorCB,0x005D6D30,1,0,S
CCustomBuildingDNPipeline,pluginExtraVertColourStreamGetSizeCB,0x005D6DC0,1,0,S
CCustomBuildingDNPipeline,pluginExtraVertColourStreamReadCB,0x005D6DE0,1,0,S
CCustomBuildingDNPipeline,pluginExtraVertColourStreamWriteCB,0x005D6D80,1,0,S
RwCore,RwCameraBeginUpdate,0x007EE190,1,0,S
RwCore,RwCameraClear,0x007EE340,1,0,S
RwCore,RwCameraEndUpdate,0x007EE180,1,0,S
RwCore,RwCameraShowRaster,0x007EE370,1,0,S
CDecisionMakerTypesFileLoader,GetGrpDMName,0x00600880,1,0,S
CDecisionMakerTypesFileLoader,GetPedDMName,0x00600860,1,0,S
CDecisionMakerTypesFileLoader,LoadDecisionMaker-enum,0x00607D30,1,0,S
CDecisionMakerTypesFileLoader,LoadDecisionMaker-ptr,0x006076B0,1,0,S
CDecisionMakerTypesFileLoader,LoadDefaultDecisionMaker,0x005BF400,1,0,S
CDecisionMakerTypesFileLoader,ReStart,0x00607D00,1,0,S
CDecisionMakerTypesFileLoader,UnloadDecisionMaker,0x00607A70,1,1,S
CConversations,AwkwardSay,0x0043A810,1,0,S
CConversations,Clear,0x0043A7B0,1,0,S
CConversations,DoneSettingUpConversation,0x0043ADB0,0,1,S
CConversations,EnableConversation,0x0043A7F0,1,0,S
CConversations,IsConversationAtNode,0x0043B000,1,0,S
CConversations,IsConversationGoingOn,0x0043AAC0,1,0,S
CConversations,IsPlayerInPositionForConversation,0x0043B0B0,1,0,S
CConversations,RemoveConversationForPed,0x0043A960,1,0,S
CConversations,SetUpConversationNode,0x0043A870,1,0,S
CConversations,StartSettingUpConversation,0x0043A840,1,0,S
CConversations,Update,0x0043C590,1,0,S
Common,AsciiToGxtChar,0x00718600,1,0,S
Common,CalcScreenCoors-VV,0x0071DAB0,1,0,S
Common,CalcScreenCoors-VVff,0x0071DA00,1,0,S
Common,DoesInfiniteLineTouchScreen,0x0071DB80,1,0,S
Common,IsPointInsideLine,0x0071E050,1,0,S
Common,LittleTest,0x00541330,1,0,S
Common,MakeUpperCase-,0x007186E0,1,0,S
Common,MakeUpperCase-in,0x00718710,1,0,S
Common,WriteRaster,0x005A4150,1,0,S
CCam,CacheLastSettingsDWCineyCam,0x0050D7A0,1,0,S
CCam,Constructor,0x00517730,1,0,S
CCam,DoCamBump,0x0050CB30,1,0,S
CCam,Finalise_DW_CineyCams,0x0050DD70,1,0,S
CCam,GetCoreDataForDWCineyCamMode,0x00517130,1,0,S
CCam,GetLookFromLampPostPos,0x005161A0,0,1,S
CCam,GetVectorsReadyForRW,0x00509CE0,1,0,S
CCam,Get_TwoPlayer_AimVector,0x00513E40,1,0,S
CCam,Init,0x0050E490,1,0,S
CCam,IsTimeToExitThisDWCineyCamMode,0x00517400,0,1,S
CCam,KeepTrackOfTheSpeed,0x00509DF0,0,1,S
CCam,LookBehind,0x00520690,0,1,S
CCam,LookRight,0x00520E40,0,1,S
CCam,Process,0x00526FC0,0,1,S
CCam,ProcessArrestCamOne,0x00518500,0,1,S
CCam,ProcessPedsDeadBaby,0x00519250,0,1,S
CCam,Process_1rstPersonPedOnPC,0x0050EB70,0,1,S
CCam,Process_1stPerson,0x00517EA0,1,0,S
CCam,Process_AimWeapon,0x00521500,0,1,S
CCam,Process_AttachedCam,0x00512B10,0,1,S
CCam,Process_Cam_TwoPlayer,0x00525E50,0,1,S
CCam,Process_Cam_TwoPlayer_InCarAndShooting,0x00519810,0,1,S
CCam,Process_Cam_TwoPlayer_Separate_Cars,0x00513510,0,1,S
CCam,Process_Cam_TwoPlayer_Separate_Cars_TopDown,0x00513BE0,1,0,S
CCam,Process_DW_BirdyCam,0x0051B850,0,1,S
CCam,Process_DW_CamManCam,0x0051B120,0,1,S
CCam,Process_DW_HeliChaseCam,0x0051A740,0,1,S
CCam,Process_DW_PlaneCam1,0x0051C760,0,1,S
CCam,Process_DW_PlaneCam2,0x0051CC30,0,1,S
CCam,Process_DW_PlaneCam3,0x0051D100,0,1,S
CCam,Process_DW_PlaneSpotterCam,0x0051C250,0,1,S
CCam,Process_Editor,0x0050F3F0,1,0,S
CCam,Process_Fixed,0x0051D470,1,0,S
CCam,Process_FlyBy,0x005B25F0,0,1,S
CCam,Process_FollowCar_SA,0x005245B0,0,1,S
CCam,Process_FollowPedWithMouse,0x0050F970,0,1,S
CCam,Process_FollowPed_SA,0x00522D40,0,1,S
CCam,Process_M16_1stPerson,0x005105C0,0,1,S
CCam,Process_Rocket,0x00511B50,1,0,S
CCam,Process_SpecialFixedForSyphon,0x00517500,0,1,S
CCam,Process_WheelCam,0x00512110,0,1,S
CCam,RotCamIfInFrontCar,0x0050A4F0,0,1,S
CCam,Using3rdPersonMouseCam,0x0050A850,0,1,S
CCam,WellBufferMe,0x00509AE0,1,0,S
CPedAttractorPedPlacer,PlacePedAtEffect,0x005EA390,1,0,S
CCarAI,AddAmbulanceOccupants,0x0041C4A0,1,0,S
CCarAI,AddFiretruckOccupants,0x0041C600,1,0,S
CCarAI,AddPoliceCarOccupants,0x0041C070,1,0,S
CCarAI,BackToCruisingIfNoWantedLevel,0x0041BFA0,1,0,S
CCarAI,CarHasReasonToStop,0x0041C050,1,0,S
CCarAI,EntitiesGoHeadOn,0x0041CD00,1,0,S
CCarAI,FindPoliceBikeMissionForWantedLevel,0x0041CA40,1,0,S
CCarAI,FindPoliceBoatMissionForWantedLevel,0x0041CA50,1,0,S
CCarAI,FindPoliceCarMissionForWantedLevel,0x0041C9D0,1,0,S
CCarAI,FindPoliceCarSpeedForWantedLevel,0x0041CAA0,1,0,S
CCarAI,FindSwitchDistanceClose,0x0041BF50,1,0,S
CCarAI,FindSwitchDistanceFar,0x0041BF70,1,0,S
CCarAI,GetCarToGoToCoors,0x0041CE30,1,0,S
CCarAI,GetCarToGoToCoorsAccurate,0x0041D0E0,1,0,S
CCarAI,GetCarToGoToCoorsRacing,0x0041D210,1,0,S
CCarAI,GetCarToGoToCoorsStraightLine,0x0041CFB0,1,0,S
CCarAI,GetCarToParkAtCoors,0x0041D350,1,0,S
CCarAI,MakeWayForCarWithSiren,0x0041D660,1,0,S
CCarAI,MellowOutChaseSpeed,0x0041D3D0,1,0,S
CCarAI,MellowOutChaseSpeedBoat,0x0041CB70,1,0,S
CCarAI,TellCarToBlockOtherCar,0x0041C900,1,0,S
CCarAI,TellCarToFollowOtherCar,0x0041C960,1,0,S
CCarAI,TellCarToRamOtherCar,0x0041C8A0,1,0,S
CCarAI,TellOccupantsToLeaveCar,0x0041C760,1,0,S
CCarAI,UpdateCarAI,0x0041DA30,1,0,S
CTaskSimpleCarFallOut,Clone,0x00000000,1,0,V
CTaskSimpleCarFallOut,Constructor,0x00648D60,1,0,S
CTaskSimpleCarFallOut,Destructor,0x00648DE0,1,0,S
CTaskSimpleCarFallOut,FinishAnimFallOutCB,0x00648EE0,1,0,S
CTaskSimpleCarFallOut,GetTaskType,0x00000000,1,0,V
CTaskSimpleCarFallOut,MakeAbortable,0x00000000,1,0,V
CTaskSimpleCarFallOut,ProcessPed,0x00000000,1,0,V
CTaskSimpleCarFallOut,SetPedPosition,0x00000000,1,0,V
CTaskSimpleCarFallOut,StartAnim,0x0064CCE0,1,0,S
